magnitude,earthquake_depth_km,distance_from_epicenter_km,road_length_m,blocked_proxy,road_type_residential,road_type_secondary,road_type_tertiary,oneway_reversible,oneway_yes
4.4,10,30.033430344012004,304.3644674463369,0,1,0,0,0,1
4.4,10,29.25686020171997,334.854817788776,0,1,0,0,0,0
4.4,10,29.27198349998015,695.8516143659663,0,1,0,0,0,0
4.4,10,29.883753113287742,226.0831687403952,0,1,0,0,0,0
4.4,10,29.17321510912715,334.38094831616,0,1,0,0,0,0
4.4,10,29.258248022932463,86.6409247887356,0,1,0,0,0,0
4.4,10,29.25550508702137,608.3779301232823,0,0,0,1,0,1
4.4,10,29.248892550168936,589.8412924082332,0,0,0,1,0,1
4.4,10,29.09667340950969,514.7967337502447,0,0,0,1,0,1
4.4,10,29.07965039546184,555.7214270657979,0,0,0,1,0,1
4.4,10,29.82566442282056,743.6237152385429,0,0,0,1,0,1
4.4,10,29.953100914014605,338.7799712436523,0,1,0,0,0,1
4.4,10,29.840189500299957,571.8688928984491,0,1,0,0,0,1
4.4,10,29.432012136162367,72.76175702414321,0,0,0,1,0,1
4.4,10,30.209790678971256,201.0233467237804,0,0,0,1,0,1
4.4,10,30.09973434791398,442.0969465199373,0,1,0,0,0,1
4.4,10,29.85568329445413,700.6289300491355,0,1,0,0,0,0
4.4,10,29.757450134393583,28.564072210688124,0,1,0,0,0,0
4.4,10,30.165354398443103,1013.4438244598526,0,0,0,1,0,1
4.4,10,30.167659568958523,470.8485188768407,0,1,0,0,0,0
4.4,10,30.177494865262307,134.88620542085744,0,1,0,0,0,1
4.4,10,30.1292652874597,325.8406889755462,0,1,0,0,0,0
4.4,10,30.327101326904973,33.81804707509349,0,0,0,1,0,1
4.4,10,30.327101326904973,27.0057110383233,0,0,0,1,0,1
4.4,10,30.345959040828987,184.29153958651577,0,1,0,0,0,1
4.4,10,30.22161162039107,243.0595011305093,0,1,0,0,0,1
4.4,10,30.226466630551105,230.65386808968407,0,1,0,0,0,1
4.4,10,30.046240151446508,156.15608943176431,0,1,0,0,0,0
4.4,10,29.960335182600208,208.9568677098557,0,1,0,0,0,0
4.4,10,30.19276630775694,102.40924283206056,0,1,0,0,0,0
4.4,10,30.108761686495143,136.60985299431258,0,1,0,0,0,0
4.4,10,30.17441431461253,134.76024459742771,0,1,0,0,0,1
4.4,10,30.00121545349172,65.8490246342879,0,1,0,0,0,0
4.4,10,30.084054105044896,83.4233461372355,0,1,0,0,0,0
4.4,10,30.074865737544343,112.34559459757868,0,1,0,0,0,0
4.4,10,30.279721887074096,241.731053853642,0,0,0,1,0,1
4.4,10,30.24317615949233,8.105233444637209,0,1,0,0,0,0
4.4,10,30.24173977214389,137.22749182080418,0,1,0,0,0,1
4.4,10,30.32070451093656,169.41216413864896,0,1,0,0,0,0
4.4,10,30.30826465665854,94.23118380122268,0,1,0,0,0,0
4.4,10,30.35211861826217,164.32873932173572,0,1,0,0,0,1
4.4,10,30.34349337511153,160.0583684431548,0,1,0,0,0,1
4.4,10,30.42028457624916,142.763226755689,0,1,0,0,0,0
4.4,10,30.370877676074564,209.3735917233021,0,1,0,0,0,0
4.4,10,30.20148934096762,353.13016841652404,0,1,0,0,0,0
4.4,10,29.60616454928391,122.80593668108776,0,1,0,0,0,0
4.4,10,29.732413696085537,96.24729301508408,0,1,0,0,0,1
4.4,10,29.819536247914478,94.71429113672994,0,1,0,0,0,1
4.4,10,29.39005686355661,230.15905157321723,0,0,0,1,0,1
4.4,10,29.3844816794998,246.36663905119497,0,0,0,1,0,1
4.4,10,29.351480717992096,17.187901695007383,0,0,0,1,0,1
4.4,10,29.3416423229872,12.523101903261429,0,0,0,1,0,1
4.4,10,29.70522099534439,86.18600799610255,0,1,0,0,0,0
4.4,10,29.78450361938535,111.81526598282282,0,1,0,0,0,0
4.4,10,29.73026743488216,102.24791152574556,0,1,0,0,0,1
4.4,10,29.792409435876007,108.7993696701492,0,1,0,0,0,0
4.4,10,29.75988171455265,108.61872264479398,0,1,0,0,0,0
4.4,10,29.77548365202106,331.7609611801652,0,1,0,0,0,1
4.4,10,29.857021667733186,48.50636524753127,0,1,0,0,0,0
4.4,10,29.8330606410502,50.18546022346658,0,1,0,0,0,0
4.4,10,29.37299942564144,52.749742125932485,0,0,0,1,0,1
4.4,10,29.379570594557325,52.7317141798262,0,0,0,1,0,1
4.4,10,29.438975890385574,72.39469187386604,0,0,0,1,0,1
4.4,10,29.819848155852306,88.11659928511604,0,1,0,0,0,1
4.4,10,29.863749915871782,54.68411069150906,0,1,0,0,0,1
4.4,10,29.87809991038739,24.89461266748181,0,1,0,0,0,0
4.4,10,29.819848155852306,86.93604510604756,0,1,0,0,0,1
4.4,10,29.73179217922737,104.02801580486924,0,1,0,0,0,1
4.4,10,29.789062383134603,55.00920909677474,0,1,0,0,0,0
4.4,10,29.84475875884068,13.050284527613348,0,1,0,0,0,0
4.4,10,29.78586545830621,63.90600267693989,0,1,0,0,0,0
4.4,10,29.635830278000004,133.1816455706609,0,1,0,0,0,1
4.4,10,29.822137909427894,183.96219818047825,0,1,0,0,0,1
4.4,10,29.851283948174974,11.96579179772858,0,1,0,0,0,0
4.4,10,29.84246660899212,33.57557703966273,0,1,0,0,0,1
4.4,10,29.795370664130992,54.61296433895083,0,1,0,0,0,1
4.4,10,29.680796083587698,110.6164239770453,0,1,0,0,0,0
4.4,10,29.745602763515706,99.7761516454042,0,1,0,0,0,1
4.4,10,29.73192099923632,243.4208776399183,0,1,0,0,0,1
4.4,10,29.76116600338992,94.29773220516972,0,1,0,0,0,1
4.4,10,29.70743405985548,53.489823586484725,0,1,0,0,0,1
4.4,10,29.776035090273265,310.4756827327067,0,1,0,0,0,1
4.4,10,29.78629034935565,75.95891824830728,0,1,0,0,0,0
4.4,10,29.70553520491329,116.70334921305054,0,1,0,0,0,1
4.4,10,29.707459954373448,116.63770651764392,0,1,0,0,0,1
4.4,10,29.647256454137988,10.158002496495769,0,1,0,0,0,0
4.4,10,29.67910728457739,104.10959827239115,0,1,0,0,0,0
4.4,10,29.344261584977748,10.980598599219263,0,0,0,1,0,1
4.4,10,29.348862963846173,11.5453558609021,0,0,0,1,0,1
4.4,10,29.895183549870485,225.56819313437435,0,1,0,0,0,0
4.4,10,29.91224041666138,226.58510146826856,0,1,0,0,0,0
4.4,10,30.02664758298257,220.89696614249047,0,1,0,0,0,0
4.4,10,29.84431108273542,247.68806370163884,0,1,0,0,0,0
4.4,10,30.023282676799933,247.8046554081185,0,1,0,0,0,0
4.4,10,29.96913601528636,245.43657173545955,0,1,0,0,0,0
4.4,10,29.89995681114473,247.71614489555668,0,1,0,0,0,0
4.4,10,30.00810105646689,222.32990793674028,0,1,0,0,0,0
4.4,10,30.29237963209668,261.28217381542026,0,0,0,1,0,1
4.4,10,30.23481582249124,104.55926440316526,0,1,0,0,0,0
4.4,10,30.29197919367595,155.1702375685863,0,1,0,0,0,0
4.4,10,30.2355909129896,164.5735409988647,0,1,0,0,0,0
4.4,10,30.208524531899567,146.0096823679477,0,1,0,0,0,0
4.4,10,30.08948749288351,568.7882092029527,0,0,0,1,0,1
4.4,10,29.41772819038011,227.179529311646,0,1,0,0,0,0
4.4,10,29.569485208244505,230.61164774442275,0,1,0,0,0,0
4.4,10,29.45680094433624,246.18337387742963,0,1,0,0,0,0
4.4,10,29.50702998379002,226.4583705351604,0,1,0,0,0,0
4.4,10,29.52416653796019,227.0893893714016,0,1,0,0,0,0
4.4,10,29.63567821199477,245.6203241972088,0,1,0,0,0,0
4.4,10,29.71256864703864,366.8145854981536,0,1,0,0,0,0
4.4,10,29.7014805829739,57.92634604100982,0,1,0,0,0,0
4.4,10,29.50974764971616,249.9144911518317,0,1,0,0,0,0
4.4,10,29.620850316239306,112.18777134806884,0,1,0,0,0,0
4.4,10,29.56518999980779,248.49640751857092,0,1,0,0,0,0
4.4,10,29.40093958691608,246.551405088048,0,1,0,0,0,0
4.4,10,29.512392942146104,30.66962632528418,0,1,0,0,0,0
4.4,10,29.171952054873064,42.35364165974346,0,0,0,1,0,1
4.4,10,29.1343553499395,119.87414093596412,0,0,0,1,0,1
4.4,10,29.15831157314545,14.584546515866396,0,0,0,1,0,0
4.4,10,29.16274626523384,76.53712986203533,0,0,0,1,0,1
4.4,10,29.15194287955411,93.34345263279398,0,0,0,1,0,1
4.4,10,29.136523045554625,92.19805065697224,0,0,0,1,0,1
4.4,10,29.70271912081673,33.1450623385572,0,1,0,0,0,0
4.4,10,29.15586632533096,23.389110941212827,0,0,0,1,0,1
4.4,10,29.66646957766754,1137.6003858049348,0,1,0,0,0,0
4.4,10,29.847828381498072,132.32235279855908,0,1,0,0,0,0
4.4,10,29.680610747094445,247.8459003660864,0,1,0,0,0,0
4.4,10,29.6488413200597,235.5926122283809,0,1,0,0,0,0
4.4,10,29.625704265437648,220.96440021833288,0,1,0,0,0,0
4.4,10,29.5279413619595,249.25415546431427,0,1,0,0,0,0
4.4,10,29.583338588333,248.0396418981713,0,1,0,0,0,0
4.4,10,29.771217490488848,309.03455240139664,0,1,0,0,0,0
4.4,10,29.58483900328224,648.2048017535491,0,1,0,0,0,0
4.4,10,29.32631284202432,1106.99704189035,0,1,0,0,0,0
4.4,10,28.92137132811509,801.8959430605998,0,1,0,0,0,0
4.4,10,29.03571216314458,423.815118496895,0,1,0,0,0,0
4.4,10,29.872866000542786,131.5686154701172,0,1,0,0,0,0
4.4,10,29.9281657878802,132.45050269328647,0,1,0,0,0,0
4.4,10,29.78337404628111,246.4043029877172,0,1,0,0,0,0
4.4,10,29.792806361627363,318.5613398125939,0,1,0,0,0,0
4.4,10,29.61179399762469,284.05608854792774,0,1,0,0,0,0
4.4,10,29.728304457204462,245.84303176566308,0,1,0,0,0,0
4.4,10,29.809159845422705,288.5156275900139,0,1,0,0,0,0
4.4,10,29.85654401128924,225.96316838715123,0,1,0,0,0,0
4.4,10,29.709999828301925,688.550238128322,0,1,0,0,0,0
4.4,10,29.6968435550788,233.08154822822084,0,1,0,0,0,0
4.4,10,30.15793150350274,1429.0438627203737,0,1,0,0,0,0
4.4,10,29.054198342100594,430.2921308919063,0,1,0,0,0,0
4.4,10,28.971881948832028,548.4439970279692,0,0,0,1,0,1
4.4,10,28.98843270281889,520.5380468539837,0,0,0,1,0,1
4.4,10,28.895954432721982,789.8013748532004,0,0,0,1,0,1
4.4,10,29.926930296801487,1008.1717495359828,0,0,0,1,0,1
4.4,10,29.017064564226885,395.7850992389177,0,1,0,0,0,0
4.4,10,29.43763273074948,618.8393404270547,0,0,0,1,0,1
4.4,10,29.439784680903838,615.2765063450715,0,0,0,1,0,1
4.4,10,29.39171445373297,836.1519604348279,0,1,0,0,0,0
4.4,10,29.050948016854036,417.4797235192687,0,0,0,1,0,1
4.4,10,29.732087046574875,1522.2107394945451,0,0,0,1,0,1
4.4,10,29.746506795638275,1521.624751401402,0,0,0,1,0,1
4.4,10,29.595297317113243,264.7589206876436,0,1,0,0,0,0
4.4,10,29.604378079673367,251.4543368474347,0,1,0,0,0,0
4.4,10,29.06959276795903,727.684731020604,0,1,0,0,0,0
4.4,10,29.152434238393653,264.94248698389833,0,1,0,0,0,0
4.4,10,29.489989527209364,248.5103221771824,0,1,0,0,0,0
4.4,10,29.54542358310936,248.4781380762073,0,1,0,0,0,0
4.4,10,29.144927946447694,47.468973571348265,0,0,0,1,0,1
4.4,10,29.1318637862802,46.972994660772365,0,0,0,1,0,1
4.4,10,29.115116193170003,46.71925618528916,0,0,0,1,0,1
4.4,10,29.10122570219953,46.86517170482762,0,0,0,1,0,1
4.4,10,28.9733390530176,191.1160778341384,0,0,0,1,0,1
4.4,10,28.97717331063943,188.536215949148,0,0,0,1,0,1
4.4,10,29.201786145024915,265.65683301075853,0,1,0,0,0,0
4.4,10,29.029138402654425,90.68051575180706,0,1,0,0,0,0
4.4,10,29.90587935732316,141.363381427582,0,1,0,0,0,0
4.4,10,29.764027807990573,169.36752316018357,0,1,0,0,0,0
4.4,10,29.785543157573947,179.64492373981713,0,1,0,0,0,0
4.4,10,29.374008556677044,221.7956292189868,0,1,0,0,0,0
4.4,10,29.42225830037785,222.5076135739614,0,1,0,0,0,0
4.4,10,29.62448667714055,247.03897011965373,0,1,0,0,0,0
4.4,10,29.480748553173257,249.68427660914423,0,1,0,0,0,0
4.4,10,29.4253388658113,249.260641899219,0,1,0,0,0,0
4.4,10,29.463380235821383,230.29892228816607,0,1,0,0,0,0
4.4,10,29.47966668788248,230.87084469452725,0,1,0,0,0,0
4.4,10,29.35055164853032,244.76794096958028,0,1,0,0,0,0
4.4,10,29.295200367715942,245.1042581309592,0,1,0,0,0,0
4.4,10,29.31450465543327,227.99440685264528,0,1,0,0,0,0
4.4,10,29.400594983943456,227.10790945592709,0,1,0,0,0,0
4.4,10,29.116103375554022,187.24082312911523,0,0,0,1,0,1
4.4,10,29.08383288308107,357.53926836425074,0,1,0,0,0,0
4.4,10,29.063962837341084,416.8609546575837,0,0,0,1,0,1
4.4,10,29.29875780649628,228.12815682204985,0,1,0,0,0,0
4.4,10,29.30792980245112,143.31270274067393,0,1,0,0,0,0
4.4,10,29.27250231387809,244.71946309752607,0,1,0,0,0,0
4.4,10,29.1898270811047,101.74802221874111,0,1,0,0,0,0
4.4,10,29.322994771877088,244.58847820645065,0,1,0,0,0,0
4.4,10,29.102705891876862,78.34191176288715,0,0,0,1,0,1
4.4,10,29.106028924666308,79.88138024170178,0,0,0,1,0,1
4.4,10,28.209061465081227,260.92248686147286,0,1,0,0,0,0
4.4,10,28.26377559991645,313.0649075905794,0,1,0,0,0,0
4.4,10,28.16616018912248,355.25719251106455,0,1,0,0,0,0
4.4,10,28.37000656228343,127.22530677918787,0,1,0,0,0,0
4.4,10,28.40426215176014,130.67485973109862,0,1,0,0,0,0
4.4,10,28.75578500727096,730.7880517832672,0,1,0,0,0,0
4.4,10,28.81847309293053,478.0929296666675,0,1,0,0,0,0
4.4,10,28.617657519700373,262.8998574861602,0,1,0,0,0,0
4.4,10,28.822006883954813,778.4596955190843,0,0,1,0,0,1
4.4,10,28.688136788021374,244.71717912240416,0,1,0,0,0,0
4.4,10,28.56809709480546,269.83716285134665,0,1,0,0,0,0
4.4,10,28.424940130468972,794.3565087091185,0,1,0,0,0,0
4.4,10,28.54287937418012,448.38783802596834,0,1,0,0,0,0
4.4,10,28.070200584912417,212.3132364896045,0,1,0,0,0,0
4.4,10,28.061391350797813,527.4644937366955,0,1,0,0,0,0
4.4,10,28.37107893712569,360.65019507335165,0,1,0,0,0,0
4.4,10,28.66413373467579,262.9428434646358,0,1,0,0,0,0
4.4,10,28.10776220411726,246.4206247930444,0,1,0,0,0,0
4.4,10,28.098686907921863,294.9569628259614,0,1,0,0,0,0
4.4,10,28.60042104629644,348.27252337484776,0,1,0,0,0,0
4.4,10,28.5835912795491,347.8686423141569,0,1,0,0,0,0
4.4,10,27.8363318758308,454.1123682082477,0,1,0,0,0,0
4.4,10,28.325101825248897,785.45315726014,0,1,0,0,0,0
4.4,10,28.70401244814202,557.8818187149966,0,0,0,1,0,1
4.4,10,28.70140753672691,557.3366131268899,0,0,0,1,0,1
4.4,10,28.08391861249707,254.9369398077493,0,0,0,1,0,1
4.4,10,28.088531481707705,252.0222529358156,0,0,0,1,0,1
4.4,10,28.33338989815239,607.5210284884432,0,0,0,1,0,1
4.4,10,28.34637635323133,612.28709761282,0,0,0,1,0,1
4.4,10,28.435915773680893,481.3997824670992,0,1,0,0,0,0
4.4,10,28.016508976844044,103.6473015199873,0,1,0,0,0,0
4.4,10,27.906317572503333,142.7642297599618,0,1,0,0,0,0
4.4,10,29.06196486401774,647.1993960368553,0,0,1,0,0,1
4.4,10,28.836044739335065,777.8804485412265,0,0,1,0,0,1
4.4,10,29.07063530316425,639.2668376802603,0,0,1,0,0,1
4.4,10,28.063743462749716,292.0806899191252,0,0,0,1,0,0
4.4,10,28.74493799396792,226.28198306133183,0,1,0,0,0,0
4.4,10,28.792590909383662,218.85730394439432,0,1,0,0,0,0
4.4,10,28.833862524952067,41.62418146216248,0,0,0,1,0,1
4.4,10,28.91014891124232,68.3373080742785,0,1,0,0,0,0
4.4,10,28.152185454722407,100.10816298612414,0,1,0,0,0,0
4.4,10,28.135794619935066,99.53249452642596,0,1,0,0,0,0
4.4,10,28.120380730393336,99.9439408006502,0,1,0,0,0,0
4.4,10,28.104329032384097,99.13197998356928,0,1,0,0,0,0
4.4,10,28.397007493296258,104.4190026316398,0,1,0,0,0,0
4.4,10,28.44401699715729,169.8935287377654,0,1,0,0,0,0
4.4,10,28.413595385716587,104.69542719165835,0,1,0,0,0,0
4.4,10,28.400541258582837,90.94198614623843,0,0,0,1,0,1
4.4,10,28.296946328719773,122.394256528763,0,0,0,1,0,1
4.4,10,28.39758410627897,91.41197155472454,0,0,0,1,0,1
4.4,10,28.30100313397888,120.71009800532056,0,0,0,1,0,1
4.4,10,28.224087635534893,65.13416414636349,0,0,0,1,0,1
4.4,10,28.224087635534893,65.25890804650697,0,0,0,1,0,1
4.4,10,28.12836252693493,238.57493600690472,0,1,0,0,0,0
4.4,10,28.23703160867494,519.5961373851926,0,0,0,1,0,0
4.4,10,28.035784846262807,143.7361843215816,0,1,0,0,0,0
4.4,10,28.219105273709744,307.5344866721535,0,1,0,0,0,0
4.4,10,28.327828038156497,121.45287760722545,0,1,0,0,0,0
4.4,10,27.95652251007759,123.5653856367438,0,1,0,0,0,0
4.4,10,27.90030517016445,232.111318029287,0,1,0,0,0,0
4.4,10,27.93628279359752,97.74138654644211,0,1,0,0,0,0
4.4,10,27.079842933959625,133.42251518382542,0,1,0,0,0,0
4.4,10,27.150049216354084,15.450885129215468,0,1,0,0,0,0
4.4,10,27.163289672411054,13.489871069172011,0,1,0,0,0,0
4.4,10,26.779140186421568,13.13687919785574,0,1,0,0,0,0
4.4,10,27.007942880416152,51.24393220330757,0,1,0,0,0,0
4.4,10,26.301758477098307,1187.046168608776,0,0,0,1,0,0
4.4,10,26.73526315117283,747.5313440579326,0,0,0,1,0,0
4.4,10,27.74282761745025,769.9619607304982,0,1,0,0,0,0
4.4,10,27.22986631744438,171.1734775614018,0,1,0,0,0,0
4.4,10,27.39694124559519,334.9678178437784,0,1,0,0,0,0
4.4,10,27.255781609499103,411.18751093370406,0,1,0,0,0,0
4.4,10,27.26385013138867,407.102788710132,0,1,0,0,0,0
4.4,10,27.49759558090984,54.2445204920496,0,1,0,0,0,0
4.4,10,27.31793241104577,916.4268990592798,0,1,0,0,0,0
4.4,10,26.851300364518345,316.63835191233113,0,1,0,0,0,0
4.4,10,27.2196843613219,495.6710874864089,0,1,0,0,0,0
4.4,10,27.34728984623056,198.6019367055612,0,1,0,0,0,0
4.4,10,26.766498092460225,119.03675328779045,0,1,0,0,0,0
4.4,10,27.27003216338325,41.31239571139946,0,1,0,0,0,0
4.4,10,27.29832681937842,339.26294224917825,0,1,0,0,0,0
4.4,10,27.472012333271373,13.698035131360236,0,1,0,0,0,0
4.4,10,27.40442974431221,128.77996129876863,0,1,0,0,0,0
4.4,10,27.53077292380229,180.24233839721893,0,1,0,0,0,0
4.4,10,27.72408934391242,99.2498644110216,0,1,0,0,0,0
4.4,10,27.709408697552984,129.55732422407158,0,1,0,0,0,0
4.4,10,27.661555339553995,276.25228566117653,0,1,0,0,0,0
4.4,10,27.76389061326383,136.06629036382265,0,1,0,0,0,0
4.4,10,27.783184989232872,100.9470898002742,0,1,0,0,0,0
4.4,10,27.46806542249592,21.44792909648802,0,1,0,0,0,0
4.4,10,27.693941681605875,514.1411680009701,0,1,0,0,0,0
4.4,10,27.581535306975063,60.982999919924254,0,1,0,0,0,0
4.4,10,27.967451881865266,15.111157297998584,0,0,0,1,0,1
4.4,10,27.38043579133775,133.90614867287957,0,1,0,0,0,0
4.4,10,27.474118011661268,163.82462989892528,0,1,0,0,0,0
4.4,10,27.85841988698508,84.24327576902948,0,1,0,0,0,0
4.4,10,27.865444486963,129.61859453045727,0,1,0,0,0,0
4.4,10,27.154052536208287,76.24010312462525,0,1,0,0,0,0
4.4,10,27.220465653825933,178.0630809675996,0,1,0,0,0,0
4.4,10,26.96012228638939,255.2195822720508,0,1,0,0,0,0
4.4,10,27.036978258395685,885.9919035661948,0,1,0,0,0,0
4.4,10,27.248625442642965,148.2584866110292,0,1,0,0,0,0
4.4,10,27.08055951277377,374.6173122755369,0,1,0,0,0,0
4.4,10,26.808294995521365,69.70291159032244,0,1,0,0,0,0
4.4,10,27.255064633828443,83.17573624950992,0,1,0,0,0,0
4.4,10,27.140614447220536,64.76223194849538,0,1,0,0,0,0
4.4,10,26.92197885508624,94.33007155828764,0,1,0,0,0,0
4.4,10,27.17944018827998,346.0959215535913,0,1,0,0,0,0
4.4,10,26.899407966991863,75.93712483102733,0,1,0,0,0,0
4.4,10,28.613373054836245,331.554603652956,0,0,0,1,0,0
4.4,10,29.05935141570614,315.7390817173245,0,1,0,0,0,0
4.4,10,29.1157730180696,32.56428721580276,0,1,0,0,0,0
4.4,10,28.57224280735081,44.11741526256323,0,0,0,1,0,0
4.4,10,28.59559608139766,31.72598781217374,0,0,0,1,0,0
4.4,10,28.64617321311483,404.19417318668746,0,0,1,0,0,1
4.4,10,28.57575269541968,51.4131648738046,0,0,1,0,0,1
4.4,10,28.63668436109185,353.16363512394764,0,0,1,0,0,1
4.4,10,28.702630965622237,40.20444519337948,0,0,1,0,0,1
4.4,10,28.8297200239868,35.00086031840798,0,1,0,0,0,0
4.4,10,28.728046665735175,27.340483666816485,0,0,0,1,0,1
4.4,10,28.702630965622237,40.21272661398304,0,0,1,0,0,1
4.4,10,28.085654563064924,129.19266190598557,0,1,0,0,0,0
4.4,10,28.05070257837943,64.9284344064769,0,0,0,1,0,1
4.4,10,28.053537721991702,65.13043903381312,0,0,0,1,0,1
4.4,10,28.1709246577316,9.320297629368602,0,0,0,1,0,0
4.4,10,28.29631347223745,10.436297276152713,0,1,0,0,0,0
4.4,10,27.974363108803367,14.992176649305009,0,0,0,1,0,0
4.4,10,28.28071750247333,102.47033130282892,0,1,0,0,0,0
4.4,10,27.81366396843814,224.6811941158504,0,1,0,0,0,0
4.4,10,27.75915897834265,190.27561546864044,0,1,0,0,0,0
4.4,10,27.832949832563493,192.5094739756776,0,1,0,0,0,0
4.4,10,28.427431469102668,445.5267249432695,0,1,0,0,0,0
4.4,10,28.555178484356414,242.70031060776896,0,1,0,0,0,0
4.4,10,28.37392632138096,584.5065356555798,0,1,0,0,0,0
4.4,10,28.212360782618592,532.3025448834971,0,1,0,0,0,0
4.4,10,28.39639984668381,448.9309502950244,0,1,0,0,0,0
4.4,10,27.87437178715217,362.52284962796375,0,0,0,1,0,1
4.4,10,28.85077115817305,788.5675386573193,0,1,0,0,0,0
4.4,10,28.21771349556953,316.705556542717,0,0,0,1,0,1
4.4,10,28.385614921726635,643.5928614428785,0,0,0,1,0,1
4.4,10,27.886306645239426,282.7840937171931,0,0,0,1,0,1
4.4,10,28.38873010035505,642.8961770912376,0,0,0,1,0,1
4.4,10,27.88809571507603,284.625764095446,0,0,0,1,0,1
4.4,10,28.221283997242416,317.52984256478544,0,0,0,1,0,1
4.4,10,27.868409522063388,363.70997014860257,0,0,0,1,0,1
4.4,10,28.367417216595943,1126.4744744292072,0,0,1,0,0,1
4.4,10,27.790823967335232,868.2248089879133,0,0,0,1,0,0
4.4,10,28.27308217906537,219.3477727307061,0,1,0,0,0,0
4.4,10,28.29320865968597,232.65771112706983,0,1,0,0,0,0
4.4,10,28.88612357459236,789.8022156042739,0,0,0,1,0,1
4.4,10,28.338219282088374,1120.4738027034032,0,0,1,0,0,1
4.4,10,28.55911125283093,64.94454752445316,0,0,1,0,0,1
4.4,10,28.576995123329173,62.50453250745959,0,0,1,0,0,1
4.4,10,27.66955231766849,533.8939857114128,0,1,0,0,0,0
4.4,10,27.73140881453681,102.87030171208376,0,1,0,0,0,0
4.4,10,28.395291900839304,49.77578655603914,0,1,0,0,0,0
4.4,10,27.672176634743863,367.7401531448594,0,1,0,0,0,0
4.4,10,28.335951275691876,64.9139489659875,0,1,0,0,0,0
4.4,10,28.38919663946133,199.3394868464553,0,1,0,0,0,0
4.4,10,28.87467465897473,154.94614079338885,0,1,0,0,0,0
4.4,10,28.50082514929125,412.8379336713797,0,1,0,0,0,0
4.4,10,28.93087697379955,373.5296428497567,0,1,0,0,0,0
4.4,10,28.764580128629888,701.620161749252,0,1,0,0,0,0
4.4,10,28.91950904030124,319.05224050944923,0,1,0,0,0,0
4.4,10,28.747703669727645,414.00384665086574,0,1,0,0,0,0
4.4,10,28.847995105405797,164.14496974224124,0,1,0,0,0,0
4.4,10,28.739935703994124,143.12164793001298,0,1,0,0,0,0
4.4,10,28.62523506819548,221.90821506300333,0,1,0,0,0,0
4.4,10,28.528494570473068,222.3774670374084,0,1,0,0,0,0
4.4,10,28.49907635546948,101.9494049771024,0,1,0,0,0,0
4.4,10,28.625541953713903,165.46230270563447,0,1,0,0,0,0
4.4,10,28.689724849519312,462.5933168635979,0,1,0,0,0,0
4.4,10,28.74668406518215,292.2554527404765,0,1,0,0,0,0
4.4,10,28.77404996052387,245.3041954858478,0,1,0,0,0,0
4.4,10,28.74150574230127,331.5559374045997,0,1,0,0,0,0
4.4,10,28.93244043781833,10.057928025065891,0,1,0,0,0,0
4.4,10,28.706815322676945,324.3552767445024,0,0,0,1,0,1
4.4,10,28.70976695348568,322.16284422909416,0,0,0,1,0,1
4.4,10,28.475142316289496,151.83959291089937,0,1,0,0,0,0
4.4,10,28.42018023515268,367.3976011025552,0,1,0,0,0,0
4.4,10,28.44406696710897,47.99885152573137,0,1,0,0,0,0
4.4,10,28.875304225185573,76.98464414136139,0,0,0,1,0,1
4.4,10,28.74115626215766,245.25710402327672,0,1,0,0,0,0
4.4,10,28.679755695153958,94.5274699262171,0,1,0,0,0,0
4.4,10,28.678405206246417,71.89241771136562,0,1,0,0,0,0
4.4,10,28.65475373841458,326.7709872930001,0,1,0,0,0,0
4.4,10,28.83541340513944,258.2724959038204,0,1,0,0,0,0
4.4,10,28.442778782254276,172.06815810864876,0,1,0,0,0,0
4.4,10,28.451712662955813,161.95122421944146,0,1,0,0,0,0
4.4,10,28.53477892826708,30.67602338377884,0,1,0,0,0,0
4.4,10,28.45430577501219,170.08206611835314,0,0,0,1,0,1
4.4,10,28.45132020370008,171.18281509499764,0,0,0,1,0,1
4.4,10,28.533212747484505,71.7426766025203,0,0,0,1,0,1
4.4,10,28.533275913362168,53.97260441241113,0,1,0,0,0,0
4.4,10,28.77837999950941,126.62384770000747,0,1,0,0,0,0
4.4,10,28.44519069099237,294.6452652703528,0,1,0,0,0,0
4.4,10,27.971970826362146,255.51795579965136,0,1,0,0,0,0
4.4,10,28.08237136703715,147.4361369461943,0,1,0,0,0,0
4.4,10,27.787386954452703,48.082004968690704,0,1,0,0,0,0
4.4,10,27.84814599925075,141.25205651085025,0,1,0,0,0,0
4.4,10,27.81331984724554,245.0210175107585,0,1,0,0,0,0
4.4,10,27.91833037781741,286.7942790979734,0,1,0,0,0,0
4.4,10,27.831243982408463,53.00276822097079,0,1,0,0,0,0
4.4,10,27.74880555822472,217.971612971166,0,1,0,0,0,0
4.4,10,27.95498832859601,243.02477513138183,0,1,0,0,0,0
4.4,10,27.85175408127004,81.14760562711908,0,1,0,0,0,0
4.4,10,27.774227481230486,187.4540803195179,0,1,0,0,0,0
4.4,10,27.84169009553597,53.79682823533998,0,1,0,0,0,0
4.4,10,27.796732432651808,141.9571379622363,0,1,0,0,0,0
4.4,10,27.970248074083557,242.3794492221995,0,1,0,0,0,0
4.4,10,28.175076900359876,154.19841631923757,0,1,0,0,0,0
4.4,10,28.11398314800912,55.48766188044418,0,1,0,0,0,0
4.4,10,28.138912274824037,108.43853404737727,0,1,0,0,0,0
4.4,10,28.07295029568878,100.2906784715034,0,1,0,0,0,0
4.4,10,28.12108656197532,119.30308758284664,0,1,0,0,0,0
4.4,10,28.169249436522115,56.49582538786116,0,1,0,0,0,0
4.4,10,27.77359646467072,89.39262039229854,0,1,0,0,0,0
4.4,10,27.81376511187938,141.07682318329458,0,1,0,0,0,0
4.4,10,28.344909108175425,172.62488384718085,0,1,0,0,0,0
4.4,10,28.283755827190557,190.1255406897863,0,1,0,0,0,0
4.4,10,27.991537271320205,531.1449472118136,0,1,0,0,0,0
4.4,10,28.1374092334619,234.6212838496077,0,1,0,0,0,0
4.4,10,28.1540139779618,242.3462626046213,0,1,0,0,0,0
4.4,10,28.25963350885628,49.6482261773561,0,1,0,0,0,0
4.4,10,28.00246436164804,87.35205894337838,0,1,0,0,0,0
4.4,10,28.277826322974075,50.70918931643571,0,1,0,0,0,0
4.4,10,28.04469527822812,41.50175387207327,0,1,0,0,0,0
4.4,10,28.0318145420548,45.52193033322545,0,1,0,0,0,0
4.4,10,28.019052970019988,45.93643107409793,0,1,0,0,0,0
4.4,10,28.14003936853843,9.454279351658084,0,1,0,0,0,0
4.4,10,27.826449698986924,245.81524950124705,0,1,0,0,0,0
4.4,10,28.06286390816437,88.87078504415545,0,0,0,1,0,1
4.4,10,27.72561838481076,16.421297550863546,0,1,0,0,0,0
4.4,10,27.659483716011003,190.01997829510816,0,1,0,0,0,0
4.4,10,27.684717872990745,66.54188029137103,0,1,0,0,0,0
4.4,10,27.75754816421359,92.88297699180112,0,1,0,0,0,0
4.4,10,27.43242903776964,138.931680885543,0,1,0,0,0,0
4.4,10,27.721116727920496,43.66191194056015,0,1,0,0,0,0
4.4,10,27.752988676404144,10.012622180216962,0,0,0,1,0,1
4.4,10,27.5451348165208,102.35028309612298,0,1,0,0,0,0
4.4,10,27.60505248867632,191.1641639205736,0,1,0,0,0,0
4.4,10,27.407492205112863,244.0278573321124,0,1,0,0,0,0
4.4,10,27.56956454563723,246.7179241602205,0,1,0,0,0,0
4.4,10,27.5432249218064,207.10653736112607,0,1,0,0,0,0
4.4,10,27.64355993710787,17.80462200996548,0,1,0,0,0,0
4.4,10,27.72122344313966,146.71645004646592,0,1,0,0,0,0
4.4,10,27.660474471214123,56.48156595115452,0,1,0,0,0,0
4.4,10,27.75064810660306,51.57047702449298,0,1,0,0,0,0
4.4,10,27.52400745628577,9.988348466384789,0,1,0,0,0,0
4.4,10,27.5031478389566,199.50162791304783,0,1,0,0,0,0
4.4,10,27.585909623900985,103.8950929163343,0,1,0,0,0,0
4.4,10,26.53209193209703,251.838675199694,0,1,0,0,0,0
4.4,10,26.68110667872719,217.75062539124173,0,1,0,0,0,0
4.4,10,26.607931034337987,408.31078458733657,0,1,0,0,0,0
4.4,10,26.573277116998867,252.01843281488576,0,1,0,0,0,0
4.4,10,26.709839642660413,145.27030355970476,0,1,0,0,0,0
4.4,10,26.56427341228804,95.3148844064081,0,1,0,0,0,0
4.4,10,26.6273989903386,110.30188894761886,0,1,0,0,0,0
4.4,10,26.687878454758884,86.37789708518451,0,1,0,0,0,0
4.4,10,26.63874083642449,153.56652893413863,0,1,0,0,0,0
4.4,10,26.64921871075635,50.165926531953815,0,1,0,0,0,0
4.4,10,26.663330397900864,51.17887771223258,0,1,0,0,0,0
4.4,10,26.242597317433734,899.0035563781269,0,0,0,1,0,1
4.4,10,26.642814852954384,542.9756577682066,0,0,0,1,0,1
4.4,10,26.34337436324092,380.8873992987132,0,1,0,0,0,0
4.4,10,26.43510614430048,143.87816000950835,0,1,0,0,0,0
4.4,10,26.423191706625826,308.7702694699147,0,1,0,0,0,0
4.4,10,26.352369086971,429.2024679520272,0,1,0,0,0,0
4.4,10,26.348264306101584,431.6016102903381,0,1,0,0,0,0
4.4,10,26.398832820994738,648.0568143586947,0,1,0,0,0,0
4.4,10,26.4182186826212,307.6580487134016,0,1,0,0,0,0
4.4,10,26.47809721440255,474.98918996679095,0,1,0,0,0,0
4.4,10,26.47122467450901,472.7345833647447,0,1,0,0,0,0
4.4,10,26.460457745490697,479.3197150857478,0,1,0,0,0,0
4.4,10,26.57600968370602,85.1044503882953,0,1,0,0,0,0
4.4,10,26.424515807367168,286.8522100470911,0,1,0,0,0,0
4.4,10,26.5914139678306,384.18212810651374,0,1,0,0,0,0
4.4,10,26.32251345408388,580.430312714662,0,1,0,0,0,0
4.4,10,26.344938731976317,326.0537625773193,0,1,0,0,0,0
4.4,10,26.42741997162565,333.3780281206402,0,1,0,0,0,0
4.4,10,26.72952067694964,786.0609490614431,0,1,0,0,0,0
4.4,10,26.89692591016076,295.5275314405337,0,1,0,0,0,0
4.4,10,26.94504051545658,404.6265890726759,0,1,0,0,0,0
4.4,10,26.939062520435638,403.7635116056796,0,1,0,0,0,0
4.4,10,26.932446444887937,402.7404886489337,0,1,0,0,0,0
4.4,10,26.97928805698411,365.6216884926444,0,1,0,0,0,0
4.4,10,27.024010241050764,323.96065858977124,0,1,0,0,0,0
4.4,10,26.85107017818533,271.1560083890394,0,1,0,0,0,0
4.4,10,26.8565412066405,271.5737051526084,0,1,0,0,0,0
4.4,10,26.862333137039744,271.9878234385009,0,1,0,0,0,0
4.4,10,27.13843481399044,659.0567543304383,0,1,0,0,0,0
4.4,10,27.163593343764493,435.2087073473136,0,1,0,0,0,0
4.4,10,26.49189701428629,478.6018740214645,0,1,0,0,0,0
4.4,10,26.347825058568517,406.4590318162548,0,1,0,0,0,0
4.4,10,26.48057068074428,199.26633250243444,0,1,0,0,0,0
4.4,10,27.067782377343825,406.1539597133449,0,0,0,1,0,1
4.4,10,26.53791649150483,50.231448552843375,0,1,0,0,0,0
4.4,10,26.478473835008185,492.7955557985834,0,1,0,0,0,0
4.4,10,26.6207185074004,144.18740635167208,0,1,0,0,0,0
4.4,10,26.56392145725893,136.13011329001966,0,1,0,0,0,0
4.4,10,26.58227565334714,193.9285186714241,0,1,0,0,0,0
4.4,10,27.07795777786695,159.56372194352153,0,1,0,0,0,0
4.4,10,27.05918251335413,201.26557865112315,0,1,0,0,0,0
4.4,10,27.060732696278222,199.4663043122431,0,1,0,0,0,0
4.4,10,27.074862210633544,151.25084609745494,0,1,0,0,0,0
4.4,10,27.079800380999384,349.0232773513684,0,1,0,0,0,0
4.4,10,27.218968201396013,383.0356055431566,0,1,0,0,0,0
4.4,10,26.390737794856587,361.8232614550508,0,1,0,0,0,0
4.4,10,26.805748135944302,85.30170104859621,0,1,0,0,0,0
4.4,10,26.19286548985882,1013.4040285346738,0,0,0,1,0,1
4.4,10,27.079322721416208,413.49496489928737,0,0,0,1,0,1
4.4,10,26.652086186795085,550.7597029039908,0,0,0,1,0,1
4.4,10,27.02831018365856,173.29270262121605,0,1,0,0,0,0
4.4,10,27.575509129582198,187.4060474542374,0,1,0,0,0,0
4.4,10,26.56572272780772,91.00239885488214,0,1,0,0,0,0
4.4,10,27.22290860046085,153.4419729117976,0,1,0,0,0,0
4.4,10,27.358992966702363,662.3621793417724,0,0,0,1,0,1
4.4,10,27.09691571740269,109.58342598796187,0,1,0,0,0,0
4.4,10,27.14072753962939,142.27085097726945,0,1,0,0,0,0
4.4,10,27.30495836680568,549.0119157076114,0,0,0,1,0,1
4.4,10,27.343291171079784,403.0195486695157,0,1,0,0,0,0
4.4,10,27.33459715729202,142.8172072570603,0,1,0,0,0,0
4.4,10,27.19478320387156,134.44169197583506,0,1,0,0,0,0
4.4,10,27.31836421740704,78.79435087787674,0,1,0,0,0,0
4.4,10,27.359349285213018,178.2257195390242,0,1,0,0,0,0
4.4,10,27.380426306780716,205.77528487920603,0,1,0,0,0,0
4.4,10,27.08514123091381,51.02395229273801,0,1,0,0,0,0
4.4,10,27.400309372593565,229.41595064700493,0,1,0,0,0,0
4.4,10,27.566407968994987,128.72217651300977,0,0,0,1,0,1
4.4,10,27.256783321971763,121.71001300373209,0,1,0,0,0,0
4.4,10,27.20734664772124,116.22869552595589,0,1,0,0,0,0
4.4,10,27.654915000693677,83.69186782408747,0,0,0,1,0,1
4.4,10,27.660967805535787,83.89559809916274,0,0,0,1,0,1
4.4,10,27.61774376252756,6.217325855061672,0,0,0,1,0,1
4.4,10,27.2016751712978,86.28834022873454,0,1,0,0,0,0
4.4,10,27.195528301478365,78.10920586011439,0,1,0,0,0,0
4.4,10,27.10651684101919,15.083537578835651,0,1,0,0,0,0
4.4,10,27.591956335826275,56.76679656268043,0,0,0,1,0,0
4.4,10,27.535976212972383,197.51045045341388,0,1,0,0,0,0
4.4,10,26.54793432041608,458.0099510924268,0,1,0,0,0,0
4.4,10,26.47641207431989,246.9136745595643,0,1,0,0,0,0
4.4,10,26.48131459755004,246.25136425183925,0,1,0,0,0,0
4.4,10,26.716605095227507,65.55453889122302,0,1,0,0,0,0
4.4,10,26.819062490266404,126.24410297353052,0,1,0,0,0,0
4.4,10,26.611300722524383,192.48538998425911,0,1,0,0,0,0
4.4,10,26.65916595435962,181.68164609045925,0,1,0,0,0,0
4.4,10,26.74977826261656,62.40315162211422,0,1,0,0,0,0
4.4,10,26.865774792681,96.97052008513528,0,1,0,0,0,0
4.4,10,26.876630384164184,130.28210329027422,0,1,0,0,0,0
4.4,10,26.59874999715645,50.40398183719382,0,1,0,0,0,0
4.4,10,26.818858987011215,13.87086191970756,0,1,0,0,0,0
4.4,10,26.80370545517236,31.88140942087416,0,1,0,0,0,0
4.4,10,26.81652944361185,56.71530039759492,0,1,0,0,0,0
4.4,10,26.74817526396874,82.46417237983707,0,1,0,0,0,0
4.4,10,26.70090259240109,172.6161232170989,0,1,0,0,0,0
4.4,10,26.880207263008412,45.34640085010094,0,1,0,0,0,0
4.4,10,26.79226915867597,206.00641529141865,0,1,0,0,0,0
4.4,10,26.68068517495937,8.761477560805906,0,0,0,1,0,1
4.4,10,26.70129908781866,235.4621008947322,0,0,0,1,0,0
4.4,10,26.677457610001653,34.097650129589056,0,1,0,0,0,0
4.4,10,27.01776739997504,204.39995445533145,0,1,0,0,0,0
4.4,10,29.830506089892424,114.19768140748344,0,1,0,0,0,0
4.4,10,29.6517681574526,264.46540801503187,0,1,0,0,0,0
4.4,10,29.599531852161245,264.048287537012,0,1,0,0,0,0
4.4,10,29.80702472933026,187.88544109940167,0,1,0,0,0,0
4.4,10,29.57355362221169,11.87679803999491,0,1,0,0,0,0
4.4,10,29.86188534520004,205.6546404854465,0,1,0,0,0,0
4.4,10,29.827395231555805,140.57000709104057,0,1,0,0,0,0
4.4,10,29.173652586374235,244.053958616738,0,1,0,0,0,0
4.4,10,29.21662205762969,244.0464645110572,0,1,0,0,0,0
4.4,10,29.49631474453957,37.2979303025436,0,0,0,1,0,1
4.4,10,29.385848790790376,218.19755931096608,0,1,0,0,0,0
4.4,10,29.16181675751081,244.37461446846189,0,1,0,0,0,0
4.4,10,29.4332449428842,218.46507304616915,0,1,0,0,0,0
4.4,10,29.05524841139423,217.0606771164612,0,1,0,0,0,0
4.4,10,29.050528163423376,46.21531511347977,0,1,0,0,0,0
4.4,10,29.215922215002266,297.14263437022163,0,1,0,0,0,0
4.4,10,29.317717553402485,263.5920615424484,0,1,0,0,0,0
4.4,10,29.20381598698521,244.4583136930322,0,1,0,0,0,0
4.4,10,29.30989067392905,245.0317405459283,0,1,0,0,0,0
4.4,10,29.297498299461584,245.4708506287648,0,1,0,0,0,0
4.4,10,29.47527377387855,97.36997330728266,0,0,1,0,0,1
4.4,10,29.148592913933147,244.7156354122185,0,1,0,0,0,0
4.4,10,29.00139065276697,55.820994958328136,0,1,0,0,0,0
4.4,10,29.38307783765852,49.72883549286616,0,1,0,0,0,0
4.4,10,29.114544536800437,117.11829124722088,0,1,0,0,0,0
4.4,10,29.2703504266796,263.25188306202034,0,1,0,0,0,0
4.4,10,29.08589500370231,100.63249067870652,0,1,0,0,0,0
4.4,10,29.518695216969693,59.05191731219167,0,0,0,1,0,1
4.4,10,29.53715944955607,42.4550917675463,0,1,0,0,0,0
4.4,10,29.48735430784805,28.809513279536613,0,0,1,0,0,1
4.4,10,29.456829559864836,42.376746106207406,0,0,1,0,0,1
4.4,10,29.50773802846279,37.91031307075006,0,0,1,0,0,1
4.4,10,29.62434260534877,200.76320128289424,0,1,0,0,0,0
4.4,10,29.632309912481805,185.4945895445284,0,1,0,0,0,0
4.4,10,29.392788414223755,672.453239885764,0,1,0,0,0,0
4.4,10,28.75459731861872,309.4935534607309,0,1,0,0,0,0
4.4,10,29.1296198940978,636.2030794264614,0,0,1,0,0,1
4.4,10,29.145666875590727,732.246931114232,0,0,1,0,0,1
4.4,10,29.504234365646507,239.92838405783965,0,1,0,0,0,0
4.4,10,29.54019530966499,224.9446722683999,0,1,0,0,0,0
4.4,10,29.479646966747453,240.24064689098373,0,1,0,0,0,0
4.4,10,29.49239423950942,240.0826645383587,0,1,0,0,0,0
4.4,10,29.487513124189988,166.91708859424784,0,1,0,0,0,0
4.4,10,29.5522082028583,10.471565364424976,0,1,0,0,0,0
4.4,10,28.650917900218012,471.41808301673024,0,1,0,0,0,0
4.4,10,28.685659163535675,361.0621158602297,0,1,0,0,0,0
4.4,10,29.02750668071808,1075.3079286565464,0,1,0,0,0,0
4.4,10,28.819194281378152,186.10210107427443,0,1,0,0,0,0
4.4,10,28.452529420485387,694.6583876890359,0,1,0,0,0,0
4.4,10,28.45899603592921,378.0426131970976,0,1,0,0,0,0
4.4,10,28.781148436165715,119.41566520055883,0,0,1,0,0,1
4.4,10,28.610554244446003,84.35476600898936,0,1,0,0,0,0
4.4,10,28.55919133900096,83.36086563371009,0,1,0,0,0,0
4.4,10,28.6525743246007,80.70698102358016,0,1,0,0,0,0
4.4,10,28.685016449298093,55.8456231869791,0,1,0,0,0,0
4.4,10,28.696945096052147,39.6652556649684,0,1,0,0,0,0
4.4,10,28.684072656498586,11.539202773204668,0,1,0,0,0,0
4.4,10,28.57465559823203,52.848772194566536,0,1,0,0,0,0
4.4,10,28.507399667977168,83.17533190158613,0,1,0,0,0,0
4.4,10,28.46929491598317,58.82771953112463,0,1,0,0,0,0
4.4,10,28.43431065555746,51.86447017515467,0,1,0,0,0,0
4.4,10,28.45485959249789,106.79806249070587,0,1,0,0,0,0
4.4,10,28.639373893792488,81.37409394987117,0,1,0,0,0,0
4.4,10,28.52335852004017,53.30286676954589,0,1,0,0,0,0
4.4,10,28.875780498344056,31.446319879088392,0,1,0,0,0,0
4.4,10,28.757198897015638,18.29788639912347,0,1,0,0,0,0
4.4,10,28.73026038778748,33.31829643257721,0,1,0,0,0,0
4.4,10,28.826361736469615,14.335754367552674,0,0,1,0,0,0
4.4,10,28.735297850325445,12.850819625794609,0,0,1,0,0,0
4.4,10,27.9213115852219,79.99959880240341,0,1,0,0,0,0
4.4,10,27.88793057080892,95.5802322725434,0,1,0,0,0,0
4.4,10,27.935579873685835,51.44174600138202,0,1,0,0,0,0
4.4,10,28.061319104449893,289.4619074271157,0,1,0,0,0,0
4.4,10,27.898496012301774,512.1019317233206,0,1,0,0,0,0
4.4,10,28.100746766337306,329.4826849836558,0,0,1,0,0,1
4.4,10,27.978691291389527,76.32715277615408,0,1,0,0,0,0
4.4,10,27.622436260985356,28.85627074171481,0,1,0,0,0,0
4.4,10,27.72601179084339,96.62822442698148,0,1,0,0,0,0
4.4,10,27.69931961116941,28.9556733349078,0,1,0,0,0,0
4.4,10,27.81280164548574,27.84221241386296,0,1,0,0,0,0
4.4,10,27.776385351676872,50.54421960735315,0,1,0,0,0,0
4.4,10,27.83975379823422,292.8785626209772,0,1,0,0,0,0
4.4,10,28.018132891853877,23.03851182479792,0,1,0,0,0,0
4.4,10,28.01653432084957,49.46851428316447,0,1,0,0,0,0
4.4,10,28.087489200690385,44.5554203876351,0,1,0,0,0,0
4.4,10,28.020639578648275,27.23368004957509,0,1,0,0,0,0
4.4,10,28.00415001693235,23.24948346144852,0,1,0,0,0,0
4.4,10,28.005210625256208,27.205277085523605,0,1,0,0,0,0
4.4,10,28.152430250655133,62.58313720886182,0,1,0,0,0,0
4.4,10,28.083071850111885,47.55029301516164,0,1,0,0,0,0
4.4,10,27.99360520220045,100.2772670813651,0,1,0,0,0,0
4.4,10,27.55709794734685,893.1541605066424,0,1,0,0,0,0
4.4,10,27.512034878570574,487.2970117754178,0,1,0,0,0,0
4.4,10,28.465061620832,570.0560839355832,0,0,1,0,0,1
4.4,10,27.87731316421769,818.114634637849,0,0,0,1,0,0
4.4,10,27.82580757854877,221.8338571895152,0,1,0,0,0,0
4.4,10,27.55088460723799,406.3657136786584,0,1,0,0,0,0
4.4,10,28.46266036104634,611.7397390899404,0,1,0,0,0,0
4.4,10,28.690497384846672,130.50191867408162,0,1,0,0,0,0
4.4,10,28.632434590956272,106.87651003869236,0,1,0,0,0,0
4.4,10,27.63881614354788,597.6456141687039,0,1,0,0,0,0
4.4,10,27.62017371746927,982.1445564370172,0,0,1,0,0,1
4.4,10,27.672802331136538,862.1747160565099,0,1,0,0,0,0
4.4,10,28.45950401678957,562.8242443444443,0,0,1,0,0,1
4.4,10,27.614739851906485,980.5873583570118,0,0,1,0,0,1
4.4,10,28.12503244735021,471.8841836527543,0,1,0,0,0,0
4.4,10,28.12744217116314,319.44948590111886,0,1,0,0,0,0
4.4,10,28.60119853403454,80.66939676464774,0,1,0,0,0,0
4.4,10,28.22034701830284,729.7013711902121,0,1,0,0,0,0
4.4,10,28.21908428740704,413.97819468045066,0,1,0,0,0,0
4.4,10,28.145511001420733,470.75391214852135,0,1,0,0,0,0
4.4,10,28.13658389908498,90.99690791030886,0,1,0,0,0,0
4.4,10,28.030142825136497,291.15854519198734,0,1,0,0,0,0
4.4,10,27.532980666049124,202.379036466918,0,1,0,0,0,0
4.4,10,27.515494120032866,160.24613937278292,0,1,0,0,0,0
4.4,10,27.555635434788176,207.16539591749145,0,1,0,0,0,0
4.4,10,27.572714503669584,342.079427816233,0,1,0,0,0,0
4.4,10,27.52730933236967,176.3825255987698,0,1,0,0,0,0
4.4,10,27.49838531696516,109.98889515752528,0,1,0,0,0,0
4.4,10,28.290404517606152,69.90859397516445,0,1,0,0,0,0
4.4,10,28.419918536896507,817.462368836812,0,1,0,0,0,0
4.4,10,28.21784707069887,89.70860605890148,0,1,0,0,0,0
4.4,10,28.254838980296284,73.93220039562287,0,1,0,0,0,0
4.4,10,28.539236032072868,96.43822521934496,0,1,0,0,0,0
4.4,10,28.34442140372949,120.37671831563196,0,1,0,0,0,0
4.4,10,28.31616864505753,135.17065698416746,0,1,0,0,0,0
4.4,10,28.384763462425138,45.03329584849755,0,1,0,0,0,0
4.4,10,28.27921701545916,91.6865128817842,0,1,0,0,0,0
4.4,10,27.92064273670719,367.4650814826636,0,1,0,0,0,0
4.4,10,27.741225126561115,50.54223865034507,0,1,0,0,0,0
4.4,10,27.795042477727808,260.80379045887673,0,1,0,0,0,0
4.4,10,27.74177663533007,573.9386975330156,0,1,0,0,0,0
4.4,10,27.8957341229998,144.33908526238798,0,1,0,0,0,0
4.4,10,27.966027503177003,300.36938202901746,0,1,0,0,0,0
4.4,10,28.103276674276486,102.01738217256316,0,1,0,0,0,0
4.4,10,27.636087075555384,305.91097547168613,0,1,0,0,0,0
4.4,10,27.54015500269273,69.41577018038316,0,1,0,0,0,0
4.4,10,26.956221527402555,134.90154119866236,0,1,0,0,0,0
4.4,10,27.00592002702752,132.05918250868115,0,1,0,0,0,0
4.4,10,27.371320573670804,30.22986281338782,0,1,0,0,0,0
4.4,10,27.18610491123807,91.00218908685709,0,1,0,0,0,0
4.4,10,27.223229610829485,28.26913731630865,0,1,0,0,0,0
4.4,10,27.253437409327407,46.5828831172477,0,1,0,0,0,0
4.4,10,27.15906932653421,147.37931221445731,0,1,0,0,0,0
4.4,10,27.21138045762011,324.776723723229,0,1,0,0,0,0
4.4,10,27.43460280809874,203.9755409177465,0,1,0,0,0,0
4.4,10,27.10588359172199,78.19758455998179,0,0,1,0,0,1
4.4,10,27.04038514777609,54.16969615113719,0,0,1,0,0,1
4.4,10,27.059062295278224,27.76453652823825,0,0,1,0,0,1
4.4,10,27.109397073668664,75.69114509622894,0,0,1,0,0,1
4.4,10,26.943829514933203,21.03902005078229,0,1,0,0,0,0
4.4,10,26.94529116493472,4.132342319004735,0,1,0,0,0,0
4.4,10,26.943903301732764,1.8744537752159347,0,1,0,0,0,0
4.4,10,27.54796000980719,133.03650926439838,0,1,0,0,0,0
4.4,10,27.49880008512127,25.57034603595447,0,1,0,0,0,0
4.4,10,27.58877513247927,168.4516590557837,0,1,0,0,0,0
4.4,10,27.336365216520036,23.427677842640943,0,1,0,0,0,0
4.4,10,27.441135170249428,26.08679394718236,0,1,0,0,0,0
4.4,10,27.24164141710241,72.69867829422496,0,1,0,0,0,0
4.4,10,27.505306591252893,51.1190504263312,0,1,0,0,0,0
4.4,10,27.28477026056896,63.88091430830356,0,1,0,0,0,0
4.4,10,26.531525837657643,233.8629467635245,0,1,0,0,0,0
4.4,10,26.48025707897981,49.584599704234,0,1,0,0,0,0
4.4,10,26.37440052429329,47.27535797076176,0,1,0,0,0,0
4.4,10,26.464230720433648,245.62067230764188,0,1,0,0,0,0
4.4,10,26.378346631594155,42.163342673176174,0,1,0,0,0,0
4.4,10,26.643498768226227,244.9548186485173,0,1,0,0,0,0
4.4,10,26.77808616202144,92.40428493856724,0,1,0,0,0,0
4.4,10,26.69513703351053,119.77197107711746,0,1,0,0,0,0
4.4,10,26.638763804006665,125.21371390299556,0,1,0,0,0,0
4.4,10,26.681178459538565,61.25161546569736,0,1,0,0,0,0
4.4,10,26.71635797114927,43.2535597212823,0,1,0,0,0,0
4.4,10,26.72698049795413,98.70249495381726,0,1,0,0,0,0
4.4,10,26.58777665794653,279.09398025829216,0,0,0,1,0,0
4.4,10,26.676396667271995,93.08453897350836,0,1,0,0,0,0
4.4,10,26.5450482050684,56.627548840093255,0,1,0,0,0,0
4.4,10,26.572744918431333,340.27747462200284,0,1,0,0,0,0
4.4,10,26.632180681961213,88.80970041827598,0,1,0,0,0,0
4.4,10,26.885605406380392,69.13151400047118,0,1,0,0,0,0
4.4,10,26.461284408198907,1113.8511541118462,0,0,1,0,0,1
4.4,10,26.01312495603459,365.64058158029206,0,1,0,0,0,0
4.4,10,26.165923721034588,267.96018620176386,0,1,0,0,0,0
4.4,10,26.87132019340467,365.1871400956596,0,1,0,0,0,0
4.4,10,26.25609167173625,689.4027669901633,0,1,0,0,0,0
4.4,10,26.22400175715867,636.0539900092799,0,1,0,0,0,0
4.4,10,26.25221110925737,567.9755112173814,0,1,0,0,0,0
4.4,10,26.236769760734667,575.3128646854993,0,1,0,0,0,0
4.4,10,26.231822727319933,574.7529353104052,0,1,0,0,0,0
4.4,10,26.209428525386148,540.1669721257488,0,1,0,0,0,0
4.4,10,26.15333203877516,436.8499428942665,0,1,0,0,0,0
4.4,10,26.28299659086905,695.9560480267629,0,1,0,0,0,0
4.4,10,26.28736586149136,577.6698545616057,0,1,0,0,0,0
4.4,10,26.416016301441235,335.22960069142937,0,1,0,0,0,0
4.4,10,26.27679706293615,696.1786365277121,0,1,0,0,0,0
4.4,10,26.27096058401054,696.3421948597148,0,1,0,0,0,0
4.4,10,26.81959576780287,371.1215325833661,0,1,0,0,0,0
4.4,10,26.798394922764867,308.45263110990464,0,1,0,0,0,0
4.4,10,26.80360195214393,309.0971036729504,0,1,0,0,0,0
4.4,10,26.891006284671292,395.3833305671154,0,1,0,0,0,0
4.4,10,26.834253757987945,269.850851830783,0,1,0,0,0,0
4.4,10,26.83957859753605,270.0867376542883,0,1,0,0,0,0
4.4,10,26.878913083866504,202.95513702110767,0,1,0,0,0,0
4.4,10,26.351064731151805,480.5993067445032,0,1,0,0,0,0
4.4,10,26.768693803029045,677.0056827811665,0,1,0,0,0,0
4.4,10,27.08268167493642,294.09364391176683,0,1,0,0,0,0
4.4,10,26.157567679774257,236.5121894100809,0,1,0,0,0,0
4.4,10,26.679991999113607,215.92521397608635,0,1,0,0,0,0
4.4,10,26.161937199988905,85.58510939368301,0,1,0,0,0,1
4.4,10,26.8445115538934,1140.9176808463385,0,1,0,0,0,0
4.4,10,26.199752137309755,107.5512141636794,0,1,0,0,0,0
4.4,10,27.31078557268904,1089.568008853888,0,1,0,0,0,0
4.4,10,27.45635857039039,334.59848703598726,0,1,0,0,0,0
4.4,10,26.20404777499106,28.385297681192583,0,1,0,0,0,0
4.4,10,26.246574268279403,567.1465731811318,0,1,0,0,0,0
4.4,10,26.2468050887562,92.74746145535966,0,1,0,0,0,0
4.4,10,26.9006749918161,228.36961989001304,0,1,0,0,0,0
4.4,10,26.92759480947168,254.70050304578703,0,1,0,0,0,0
4.4,10,26.36124672954509,1016.9636271395376,0,1,0,0,0,0
4.4,10,26.63934046581788,85.68664356395496,0,1,0,0,0,0
4.4,10,26.816068365474464,177.29661764545756,0,1,0,0,0,0
4.4,10,26.215005409194365,47.89412665502419,0,1,0,0,0,0
4.4,10,26.478237270899992,1145.0665308117518,0,0,1,0,0,1
4.4,10,26.824253370802214,207.8307273507556,0,1,0,0,0,0
4.4,10,26.3970097143966,159.94714305144652,0,1,0,0,0,0
4.4,10,26.28392796414852,99.44559028889792,0,1,0,0,0,0
4.4,10,27.2156757553396,255.5463066665477,0,1,0,0,0,0
4.4,10,27.21091395735671,90.99704585081024,0,1,0,0,0,0
4.4,10,27.3778243167836,196.00788780873137,0,1,0,0,0,0
4.4,10,26.564647036624176,167.35995366540533,0,1,0,0,0,0
4.4,10,26.59739881172065,167.19934341308138,0,1,0,0,0,0
4.4,10,26.532898676337208,96.6416411710695,0,1,0,0,0,0
4.4,10,26.85683746438329,274.6637791082936,0,1,0,0,0,0
4.4,10,27.45095572180476,137.04688419445134,0,1,0,0,0,0
4.4,10,26.85972900656435,34.03305275747826,0,1,0,0,0,0
4.4,10,26.918226623886987,156.76323288004022,0,1,0,0,0,0
4.4,10,26.916214739203983,158.00689483772993,0,1,0,0,0,0
4.4,10,27.163857637340502,279.2471374684297,0,1,0,0,0,0
4.4,10,27.037372676186557,626.182626684892,0,1,0,0,0,0
4.4,10,27.27828316770477,150.37827278922424,0,1,0,0,0,0
4.4,10,27.13978821371393,319.6097773391808,0,1,0,0,0,0
4.4,10,27.01344727259151,174.6947073483496,0,1,0,0,0,0
4.4,10,27.365555496526365,182.8723706910952,0,1,0,0,0,0
4.4,10,27.38916208631508,95.1571781591655,0,1,0,0,0,0
4.4,10,27.311261218151067,159.32359621683574,0,1,0,0,0,0
4.4,10,27.06299632802923,209.25018675548927,0,1,0,0,0,0
4.4,10,26.91026796272387,109.22252663560889,0,1,0,0,0,0
4.4,10,27.461456690028506,109.03418795763196,0,1,0,0,0,0
4.4,10,27.39505818098184,32.15380230084201,0,1,0,0,0,0
4.4,10,27.40552963066368,32.64770777076064,0,1,0,0,0,0
4.4,10,26.47522683412959,436.8478465019308,0,1,0,0,0,0
4.4,10,26.57481563685004,227.23487085076584,0,1,0,0,0,0
4.4,10,26.266694267021126,172.99903700253435,0,1,0,0,0,0
4.4,10,26.674831292409618,351.6862373132372,0,1,0,0,0,0
4.4,10,26.687370977594764,74.6131035105682,0,1,0,0,0,0
4.4,10,26.684172302003383,69.68496070580233,0,1,0,0,0,0
4.4,10,26.608016573648506,54.07112144871091,0,1,0,0,0,0
4.4,10,26.721482182529293,31.937224619393817,0,1,0,0,0,0
4.4,10,26.656139507543696,58.312806664206775,0,1,0,0,0,0
4.4,10,26.648458745865508,27.015194739222224,0,1,0,0,0,0
4.4,10,26.63199457898929,56.576996081587126,0,1,0,0,0,0
4.4,10,26.812169996271592,94.2362656584272,0,1,0,0,0,0
4.4,10,26.73687963603817,171.77667932183692,0,1,0,0,0,0
4.4,10,26.46217461085596,204.0842378773952,0,1,0,0,0,0
4.4,10,26.40708459950838,43.69911319642008,0,1,0,0,0,0
4.4,10,26.369581140810013,189.8703311806244,0,1,0,0,0,0
4.4,10,26.20088586007132,54.31677016947778,0,1,0,0,0,0
4.4,10,26.379035849322737,48.98321932558042,0,1,0,0,0,0
4.4,10,26.49789924988057,72.76683553684448,0,1,0,0,0,0
4.4,10,26.39712698966119,51.5365677994661,0,1,0,0,0,0
4.4,10,26.37947567816293,70.68655401911838,0,1,0,0,0,0
4.4,10,26.351289633971835,64.46686456253659,0,1,0,0,0,0
4.4,10,26.473635396705216,429.2517245917204,0,1,0,0,0,0
4.4,10,26.32708482325503,102.23043812250414,0,1,0,0,0,0
4.4,10,26.3664089067994,109.06679987004642,0,1,0,0,0,0
4.4,10,26.29517469692067,98.95604632474436,0,1,0,0,0,0
4.4,10,26.451791135823367,265.5589038451527,0,1,0,0,0,0
4.4,10,26.53138398506749,93.43806129677138,0,1,0,0,0,0
4.4,10,26.55754730855969,47.15578175262618,0,1,0,0,0,0
4.4,10,26.840357155328636,118.90692154529977,0,1,0,0,0,0
4.4,10,28.280947893571497,225.8528041125306,0,1,0,0,0,0
4.4,10,28.266240176875858,294.9915888447813,0,1,0,0,0,0
4.4,10,28.333227329096704,334.3188553864758,0,1,0,0,0,0
4.4,10,28.323259960951983,334.25934238511206,0,1,0,0,0,0
4.4,10,28.35041787167099,484.12736014571175,0,1,0,0,0,0
4.4,10,28.491368677744973,137.20560945840853,0,1,0,0,0,0
4.4,10,28.56296989413938,55.26479310489457,0,1,0,0,0,0
4.4,10,28.772511489594976,30.49501813572552,0,1,0,0,0,0
4.4,10,28.730264247278715,29.897726358552905,0,1,0,0,0,0
4.4,10,27.583958032410887,132.6131311872752,0,1,0,0,0,0
4.4,10,27.82291967458423,105.0392858119681,0,1,0,0,0,0
4.4,10,27.82020124995406,98.27573106947344,0,1,0,0,0,0
4.4,10,27.92603926321592,64.70010271962805,0,1,0,0,0,0
4.4,10,27.741153897982866,233.9750525527384,0,1,0,0,0,0
4.4,10,27.524359413203605,87.11285656179797,0,1,0,0,0,0
4.4,10,27.526946565203197,174.23070939831797,0,1,0,0,0,0
4.4,10,27.452828643567276,228.9196339526829,0,1,0,0,0,0
4.4,10,27.459896285531585,169.1001715315453,0,1,0,0,0,0
4.4,10,27.51533509540114,93.56340075340478,0,1,0,0,0,0
4.4,10,27.783857872635583,183.8928496966549,0,1,0,0,0,0
4.4,10,27.86397893037094,66.19700954893409,0,1,0,0,0,0
4.4,10,27.884958645200665,55.09770643770992,0,1,0,0,0,0
4.4,10,26.946090107687382,1666.867129286341,0,1,0,0,0,0
4.4,10,28.140114425864493,1399.4804229315232,0,1,0,0,0,0
4.4,10,27.453823003842032,333.8340435495894,0,1,0,0,0,0
4.4,10,27.48562424855044,383.58892752570847,0,1,0,0,0,0
4.4,10,27.976302264125373,508.8844278715315,0,1,0,0,0,0
4.4,10,27.42205646958704,121.112029339171,0,1,0,0,0,0
4.4,10,28.21942676055078,443.8545801027623,0,1,0,0,0,0
4.4,10,28.43770808090485,581.6741161068556,0,1,0,0,0,0
4.4,10,28.03088938767096,166.6042923485657,0,1,0,0,0,0
4.4,10,27.77435846129878,198.6452255996302,0,1,0,0,0,0
4.4,10,27.0049522963038,1767.6873942557947,0,1,0,0,0,0
4.4,10,27.400838188947603,132.7599672614834,0,1,0,0,0,0
4.4,10,28.296923226256897,252.67727933025728,0,1,0,0,0,0
4.4,10,28.180697086482212,74.4205621001059,0,1,0,0,0,0
4.4,10,28.09184786466797,50.24925123891645,0,1,0,0,0,0
4.4,10,28.48674870506026,143.31582057038375,0,1,0,0,0,0
4.4,10,27.72379083537064,86.71843425810566,0,1,0,0,0,0
4.4,10,27.6095885752834,102.514529610439,0,1,0,0,0,0
4.4,10,27.6507297415101,140.1156180099101,0,1,0,0,0,0
4.4,10,27.581218137954536,127.91191613038254,0,1,0,0,0,0
4.4,10,27.80109957932009,165.3455584482181,0,1,0,0,0,0
4.4,10,27.260721052080072,368.9956686512016,0,1,0,0,0,0
4.4,10,27.334305967746037,209.39629280997147,0,1,0,0,0,0
4.4,10,27.137043964763617,370.2095808821495,0,1,0,0,0,0
4.4,10,27.196704498186858,324.296997365628,0,1,0,0,0,0
4.4,10,26.77804625771396,113.74817273186736,0,1,0,0,0,0
4.4,10,27.34512138043346,98.67412922181956,0,1,0,0,0,0
4.4,10,27.31286337360736,113.6759414702521,0,1,0,0,0,0
4.4,10,27.19456988034134,134.31002521203362,0,1,0,0,0,0
4.4,10,27.164979905749647,136.91314480595824,0,1,0,0,0,0
4.4,10,27.110967348447424,86.94743254246251,0,1,0,0,0,0
4.4,10,27.08813896962769,98.19253648205284,0,1,0,0,0,0
4.4,10,27.01627191417394,68.30131320257374,0,1,0,0,0,0
4.4,10,27.018917947123104,200.4534789408692,0,1,0,0,0,0
4.4,10,27.034181842682997,38.43539556738425,0,1,0,0,0,0
4.4,10,26.96403311147705,149.37861789200838,0,1,0,0,0,0
4.4,10,26.89621169585049,160.62148321739795,0,1,0,0,0,0
4.4,10,26.91259206226353,139.12628009981336,0,1,0,0,0,0
4.4,10,26.907569903772192,52.150372511659896,0,1,0,0,0,0
4.4,10,26.8820750949276,84.40535952287763,0,1,0,0,0,0
4.4,10,26.856051656658583,83.54417794126374,0,1,0,0,0,0
4.4,10,26.828260085872017,86.48292994224903,0,1,0,0,0,0
4.4,10,26.814204052116946,36.567474265974994,0,1,0,0,0,0
4.4,10,27.309480772924072,244.4607534056381,0,1,0,0,0,0
4.4,10,27.198313980220505,52.653878975892674,0,1,0,0,0,0
4.4,10,27.302993989707872,62.063408012176495,0,1,0,0,0,0
4.4,10,26.87103814104816,122.58372350402496,0,1,0,0,0,0
4.4,10,26.92347932746852,87.34605639498929,0,1,0,0,0,0
4.4,10,26.85666647763692,107.15647088968042,0,1,0,0,0,0
4.4,10,26.87193910831274,81.80447136516437,0,1,0,0,0,0
4.4,10,27.162830749972997,86.38225410200425,0,1,0,0,0,0
4.4,10,26.30887192193367,302.3018674521137,0,1,0,0,0,0
4.4,10,26.721737511900187,546.370636363513,0,1,0,0,0,0
4.4,10,26.337687753961266,232.41995961876432,0,1,0,0,0,0
4.4,10,26.560024206778603,286.22677264435004,0,1,0,0,0,0
4.4,10,26.39910395659858,77.05004157664705,0,1,0,0,0,0
4.4,10,26.35677493145449,218.62910806704105,0,1,0,0,0,0
4.4,10,26.200133704609,173.98134798136016,0,1,0,0,0,0
4.4,10,26.382875540384266,134.29161323846492,0,1,0,0,0,0
4.4,10,26.38118556536253,43.46660680425987,0,1,0,0,0,0
4.4,10,26.32435073619622,32.371081373428936,0,1,0,0,0,0
4.4,10,26.257841328372603,213.1296943017576,0,1,0,0,0,0
4.4,10,26.535984841853384,217.695915441297,0,1,0,0,0,0
4.4,10,26.60794328222944,216.6606995641929,0,1,0,0,0,0
4.4,10,26.519205119353472,188.7283200662565,0,1,0,0,0,0
4.4,10,26.743129419940765,211.3973574238922,0,1,0,0,0,0
4.4,10,26.721481997261144,141.25025746506358,0,1,0,0,0,0
4.4,10,26.642928228709984,51.24764635763868,0,1,0,0,0,0
4.4,10,26.54589786447959,98.48020469036484,0,1,0,0,0,0
4.4,10,26.33819917696629,227.48866528464083,0,1,0,0,0,0
4.4,10,26.3156779359034,359.3199554456741,0,1,0,0,0,0
4.4,10,26.41725050530251,88.83506379673443,0,1,0,0,0,0
4.4,10,26.340461659304932,85.52318047654609,0,1,0,0,0,0
4.4,10,26.351662289440203,22.1184038716978,0,1,0,0,0,0
4.4,10,26.51553016499368,156.82523020824732,0,1,0,0,0,0
4.4,10,26.076317232436573,209.7314551438328,0,1,0,0,0,0
4.4,10,26.470102958344093,246.58223885429328,0,1,0,0,0,0
4.4,10,26.943651061005323,718.3158894313178,0,1,0,0,0,0
4.4,10,27.0465695825754,874.9779021833535,0,1,0,0,0,0
4.4,10,26.07222600316041,212.91805755464927,0,1,0,0,0,0
4.4,10,26.900930423391817,91.39924333169732,0,0,0,1,0,0
4.4,10,27.11673686623083,299.25719496125475,0,1,0,0,0,0
4.4,10,27.23589595988032,201.11827346174968,0,1,0,0,0,0
4.4,10,26.88152998715454,957.7411175236568,0,1,0,0,0,0
4.4,10,26.075756474751103,262.7393162901635,0,1,0,0,0,0
4.4,10,26.71301979759448,485.28155880726416,0,1,0,0,0,0
4.4,10,26.0653963403498,274.0379877475513,0,1,0,0,0,0
4.4,10,26.10534764557903,143.38068989903758,0,1,0,0,0,0
4.4,10,26.112157194176184,138.42178288863644,0,1,0,0,0,0
4.4,10,26.09291772792768,172.81028675317953,0,1,0,0,0,0
4.4,10,26.15823637061025,290.3269745079592,0,1,0,0,0,0
4.4,10,27.29097352053749,106.8202283926314,0,1,0,0,0,0
4.4,10,27.26684456664465,40.22587196871698,0,1,0,0,0,0
4.4,10,26.13690955662725,191.6921386756426,0,1,0,0,0,0
4.4,10,26.11681014699486,110.298168850794,0,1,0,0,0,0
4.4,10,26.803232450638205,184.7610651392932,0,1,0,0,0,0
4.4,10,26.449748497167384,137.15988187039943,0,1,0,0,0,0
4.4,10,26.83974718103745,186.27097684509425,0,1,0,0,0,0
4.4,10,26.950212231974675,332.4428080119421,0,1,0,0,0,0
4.4,10,27.131643897049752,131.6636061750469,0,1,0,0,0,0
4.4,10,27.19291686902802,158.64067994312478,0,1,0,0,0,0
4.4,10,26.89345724218724,41.13517698292804,0,0,0,1,0,0
4.4,10,27.24584376352595,27.239387207181856,0,1,0,0,0,0
4.4,10,27.268260792791263,45.576067567607886,0,1,0,0,0,0
4.4,10,27.297819162514955,39.87222935105243,0,1,0,0,0,0
4.4,10,27.232881614914724,103.41198378229682,0,1,0,0,0,0
4.4,10,26.84579894357424,129.62104274640265,0,1,0,0,0,0
4.4,10,26.838866174678383,135.15079985293303,0,1,0,0,0,0
4.4,10,26.8252387554384,59.292377667343935,0,1,0,0,0,0
4.4,10,27.237417597395627,45.51053735390912,0,1,0,0,0,0
4.4,10,27.13019880718624,122.73569008734674,0,1,0,0,0,0
4.4,10,26.35930368696353,545.6584502390508,0,1,0,0,0,0
4.4,10,26.70600304122207,110.7998723156258,0,1,0,0,0,0
4.4,10,26.1843719341643,169.06587049405948,0,1,0,0,0,0
4.4,10,26.22987716862156,169.38606225186305,0,1,0,0,0,0
4.4,10,26.360947679437235,194.5038240019829,0,1,0,0,0,0
4.4,10,26.714379641618734,164.48167048461193,0,1,0,0,0,0
4.4,10,26.25433589687644,51.02466024302288,0,1,0,0,0,0
4.4,10,26.24969669618516,130.6360883646542,0,1,0,0,0,0
4.4,10,26.160093099582586,58.05206428985675,0,1,0,0,0,0
4.4,10,26.52085390438163,308.24564125887184,0,1,0,0,0,0
4.4,10,26.399751817607125,101.4975264230138,0,1,0,0,0,0
4.4,10,26.32026576970181,172.07136509935782,0,1,0,0,0,0
4.4,10,26.28228915445809,181.685717946981,0,1,0,0,0,0
4.4,10,26.67222589674265,162.2455291536184,0,1,0,0,0,0
4.4,10,26.65766805388349,108.3752301610993,0,1,0,0,0,0
4.4,10,26.5749743968393,110.2637172527019,0,1,0,0,0,0
4.4,10,26.444655674970274,206.7106326381937,0,1,0,0,0,0
4.4,10,26.614977977006863,86.7979376149772,0,1,0,0,0,0
4.4,10,28.90828150415052,503.8856262904735,0,1,0,0,0,0
4.4,10,28.869581442470004,173.08829512805153,0,1,0,0,0,0
4.4,10,29.02567580151884,96.02388977517344,0,1,0,0,0,0
4.4,10,28.290962654372358,614.173819587889,0,1,0,0,0,0
4.4,10,27.73502291521946,260.62023440777347,0,1,0,0,0,0
4.4,10,27.247828028496173,450.3289130201844,0,0,0,1,0,0
4.4,10,26.98415528308497,147.92426474750943,0,0,0,1,0,0
4.4,10,27.365984603625705,172.89042491637522,0,1,0,0,0,0
4.4,10,26.89262474177052,603.303605923747,0,1,0,0,0,0
4.4,10,26.514724894792653,559.3186672983068,0,1,0,0,0,0
4.4,10,26.709511889509663,288.44226930032187,0,1,0,0,0,0
4.4,10,23.52218769909985,1551.2810007385287,0,1,0,0,0,0
4.4,10,21.75489999877273,6323.53534976653,0,0,0,1,0,0
4.4,10,26.61157622389084,207.3395335873389,0,1,0,0,0,0
4.4,10,25.17889793037872,315.0799049298802,0,1,0,0,0,0
4.4,10,25.263407546871736,174.18991059376975,0,1,0,0,0,0
4.4,10,25.239430614119968,168.79104318281844,0,1,0,0,0,0
4.4,10,26.485339905878053,338.91539867889986,0,1,0,0,0,0
4.4,10,25.227483667497744,997.6156886305278,0,1,0,0,0,0
4.4,10,24.72426116772425,585.0426686455694,0,0,0,1,0,0
4.4,10,24.323951674207965,448.39062579001,0,1,0,0,0,0
4.4,10,24.45708461388973,297.0186360524183,0,1,0,0,0,0
4.4,10,24.24891184709594,351.3298038360153,0,1,0,0,0,0
4.4,10,23.96203924934104,1043.6146125061075,0,1,0,0,0,0
4.4,10,24.125673420713312,266.46329959554686,0,1,0,0,0,0
4.4,10,24.011776561198698,152.87051309941165,0,1,0,0,0,0
4.4,10,23.96083100254777,48.23436522752555,0,1,0,0,0,0
4.4,10,24.039035787704485,145.75905764797676,0,1,0,0,0,0
4.4,10,24.42217925765715,574.0222567871773,0,1,0,0,0,0
4.4,10,24.620715257340915,462.6985561103636,0,1,0,0,0,0
4.4,10,24.627715625604644,143.78908318548562,0,1,0,0,0,0
4.4,10,24.66469300207273,116.618385097975,0,1,0,0,0,0
4.4,10,24.121011605196497,109.66209422114962,0,1,0,0,0,0
4.4,10,24.05773248916166,178.05362514009795,0,1,0,0,0,0
4.4,10,23.977095509839813,94.9799257066089,0,1,0,0,0,0
4.4,10,24.8772525318822,407.2961524764308,0,1,0,0,0,1
4.4,10,25.198347080185243,166.87428003823243,0,1,0,0,0,0
4.4,10,25.17179158136447,164.69563476836967,0,1,0,0,0,0
4.4,10,25.11634311077442,151.8044452301573,0,1,0,0,0,0
4.4,10,25.08072447103419,125.799172938717,0,1,0,0,0,0
4.4,10,25.046086699052765,102.07686936591442,0,1,0,0,0,0
4.4,10,25.01114117801321,78.59678192172733,0,1,0,0,0,0
4.4,10,24.97852326394269,56.604786875761775,0,1,0,0,0,0
4.4,10,25.147866501840696,166.99392241318526,0,1,0,0,0,0
4.4,10,25.023936049953303,457.44205311413856,0,1,0,0,0,0
4.4,10,24.91696651115701,21.56738985700975,0,1,0,0,0,0
4.4,10,24.67352551048468,194.30567018005897,0,1,0,0,0,0
4.4,10,24.30279959054141,103.93256074075109,0,1,0,0,0,0
4.4,10,24.183951669077068,376.1553690785849,0,1,0,0,0,0
4.4,10,24.32226659903085,38.63805908388845,0,1,0,0,0,0
4.4,10,24.06962674281297,156.05617373151222,0,1,0,0,0,0
4.4,10,24.32918670990908,142.9996690651282,0,1,0,0,0,0
4.4,10,23.984243150375608,57.46002522020946,0,1,0,0,0,0
4.4,10,24.6071783346391,295.4167736768362,0,1,0,0,0,0
4.4,10,24.589952014586533,135.2092406081131,0,1,0,0,0,0
4.4,10,24.10878637802406,10.40211538141956,0,1,0,0,0,0
4.4,10,24.112338092825045,4.866864526148122,0,1,0,0,0,0
4.4,10,24.11720674957756,19.2567944936028,0,1,0,0,0,0
4.4,10,24.13950814001452,40.31044993573352,0,1,0,0,0,0
4.4,10,24.161575158109308,10.389974151149223,0,1,0,0,0,0
4.4,10,24.297523994930376,98.62059233657678,0,1,0,0,0,0
4.4,10,24.41029860902004,272.5263142274971,0,1,0,0,0,0
4.4,10,24.607202260815736,95.49417191660226,0,1,0,0,0,0
4.4,10,24.6424503929609,73.4104335421966,0,1,0,0,0,0
4.4,10,23.990143179750472,61.350936850647344,0,1,0,0,0,0
4.4,10,24.56350409917267,53.34747988423379,0,1,0,0,0,0
4.4,10,24.49887593172408,110.45204355891543,0,1,0,0,0,0
4.4,10,24.502765892907803,123.71803542977716,0,1,0,0,0,0
4.4,10,25.85483286111052,211.929286371033,0,1,0,0,0,0
4.4,10,25.93235521771813,55.05326640022229,0,1,0,0,0,0
4.4,10,26.01642220199063,160.08069279923853,0,1,0,0,0,0
4.4,10,25.96743649238957,107.88120366830402,0,1,0,0,0,0
4.4,10,26.01649529184584,141.93507301639997,0,1,0,0,0,0
4.4,10,26.067132358880688,218.9342208932392,0,1,0,0,0,0
4.4,10,26.11139224548543,318.2377257654758,0,1,0,0,0,0
4.4,10,26.142124322820287,65.50108076079371,0,1,0,0,0,0
4.4,10,26.161931714285032,169.93895702839015,0,1,0,0,0,0
4.4,10,25.922173107431306,31.91976116110396,0,1,0,0,0,0
4.4,10,25.902945291489345,146.747036092765,0,1,0,0,0,0
4.4,10,26.0694170590084,90.23944774360154,0,1,0,0,0,0
4.4,10,25.833918321543774,63.17486476395676,0,1,0,0,0,0
4.4,10,26.17722049059816,101.90765947580906,0,1,0,0,0,0
4.4,10,26.354713281144623,150.08706525981862,0,1,0,0,0,0
4.4,10,26.41478136098984,249.5550753227613,0,1,0,0,0,0
4.4,10,26.46414277115944,73.91366809835739,0,1,0,0,0,0
4.4,10,26.40266833325408,95.33840101389411,0,1,0,0,0,0
4.4,10,26.40997075114785,68.57956794773244,0,1,0,0,0,0
4.4,10,26.283919195241165,62.03404465179702,0,1,0,0,0,0
4.4,10,26.271496954411703,49.2548434956986,0,1,0,0,0,0
4.4,10,26.412967868690984,22.81853136014091,0,1,0,0,0,0
4.4,10,26.15526567499307,165.87665564796873,0,1,0,0,0,0
4.4,10,25.882630574808463,22.33084536757421,0,1,0,0,0,0
4.4,10,25.90951175720969,150.30045821377425,0,1,0,0,0,0
4.4,10,26.089508681514967,423.4407711162691,0,1,0,0,0,0
4.4,10,25.872986152012555,9.859346248894395,0,0,0,1,0,0
4.4,10,26.20941105891635,68.88191267253542,0,1,0,0,0,0
4.4,10,26.39082738623706,11.708724725380728,0,1,0,0,0,0
4.4,10,26.14289782669816,29.67434973031985,0,1,0,0,0,0
4.4,10,25.954278888783254,113.9213491750493,0,1,0,0,0,0
4.4,10,25.340512805654534,74.69605329948737,0,1,0,0,0,0
4.4,10,25.42608509429797,84.70025013354173,0,1,0,0,0,0
4.4,10,25.384068710849306,126.85804608194988,0,1,0,0,0,0
4.4,10,25.33492076371837,179.79611784042334,0,1,0,0,0,0
4.4,10,25.305807776349518,189.1263887777078,0,1,0,0,0,0
4.4,10,25.78888143684966,345.29160170564785,0,1,0,0,0,0
4.4,10,25.676797040592994,364.2503418785335,0,1,0,0,0,0
4.4,10,25.715337063301902,115.95617069839597,0,1,0,0,0,0
4.4,10,25.573568949189024,246.79967411889223,0,1,0,0,0,0
4.4,10,25.51278450626864,392.4555722476625,0,1,0,0,0,0
4.4,10,25.44356772250697,314.1727972726157,0,1,0,0,0,0
4.4,10,25.380365168005856,323.38148950406867,0,1,0,0,0,0
4.4,10,25.31818316450197,396.50576048301264,0,1,0,0,0,0
4.4,10,25.27144130189735,403.71766391510096,0,1,0,0,0,0
4.4,10,25.268514091554948,101.56159646997015,0,1,0,0,0,0
4.4,10,25.333016314909223,312.21308619453544,0,1,0,0,0,0
4.4,10,25.579119416630697,476.30222233959415,0,1,0,0,0,0
4.4,10,25.730030560913523,237.2429327688839,0,1,0,0,0,0
4.4,10,25.57706214421791,168.25362510688723,0,1,0,0,0,0
4.4,10,25.43129262419433,133.63115267247608,0,1,0,0,0,0
4.4,10,25.58292303013872,367.5474099397966,0,1,0,0,0,0
4.4,10,25.3275127931287,80.57724163097706,0,1,0,0,0,0
4.4,10,25.379261225611582,20.025454639654978,0,1,0,0,0,0
4.4,10,25.62467803556409,238.3460675613329,0,1,0,0,0,0
4.4,10,25.19646856242332,52.804678422687495,0,1,0,0,0,0
4.4,10,25.196064415978643,53.72604755025077,0,1,0,0,0,0
4.4,10,25.18770490493674,55.17555053962507,0,1,0,0,0,0
4.4,10,25.17530962662468,51.096573757085736,0,1,0,0,0,0
4.4,10,25.16428549509516,53.771021460201446,0,1,0,0,0,0
4.4,10,25.815966432937028,10.445665613296756,0,0,0,1,0,0
4.4,10,25.181236890146007,386.7491547556504,0,1,0,0,0,0
4.4,10,25.01143899825654,301.7835977606509,0,1,0,0,0,0
4.4,10,25.586643178884128,488.9865688872009,0,1,0,0,0,0
4.4,10,25.41284226781673,333.29012402655985,0,1,0,0,0,0
4.4,10,25.285741741614448,180.41861717259505,0,1,0,0,0,0
4.4,10,25.722573980130782,183.9335980304108,0,1,0,0,0,0
4.4,10,25.76595026094766,289.2477097719881,0,1,0,0,0,0
4.4,10,25.81008565891475,57.547915113973154,0,1,0,0,0,0
4.4,10,25.54963006392085,680.616141132548,0,0,0,1,0,1
4.4,10,25.617552186575264,297.99887526911454,0,1,0,0,0,0
4.4,10,25.741261873036866,289.66793650378384,0,1,0,0,0,0
4.4,10,25.18787802804395,68.06059896218883,0,1,0,0,0,0
4.4,10,25.36398157696836,555.9518879153019,0,1,0,0,0,0
4.4,10,26.02228168976165,523.1309353832849,0,1,0,0,0,0
4.4,10,25.899784111399704,392.3361174753392,0,1,0,0,0,0
4.4,10,25.98965881488248,478.4916138863943,0,1,0,0,0,0
4.4,10,25.878877839307123,542.8424193136254,0,1,0,0,0,0
4.4,10,25.832030568316718,474.4672894092341,0,1,0,0,0,0
4.4,10,25.79827499848549,397.5723706551664,0,1,0,0,0,0
4.4,10,26.01816433814436,380.903853154518,0,1,0,0,0,0
4.4,10,26.262530242733803,281.0557684969808,0,1,0,0,0,0
4.4,10,24.85415652476046,582.189103061495,0,1,0,0,0,0
4.4,10,25.10003057077,482.19580486910814,0,1,0,0,0,0
4.4,10,25.041931768832672,154.62420219474447,0,1,0,0,0,0
4.4,10,25.015346674755023,743.3319287736381,0,1,0,0,0,0
4.4,10,25.63754280869326,487.3751643053101,0,1,0,0,0,0
4.4,10,26.132960761078856,53.66399837083236,0,1,0,0,0,0
4.4,10,25.460962135902992,114.6642656107552,0,1,0,0,0,0
4.4,10,25.157994322194423,821.8158112148539,0,1,0,0,0,0
4.4,10,25.37687949740577,359.07737553963443,0,1,0,0,0,0
4.4,10,26.324223189843305,78.61868759385733,0,1,0,0,0,0
4.4,10,25.716577423365024,67.10995836785781,0,0,0,1,0,1
4.4,10,26.2756029327146,61.41516001032839,0,1,0,0,0,0
4.4,10,26.3771624712603,49.86721095144765,0,1,0,0,0,0
4.4,10,25.549338920745907,689.6010761785077,0,0,0,1,0,1
4.4,10,25.68422817599849,85.9770618776419,0,0,0,1,0,1
4.4,10,25.707971367856345,236.35683555229724,0,0,0,1,0,1
4.4,10,25.13640149595179,356.26545088737,0,1,0,0,0,0
4.4,10,25.153965487864284,84.4156753707633,0,1,0,0,0,0
4.4,10,25.150028393400508,96.07442198720288,0,1,0,0,0,0
4.4,10,25.143936682257067,103.29012530347288,0,1,0,0,0,0
4.4,10,25.13178369899997,99.5413444351358,0,1,0,0,0,0
4.4,10,25.121676624682824,98.08845487247012,0,1,0,0,0,0
4.4,10,25.11145560372254,96.13900458624732,0,1,0,0,0,0
4.4,10,25.203078972678547,383.8949740362336,0,0,0,1,0,0
4.4,10,25.80098902999671,59.787142427840045,0,1,0,0,0,0
4.4,10,25.95288827841865,543.2516528974855,0,0,0,1,0,1
4.4,10,25.93806637746477,543.4183923755063,0,0,0,1,0,1
4.4,10,26.095938807929485,357.47276325067133,0,1,0,0,0,0
4.4,10,25.939642202688752,425.2612203791378,0,1,0,0,0,0
4.4,10,26.10221475513792,167.9387380391797,0,1,0,0,0,0
4.4,10,26.089327242401648,253.4696294309571,0,1,0,0,0,0
4.4,10,25.898731043211445,50.24979079494046,0,1,0,0,0,0
4.4,10,26.152237601428432,248.63148001158788,0,1,0,0,0,0
4.4,10,26.14606922752089,247.8655308862033,0,1,0,0,0,0
4.4,10,26.140264339904142,247.136623703596,0,1,0,0,0,0
4.4,10,26.047867502819944,286.3001836567529,0,1,0,0,0,0
4.4,10,26.218549307706777,102.00847846943032,0,1,0,0,0,0
4.4,10,26.153056580873155,103.71541525585263,0,1,0,0,0,0
4.4,10,26.185370350316425,66.17318224454047,0,1,0,0,0,0
4.4,10,25.91190783400458,48.967517615998354,0,1,0,0,0,0
4.4,10,26.017345583785183,147.5863031340748,0,1,0,0,0,0
4.4,10,25.86318484370626,142.63944724828372,0,1,0,0,0,0
4.4,10,26.08364342997237,72.54196598919837,0,1,0,0,0,0
4.4,10,26.13753264468181,137.2880183872037,0,1,0,0,0,0
4.4,10,26.21546575861604,90.84009547529092,0,1,0,0,0,0
4.4,10,26.22482919397721,58.58920510496765,0,1,0,0,0,0
4.4,10,25.77360152966465,49.47518556315697,0,0,0,1,0,1
4.4,10,26.25382983277281,325.74736812908213,0,1,0,0,0,0
4.4,10,26.229409299366832,16.85187433865937,0,1,0,0,0,0
4.4,10,26.068120736954363,374.1239986970682,0,1,0,0,0,0
4.4,10,26.34220731334541,68.38986699488058,0,1,0,0,1,0
4.4,10,26.11097679235266,268.2828216432546,0,1,0,0,0,0
4.4,10,26.056649306060564,45.14650021025669,0,1,0,0,0,0
4.4,10,26.095882490374176,253.26538336450253,0,1,0,0,0,0
4.4,10,25.94711547084177,47.22579580392896,0,1,0,0,0,0
4.4,10,26.17908643389545,66.80912091258041,0,1,0,0,0,0
4.4,10,25.598713316448,298.76943158125874,0,1,0,0,0,0
4.4,10,25.69968497391864,239.7548088158823,0,0,0,1,0,1
4.4,10,25.476778365706405,348.0486746073271,0,1,0,0,0,0
4.4,10,25.44226425216348,68.05637434431758,0,1,0,0,0,0
4.4,10,25.20910547659425,190.65664078200945,0,1,0,0,0,0
4.4,10,25.169559281275895,182.4416113542419,0,1,0,0,0,0
4.4,10,25.129392929090628,100.6726743955389,0,1,0,0,0,0
4.4,10,25.51268871478901,172.66747134732034,0,1,0,0,0,0
4.4,10,25.6739017610596,121.75201805521124,0,1,0,0,0,0
4.4,10,25.387372139625143,437.79949131037904,0,1,0,0,0,0
4.4,10,25.52841379484461,175.1871250667246,0,1,0,0,0,0
4.4,10,25.31893177642597,153.67726535448995,0,1,0,0,0,0
4.4,10,25.28043661394361,406.95522005389614,0,1,0,0,0,0
4.4,10,25.393597160871305,647.0151424227901,0,0,0,1,0,1
4.4,10,25.55323509010091,105.53030227134514,0,1,0,0,0,0
4.4,10,25.596543874320204,88.37707826612642,0,1,0,0,0,0
4.4,10,25.56229021872381,142.48892586436543,0,1,0,0,0,0
4.4,10,25.67747627361772,53.552563420753,0,0,0,1,0,1
4.4,10,25.50917872724798,230.48893074763456,0,1,0,0,0,0
4.4,10,25.5481961030518,176.66628962126845,0,1,0,0,0,0
4.4,10,25.485086253466008,280.1826914556504,0,1,0,0,0,0
4.4,10,25.494579194127283,227.93522660798703,0,1,0,0,0,0
4.4,10,25.082118600888148,337.78158944577865,0,1,0,0,0,0
4.4,10,25.165009287225825,198.0558581272249,0,1,0,0,0,0
4.4,10,25.18930167743644,92.9685533310696,0,1,0,0,0,0
4.4,10,25.39972099722091,132.09678376729846,0,1,0,0,0,0
4.4,10,25.16344325713589,239.87363905342303,0,1,0,0,0,0
4.4,10,25.350689395059263,132.24469282695796,0,1,0,0,0,0
4.4,10,25.58885145770153,82.6099235469845,0,1,0,0,0,0
4.4,10,25.17793684900237,116.55097864567163,0,1,0,0,0,0
4.4,10,25.227828614858044,129.88593860476365,0,1,0,0,0,0
4.4,10,25.38485940194302,206.3021102449385,0,1,0,0,0,0
4.4,10,25.4455511906048,67.14029293376628,0,1,0,0,0,0
4.4,10,25.449410590403097,102.44650753891383,0,1,0,0,0,0
4.4,10,25.440160005196763,125.84503582325672,0,1,0,0,0,0
4.4,10,25.302483070352192,165.48074019894648,0,1,0,0,0,0
4.4,10,25.126322896343986,93.12864883370308,0,1,0,0,0,0
4.4,10,25.30777249607772,142.47072825286,0,1,0,0,0,0
4.4,10,25.23451766003889,148.8245203558755,0,1,0,0,0,0
4.4,10,25.39708720202212,646.3106488757546,0,0,0,1,0,1
4.4,10,25.71738858486971,16.425038692552807,0,1,0,0,0,0
4.4,10,25.223822540647163,95.46136159965096,0,1,0,0,0,0
4.4,10,25.646545426880305,49.51408319660776,0,1,0,0,0,0
4.4,10,25.64174513619145,283.15376414831087,0,1,0,0,0,0
4.4,10,25.665919419670598,125.22091555911402,0,1,0,0,0,0
4.4,10,25.59537006203101,17.096434403531404,0,1,0,0,0,0
4.4,10,25.056958900497232,112.2659280971001,0,1,0,0,0,0
4.4,10,24.907942616178293,271.5266698576598,0,1,0,0,0,0
4.4,10,24.871136268913567,325.8557145796589,0,1,0,0,0,0
4.4,10,24.8063343103611,437.1304051534068,0,1,0,0,0,0
4.4,10,24.7977642056557,435.5210603149883,0,1,0,0,0,0
4.4,10,24.790190715061456,435.8743878639514,0,1,0,0,0,0
4.4,10,25.007362161159637,131.34217124867797,0,1,0,0,0,0
4.4,10,24.737437624513337,165.97591985358972,0,1,0,0,0,0
4.4,10,24.707895796015613,90.5586593081346,0,1,0,0,0,0
4.4,10,24.698818548985727,88.90754320872765,0,1,0,0,0,0
4.4,10,24.683342199055744,100.85997636962772,0,1,0,0,0,0
4.4,10,24.67487860676596,94.04267602050732,0,1,0,0,0,0
4.4,10,24.66968890905515,92.63296432265504,0,1,0,0,0,0
4.4,10,24.716985904003785,125.03965996132676,0,1,0,0,0,0
4.4,10,24.973740814270467,295.6495779284899,0,1,0,0,0,0
4.4,10,24.756198959818917,56.40569967148329,0,1,0,0,0,0
4.4,10,25.04549216771129,98.332438352889,0,1,0,0,0,0
4.4,10,24.652037914856308,105.01134720175348,0,1,0,0,0,0
4.4,10,25.015283798181866,230.4806001210848,0,1,0,0,0,0
4.4,10,24.842046189657037,60.93638653445986,0,1,0,0,0,0
4.4,10,24.956572854044424,135.75197256882086,0,1,0,0,0,0
4.4,10,24.905738008010644,143.05432985130176,0,1,0,0,0,0
4.4,10,25.035255171683115,82.57482320875746,0,1,0,0,0,0
4.4,10,25.050473672516794,48.36925148724523,0,1,0,0,0,0
4.4,10,25.12285617009821,164.7300202733869,0,1,0,0,0,0
4.4,10,24.791688118378342,323.7818974642692,0,1,0,0,0,0
4.4,10,25.15399679084739,62.30229373798456,0,1,0,0,0,0
4.4,10,25.108190137224195,47.03336235179359,0,1,0,0,0,0
4.4,10,25.00848588314932,160.40937956084534,0,1,0,0,0,0
4.4,10,25.097875834785093,51.704434440252975,0,1,0,0,0,0
4.4,10,25.08799007359184,53.99663088072204,0,1,0,0,0,0
4.4,10,25.07907643869943,40.53349282836283,0,1,0,0,0,0
4.4,10,25.034393119598374,150.93849806539748,0,1,0,0,0,0
4.4,10,25.04856616835683,54.62495135776423,0,1,0,0,0,0
4.4,10,25.07434251919393,11.382587706409172,0,1,0,0,0,0
4.4,10,25.068822494056448,51.97155604483359,0,1,0,0,0,0
4.4,10,25.056638064630025,93.62006806520868,0,1,0,0,0,0
4.4,10,25.117866300708304,53.224880051362405,0,1,0,0,0,0
4.4,10,25.07559364507822,58.087395579204426,0,1,0,0,0,0
4.4,10,25.103338842513622,5.178142638748127,0,1,0,0,0,0
4.4,10,25.01426751299192,107.24050846712194,0,1,0,0,0,0
4.4,10,25.076617225281844,49.677502900901416,0,1,0,0,0,0
4.4,10,25.121350431081783,100.14248576876382,0,1,0,0,0,0
4.4,10,25.069387545799906,29.074644220281005,0,1,0,0,0,0
4.4,10,24.87980951620664,416.2458352254769,0,1,0,0,0,1
4.4,10,24.830196652403032,131.0896041651655,0,1,0,0,0,0
4.4,10,24.776616503742712,130.68582651649203,0,1,0,0,0,0
4.4,10,24.60298070030776,58.94536063916712,0,1,0,0,0,0
4.4,10,25.09404392757996,59.60824589398626,0,1,0,0,0,0
4.4,10,24.02079875084616,281.61109898688323,0,1,0,0,0,0
4.4,10,24.348732381897943,602.9557959866142,0,1,0,0,0,0
4.4,10,23.96773628181948,258.21799833248,0,1,0,0,0,0
4.4,10,24.432911824795877,60.51928415590423,0,1,0,0,0,0
4.4,10,24.005462361685822,247.7330965141468,0,1,0,0,0,0
4.4,10,23.95598449213613,136.04256683669345,0,1,0,0,0,0
4.4,10,23.875788530810983,82.6523683544678,0,1,0,0,0,0
4.4,10,24.081325984406583,158.37435305811198,0,1,0,0,0,0
4.4,10,24.20028988838847,245.121806126932,0,1,0,0,0,0
4.4,10,24.20820084823326,191.3953272796469,0,1,0,0,0,0
4.4,10,24.42991739563086,200.585222135854,0,1,0,0,0,0
4.4,10,24.042172831480524,107.93167809924756,0,1,0,0,0,0
4.4,10,24.68564896250605,186.1656889312268,0,1,0,0,0,0
4.4,10,24.952068421135134,309.04261617519586,0,1,0,0,0,0
4.4,10,24.88900351289732,309.03727025670383,0,1,0,0,0,0
4.4,10,24.744513408435907,205.28460810189583,0,1,0,0,0,0
4.4,10,24.712464407222217,666.1143299174937,0,1,0,0,0,0
4.4,10,24.020172912772637,1148.045406550121,0,0,0,1,0,0
4.4,10,24.098412396736624,392.7309410525936,0,1,0,0,0,0
4.4,10,23.799974806127175,925.7307077426668,0,1,0,0,0,0
4.4,10,23.85674848767016,213.01840796395075,0,1,0,0,0,0
4.4,10,23.74601176165336,224.2329700864817,0,1,0,0,0,0
4.4,10,24.39065962037381,714.0871947471072,0,1,0,0,0,0
4.4,10,24.26905723048588,320.8380498169634,0,1,0,0,0,0
4.4,10,23.663330921746088,162.8338030719243,0,1,0,0,0,0
4.4,10,24.41736110562461,275.5818422338842,0,1,0,0,0,0
4.4,10,23.677764969568525,158.08764843946688,0,1,0,0,0,0
4.4,10,23.78419884919976,143.145981715008,0,1,0,0,0,0
4.4,10,24.45907867167169,132.16615926092692,0,1,0,0,0,0
4.4,10,23.95232318472726,301.6410222913179,0,1,0,0,0,0
4.4,10,24.49017964548787,223.7028791361436,0,1,0,0,0,0
4.4,10,24.338788727187698,168.55270251788414,0,1,0,0,0,0
4.4,10,23.871941581584604,111.08851942197217,0,1,0,0,0,0
4.4,10,24.57499458453412,194.124153019082,0,1,0,0,0,0
4.4,10,24.524261148326023,621.71672649638,0,1,0,0,0,0
4.4,10,24.35749892257219,212.66978132061783,0,1,0,0,0,0
4.4,10,23.620238768203773,1817.6508429579208,0,0,1,0,0,0
4.4,10,24.803566477442985,611.8598564137336,0,1,0,0,0,0
4.4,10,23.819349614827576,106.89937375770512,0,1,0,0,0,0
4.4,10,24.40459994847651,174.2920873945938,0,1,0,0,0,0
4.4,10,24.413755528224183,108.7745855943763,0,1,0,0,0,0
4.4,10,24.400563811215807,164.32016643653935,0,1,0,0,0,0
4.4,10,24.589545094715778,75.58998478395304,0,1,0,0,0,0
4.4,10,24.4058892984737,107.41276377379911,0,1,0,0,0,0
4.4,10,24.83670634463239,274.9144518725509,0,1,0,0,0,1
4.4,10,24.786755072877263,529.1275393554573,0,0,1,0,0,1
4.4,10,24.92889299466679,342.5408694010042,0,1,0,0,0,0
4.4,10,24.64415022583408,325.86968158380296,0,1,0,0,0,0
4.4,10,24.791297345265004,281.4129280605958,0,1,0,0,0,0
4.4,10,24.74235848426872,197.0998987905971,0,1,0,0,0,0
4.4,10,24.77880927037081,109.96087369856204,0,1,0,0,0,0
4.4,10,24.7718088699403,111.82200397258042,0,1,0,0,0,0
4.4,10,24.830664617085016,167.08059692636547,0,1,0,0,0,0
4.4,10,24.57945277720793,137.2840716438854,0,1,0,0,0,0
4.4,10,24.559561865908496,185.82143848122053,0,1,0,0,0,0
4.4,10,24.90344469821394,449.659431729813,0,1,0,0,0,0
4.4,10,24.661292554358344,207.18844603480537,0,1,0,0,0,0
4.4,10,25.02799520051264,149.5819345464325,0,1,0,0,0,0
4.4,10,25.01553089778124,142.9497232316808,0,1,0,0,0,0
4.4,10,25.00602436705879,137.22066236118386,0,1,0,0,0,0
4.4,10,24.64618629964772,301.72083782815605,0,1,0,0,0,0
4.4,10,24.689553645597837,282.1303038827256,0,1,0,0,0,0
4.4,10,24.628942723556715,179.64139092792274,0,1,0,0,0,0
4.4,10,25.00560447217012,330.68472609443387,0,1,0,0,0,0
4.4,10,24.52924946442297,54.802228401595954,0,1,0,0,0,0
4.4,10,24.522406881948925,80.97804881921182,0,1,0,0,0,0
4.4,10,24.868317739105866,149.00924248235287,0,1,0,0,0,0
4.4,10,24.791143869503102,523.5179624720018,0,0,1,0,0,1
4.4,10,24.45676284306064,266.4159882802124,0,1,0,0,0,0
4.4,10,24.631056302047096,118.55938776410886,0,1,0,0,0,0
4.4,10,24.71209204629606,102.49271793862742,0,1,0,0,0,0
4.4,10,24.76156594937205,102.6313899373674,0,1,0,0,0,0
4.4,10,24.812303515182617,102.77762751378457,0,1,0,0,0,0
4.4,10,24.57631013258325,12.15642617461211,0,1,0,0,0,0
4.4,10,24.6774965132323,67.81008893039231,0,1,0,0,0,0
4.4,10,24.677631590119645,119.46277033426176,0,1,0,0,0,0
4.4,10,24.58558517861449,119.43775943390054,0,1,0,0,0,0
4.4,10,24.53185433243919,116.09807891110005,0,1,0,0,0,0
4.4,10,24.51237279313592,78.96923436332382,0,0,1,0,0,1
4.4,10,24.511605767865973,88.44148134280509,0,0,1,0,0,1
4.4,10,24.846578358762542,61.58987576453698,0,1,0,0,0,0
4.4,10,24.72642689904953,34.88195684675375,0,1,0,0,0,0
4.4,10,24.624707700438623,153.5471953992356,0,1,0,0,0,1
4.4,10,24.762007422377124,429.4785627863166,0,1,0,0,0,1
4.4,10,24.508293007764134,81.00903959715195,0,1,0,0,0,0
4.4,10,24.20663677764869,298.6594602187789,0,1,0,0,0,0
4.4,10,23.92798667742118,256.4437208865485,0,1,0,0,0,0
4.4,10,24.361615008244907,53.57540186367336,0,1,0,0,0,0
4.4,10,24.274805528949862,12.545835786546716,0,1,0,0,0,0
4.4,10,23.81841161563046,129.87589485358723,0,1,0,0,0,0
4.4,10,23.88101417152845,81.94751743566235,0,1,0,0,0,0
4.4,10,23.998183199278248,133.05287877601376,0,1,0,0,0,0
4.4,10,24.259237934402304,216.8691243446417,0,1,0,0,0,0
4.4,10,24.31389749481128,71.5820942487265,0,1,0,0,0,0
4.4,10,24.358129289769536,36.12950673959392,0,1,0,0,0,0
4.4,10,24.006481127110654,128.13799226984702,0,1,0,0,0,0
4.4,10,23.74031217106704,84.201082914343,0,1,0,0,0,0
4.4,10,24.27685051736854,89.04201621066241,0,1,0,0,0,0
4.4,10,23.696106210840952,294.1934567503435,0,1,0,0,0,0
4.4,10,23.473212989875204,694.6964989681711,0,1,0,0,0,0
4.4,10,23.943555908726832,230.3541069155013,0,1,0,0,0,0
4.4,10,23.82896092759621,102.30168665306276,0,1,0,0,0,0
4.4,10,23.494980950272872,1017.9854883298392,0,1,0,0,0,0
4.4,10,23.801017972866426,181.5559374902841,0,1,0,0,0,0
4.4,10,24.045442456775884,242.6403501865452,0,1,0,0,0,0
4.4,10,23.762609679322924,142.5925264018678,0,1,0,0,0,0
4.4,10,23.88543799182875,58.36349363387849,0,1,0,0,0,0
4.4,10,23.4928545672652,283.0203635891769,0,1,0,0,0,0
4.4,10,23.802845687969377,419.4911416956109,0,1,0,0,0,0
4.4,10,23.79284813696133,614.2935498188604,0,1,0,0,0,0
4.4,10,23.48090421619382,72.31286774709106,0,1,0,0,0,0
4.4,10,23.51680272695274,213.12298610037828,0,1,0,0,0,0
4.4,10,23.538397270229748,210.0187658190502,0,1,0,0,0,0
4.4,10,23.58749010071184,64.19275963302701,0,1,0,0,0,0
4.4,10,23.873436938475,83.87739660582677,0,1,0,0,0,0
4.4,10,23.88783880806561,152.2918927187252,0,1,0,0,0,0
4.4,10,23.63995765085742,33.49287529119075,0,1,0,0,0,0
4.4,10,23.65524457421523,141.09310649467085,0,1,0,0,0,0
4.4,10,23.71747721022538,78.04780663940204,0,1,0,0,0,0
4.4,10,23.73373639996848,63.87397994045271,0,1,0,0,0,0
4.4,10,23.78312527093557,107.15288816484446,0,1,0,0,0,0
4.4,10,23.73482466041707,39.847945868662,0,1,0,0,0,0
4.4,10,23.73012421007869,176.42467690443075,0,1,0,0,0,0
4.4,10,23.724698517706955,481.4752330524368,0,1,0,0,0,0
4.4,10,23.340992656051377,185.7775000941765,0,1,0,0,0,0
4.4,10,23.29713937590756,50.9757371295788,0,1,0,0,0,0
4.4,10,23.37415101589968,173.77786849630203,0,1,0,0,0,0
4.4,10,23.71381339593215,72.98439750209786,0,1,0,0,0,0
4.4,10,23.454295346606685,121.10738065843267,0,1,0,0,0,0
4.4,10,23.33075130881427,204.24429862684343,0,1,0,0,0,0
4.4,10,23.47216692109864,69.00757033915414,0,1,0,0,0,0
4.4,10,23.290100255839576,55.78533442707851,0,1,0,0,0,0
4.4,10,23.78447992118764,106.5714477853353,0,1,0,0,0,0
4.4,10,23.26357604095067,115.16079400966468,0,1,0,0,0,0
4.4,10,23.261576266409563,51.01100433497244,0,1,0,0,0,0
4.4,10,23.29197195546948,46.09756085673724,0,1,0,0,0,0
4.4,10,23.367319067566942,1474.7363894818122,0,1,0,0,0,0
4.4,10,23.387385434592066,1215.6618341911148,0,1,0,0,0,0
4.4,10,23.41509230053411,626.1120437587484,0,1,0,0,0,0
4.4,10,23.66140183746853,223.58261896272955,0,1,0,0,0,0
4.4,10,23.147571125352336,160.38035425561233,0,1,0,0,0,0
4.4,10,23.419777374047868,417.534923952277,0,1,0,0,0,0
4.4,10,22.98939403906025,449.848065897236,0,1,0,0,0,0
4.4,10,23.052602168875715,449.8706148244356,0,1,0,0,0,0
4.4,10,23.189576449009778,139.7051874391766,0,1,0,0,0,0
4.4,10,23.20625603512096,92.31663071099445,0,1,0,0,0,0
4.4,10,23.352721215933148,191.87139755674843,0,1,0,0,0,0
4.4,10,23.514450720584342,330.8247985194811,0,1,0,0,0,0
4.4,10,23.344916643224924,68.64468911790178,0,1,0,0,0,0
4.4,10,23.73937718913335,11.159939262115236,0,1,0,0,0,0
4.4,10,23.32436439710393,27.550699658095485,0,1,0,0,0,0
4.4,10,23.332519871867078,79.80847881303457,0,1,0,0,0,0
4.4,10,23.35258280224096,51.40479866668604,0,1,0,0,0,0
4.4,10,23.17433903986152,156.98493751895327,0,1,0,0,0,0
4.4,10,23.508930517658666,45.09481145757334,0,1,0,0,0,0
4.4,10,23.449815004204076,114.5201459617018,0,1,0,0,0,0
4.4,10,25.781583400900555,237.69646317656893,0,1,0,0,0,0
4.4,10,25.65933136698919,205.4645489509765,0,1,0,0,0,0
4.4,10,25.933048463549305,67.00967213242843,0,1,0,0,0,0
4.4,10,25.78641948065187,137.3064331472332,0,1,0,0,0,0
4.4,10,26.134301089566684,246.4071770872771,0,1,0,0,0,0
4.4,10,26.167280753709527,140.02540141537708,0,1,0,0,0,0
4.4,10,26.08844336902079,164.99356869188884,0,1,0,0,0,0
4.4,10,26.158106020917256,51.152418679653934,0,1,0,0,0,0
4.4,10,25.90924398818721,58.32213802067682,0,1,0,0,0,0
4.4,10,25.855194125707172,52.03340288350751,0,1,0,0,0,0
4.4,10,25.61257083379491,80.72642453020312,0,1,0,0,0,0
4.4,10,25.715544809915,70.60619378016499,0,1,0,0,0,0
4.4,10,25.671503112943157,63.18423385120579,0,1,0,0,0,0
4.4,10,25.62661897354913,62.72479161258372,0,1,0,0,0,0
4.4,10,26.067565818249093,48.81194818428415,0,1,0,0,0,0
4.4,10,26.27705057235679,53.92028453759548,0,1,0,0,0,0
4.4,10,26.283934442193097,55.109515223173794,0,1,0,0,0,0
4.4,10,25.708831811935045,62.4868829295388,0,1,0,0,0,0
4.4,10,25.89333891523832,13.240335613385932,0,1,0,0,0,0
4.4,10,26.26309040209482,13.087822616648644,0,1,0,0,0,0
4.4,10,26.076461909684863,51.66892677864487,0,1,0,0,0,0
4.4,10,25.97019573097339,91.58254736072382,0,1,0,0,0,0
4.4,10,25.96062090097791,9.399080867028282,0,1,0,0,0,0
4.4,10,25.200224120030903,272.0169600319415,0,1,0,0,0,0
4.4,10,25.234413011053636,206.48058875830995,0,1,0,0,0,0
4.4,10,25.192543158364654,344.3554770457837,0,1,0,0,0,0
4.4,10,25.0784216286572,208.1187400203355,0,1,0,0,0,0
4.4,10,25.18069822585723,271.89688646074046,0,1,0,0,0,0
4.4,10,25.13088196778787,207.08417998805385,0,1,0,0,0,0
4.4,10,25.52700367741938,106.53361044326772,0,1,0,0,0,0
4.4,10,25.44944324319644,228.1002147066157,0,1,0,0,0,0
4.4,10,25.50328497292908,173.37012021340817,0,1,0,0,0,0
4.4,10,25.46964225284468,201.47495458182777,0,1,0,0,0,0
4.4,10,25.5160941915586,132.58914909018057,0,1,0,0,0,0
4.4,10,25.40979713315796,120.9707855713036,0,1,0,0,0,0
4.4,10,25.255315728734143,182.27745010325967,0,1,0,0,0,0
4.4,10,25.16539189592681,198.63056773878475,0,1,0,0,0,0
4.4,10,25.11923301638297,199.2233148670939,0,1,0,0,0,0
4.4,10,25.07436915077436,200.88906491539635,0,1,0,0,0,0
4.4,10,25.02582624851515,200.9230542799732,0,1,0,0,0,0
4.4,10,24.998741590875717,342.5449768741253,0,1,0,0,0,0
4.4,10,25.12409821389564,213.4096086278959,0,1,0,0,0,0
4.4,10,25.112263324936464,209.2361766432288,0,1,0,0,0,0
4.4,10,25.27041128736869,263.3161893017041,0,1,0,0,0,0
4.4,10,25.42083577591017,184.88912082637376,0,1,0,0,0,0
4.4,10,25.390651496240352,131.31174000032772,0,1,0,0,0,0
4.4,10,25.36912750578811,97.15474770945626,0,1,0,0,0,0
4.4,10,25.421555034164765,42.37501100727946,0,1,0,0,0,0
4.4,10,25.0271990084066,72.76617795418048,0,1,0,0,0,0
4.4,10,25.12177057850804,228.93868612648365,0,1,0,0,0,0
4.4,10,25.58723532964716,53.54050112726448,0,1,0,0,0,0
4.4,10,25.267307612749438,100.3174083228885,0,1,0,0,0,0
4.4,10,25.28201562944595,107.14240103573287,0,1,0,0,0,0
4.4,10,25.49263676938051,81.57948940056859,0,1,0,0,0,0
4.4,10,25.465865407506,47.12180881715854,0,1,0,0,0,0
4.4,10,25.22623679028212,57.24159487724784,0,1,0,0,0,0
4.4,10,25.39254487816743,40.54293909207514,0,1,0,0,0,0
4.4,10,25.45855935083428,42.98575230795183,0,1,0,0,0,0
4.4,10,25.51506767874068,44.916215847802505,0,1,0,0,0,0
4.4,10,25.064488906101783,24.69833902146019,0,1,0,0,0,0
4.4,10,25.03741476432817,71.50012802800863,0,1,0,0,0,0
4.4,10,25.06088558192137,43.64047543212418,0,1,0,0,0,0
4.4,10,25.39265676394989,54.86512261833524,0,1,0,0,0,0
4.4,10,25.28741515007685,115.69433454772886,0,1,0,0,0,0
4.4,10,25.297953927937225,99.5066837718433,0,1,0,0,0,0
4.4,10,25.02197632908928,73.97030516765714,0,0,1,0,0,1
4.4,10,25.10978009737898,103.029052849642,0,0,1,0,0,1
4.4,10,25.237359575356425,10.5425936525728,0,1,0,0,0,0
4.4,10,25.242464473527164,167.5549020675436,0,0,1,0,0,1
4.4,10,25.24394058303945,167.3752434843714,0,0,1,0,0,1
4.4,10,25.438897153282248,228.23500584067864,0,0,1,0,0,1
4.4,10,25.44021395074556,228.234174870188,0,0,1,0,0,1
4.4,10,25.57993898640589,53.37579696627734,0,0,1,0,0,1
4.4,10,25.33112892105288,46.768789990006766,0,1,0,0,0,0
4.4,10,25.88801890516189,549.0202845351527,0,0,0,1,0,1
4.4,10,25.815346761893505,806.7590137393063,0,1,0,0,0,0
4.4,10,25.873287672358817,813.3235913141173,0,1,0,0,0,0
4.4,10,25.95395231774393,549.9084411291689,0,1,0,0,0,0
4.4,10,26.00220241483334,550.1658788569189,0,1,0,0,0,0
4.4,10,26.00454851383056,226.54922816712653,0,1,0,0,0,1
4.4,10,25.819765333605886,352.6184421479955,0,1,0,0,0,0
4.4,10,25.642660336396297,363.4132506766686,0,1,0,0,0,0
4.4,10,25.689538701418,341.89183251150894,0,1,0,0,0,0
4.4,10,25.707802362286166,315.3660766532886,0,1,0,0,0,0
4.4,10,25.681338140735846,252.50737387143928,0,1,0,0,0,0
4.4,10,25.68605331982064,252.5205538891507,0,1,0,0,0,0
4.4,10,25.69104726934381,252.15428489336333,0,1,0,0,0,0
4.4,10,25.648578732363355,361.56318422262063,0,1,0,0,0,0
4.4,10,25.684973643008536,299.0608698719447,0,1,0,0,0,0
4.4,10,26.2397194667857,421.2385377123496,0,1,0,0,0,0
4.4,10,25.93768496786624,336.2951611751132,0,1,0,0,0,0
4.4,10,25.03641593944232,323.1584820957938,0,1,0,0,0,0
4.4,10,25.06116878071764,321.4700481214695,0,1,0,0,0,0
4.4,10,24.94434412414865,433.19343853228577,0,1,0,0,0,0
4.4,10,25.20661826808583,604.1046560526394,0,1,0,0,0,0
4.4,10,25.029840835352044,225.06753138365195,0,1,0,0,0,0
4.4,10,25.034588235359696,299.01167880308685,0,1,0,0,0,0
4.4,10,24.848720866090662,206.90059193695885,0,1,0,0,0,0
4.4,10,25.144947066694403,220.7314459573919,0,1,0,0,0,0
4.4,10,25.228944868033366,203.91991336134217,0,1,0,0,0,0
4.4,10,25.343920562042552,311.7358409762222,0,1,0,0,0,0
4.4,10,25.55809210029652,260.1763864220309,0,1,0,0,0,0
4.4,10,25.626686766618707,78.10589928493849,0,1,0,0,0,0
4.4,10,24.98390831364637,88.88764997097209,0,1,0,0,0,0
4.4,10,25.25559934777171,116.08239040839686,0,1,0,0,0,0
4.4,10,25.881110451941552,549.9148677990386,0,0,0,1,0,1
4.4,10,25.7306255705794,359.8127789131646,0,0,1,0,0,1
4.4,10,25.7584201040568,306.32135818896097,0,0,1,0,0,1
4.4,10,25.036153525164742,247.86900838952408,0,0,1,0,0,1
4.4,10,25.34936705260267,124.2804587813928,0,1,0,0,0,0
4.4,10,24.96262369311604,45.70992539195886,0,0,1,0,0,1
4.4,10,25.943244503902758,319.312169528549,0,1,0,0,0,0
4.4,10,25.992401371227807,365.1217353063156,0,1,0,0,0,0
4.4,10,26.00697200888385,272.16433035628813,0,1,0,0,0,0
4.4,10,26.017262539784003,272.0163912318812,0,1,0,0,0,0
4.4,10,25.867046552837508,45.33278166214385,0,1,0,0,0,0
4.4,10,26.07529032922772,289.3209174663069,0,1,0,0,0,0
4.4,10,26.018716007879497,187.0848529916184,0,1,0,0,0,0
4.4,10,26.11463054857921,41.500560341953694,0,1,0,0,0,0
4.4,10,26.09703732792488,59.584959202776254,0,1,0,0,0,1
4.4,10,25.981758621172546,364.8357767485388,0,1,0,0,0,0
4.4,10,26.002120674253696,365.3568899242287,0,1,0,0,0,0
4.4,10,25.769109562995634,187.79437248467008,0,0,0,1,0,0
4.4,10,26.03995453698215,161.31983577583907,0,1,0,0,0,0
4.4,10,26.21766545024537,34.55892669650736,0,1,0,0,0,0
4.4,10,25.724550085874917,126.07294270334646,0,1,0,0,0,0
4.4,10,26.167503376293272,55.212764815023256,0,1,0,0,0,0
4.4,10,26.197700113163155,25.19504571135133,0,1,0,0,0,0
4.4,10,25.988587043046422,88.389153965678,0,1,0,0,0,0
4.4,10,25.81012536288633,153.0712077432324,0,1,0,0,0,0
4.4,10,25.70445763068033,47.61300327802152,0,1,0,0,0,0
4.4,10,25.779869494522085,151.61969119205838,0,1,0,0,0,0
4.4,10,26.11218964859363,96.88653028392936,0,1,0,0,0,1
4.4,10,26.043449666263665,51.75489039893527,0,1,0,0,0,0
4.4,10,25.8609887418776,8.681168121255435,0,1,0,0,0,0
4.4,10,25.872481550260545,11.3316724517964,0,1,0,0,0,0
4.4,10,25.72258778719728,89.08886808192342,0,1,0,0,0,0
4.4,10,25.69893593834504,41.35258259917442,0,1,0,0,0,0
4.4,10,25.87888010717485,54.98193355892615,0,1,0,0,0,0
4.4,10,25.892841303269496,55.30709969151383,0,1,0,0,0,0
4.4,10,22.35085599342605,2368.842618159115,0,1,0,0,0,0
4.4,10,25.04022401247422,297.06765470619564,0,1,0,0,0,0
4.4,10,25.10154112239688,155.39892239935273,0,1,0,0,0,0
4.4,10,25.074412775225937,201.5422267321435,0,1,0,0,0,0
4.4,10,24.984534563186603,182.9040276965168,0,1,0,0,0,0
4.4,10,25.07763473575512,488.4149765884368,0,1,0,0,0,0
4.4,10,24.9940027427306,361.791911259742,0,1,0,0,0,0
4.4,10,25.23404015993861,411.6486193399218,0,1,0,0,0,0
4.4,10,25.26057044295888,78.13341453764693,0,1,0,0,0,0
4.4,10,25.305990358984364,341.5453122934724,0,1,0,0,0,0
4.4,10,25.018788160977287,85.2906816846407,0,1,0,0,0,0
4.4,10,24.914174934169605,240.61287323444287,0,1,0,0,0,0
4.4,10,24.885015481385977,48.510074201118826,0,1,0,0,0,0
4.4,10,24.555737143891907,299.30083005778624,0,1,0,0,0,1
4.4,10,24.668028860434585,503.5537506144755,0,1,0,0,0,0
4.4,10,24.68092484183039,464.6668539773904,0,1,0,0,0,0
4.4,10,24.82877665807577,194.9083635294973,0,1,0,0,0,0
4.4,10,24.732009731745336,109.2700536219034,0,1,0,0,0,0
4.4,10,24.604329517154863,107.53381080099334,0,1,0,0,0,0
4.4,10,24.526232550746688,154.7188698310543,0,1,0,0,0,0
4.4,10,24.696118344142945,492.1850448985846,0,1,0,0,0,0
4.4,10,24.70463991182774,495.87110474978886,0,1,0,0,0,0
4.4,10,24.870118834180733,125.29702313954714,0,1,0,0,0,0
4.4,10,24.85165201843253,48.609603796406255,0,1,0,0,0,0
4.4,10,24.660238713563704,55.267246160150805,0,1,0,0,0,0
4.4,10,24.652106865370023,72.6913691611667,0,1,0,0,0,0
4.4,10,24.552290815514635,258.5542351316012,0,1,0,0,0,1
4.4,10,24.38565991031035,77.8579852354303,0,1,0,0,0,0
4.4,10,24.693804312157617,481.5446498245617,0,1,0,0,0,0
4.4,10,24.91681666334575,10.627487685352031,0,1,0,0,0,0
4.4,10,24.286720618754515,23.40028011552937,0,1,0,0,0,0
4.4,10,24.317293935696945,60.716078753633774,0,1,0,0,0,0
4.4,10,24.41358424184762,119.6752690973332,0,1,0,0,0,0
4.4,10,24.63626436386463,115.8009060215782,0,1,0,0,0,0
4.4,10,24.67448310149668,535.1261254605566,0,1,0,0,0,1
4.4,10,24.74022116098466,118.84772670522288,0,1,0,0,0,0
4.4,10,24.79020117967876,132.6913211068016,0,1,0,0,0,0
4.4,10,24.739109896703063,119.537247817139,0,1,0,0,0,0
4.4,10,24.74127941351555,57.18076782697875,0,1,0,0,0,0
4.4,10,24.73789490805688,50.22801872304159,0,1,0,0,0,0
4.4,10,24.73127020504472,56.02567357996331,0,1,0,0,0,0
4.4,10,24.80774661808728,211.935250835756,0,1,0,0,0,1
4.4,10,24.660354064188457,111.21166590370169,0,1,0,0,0,0
4.4,10,24.66685010934829,48.38286179365727,0,1,0,0,0,0
4.4,10,24.66476266816715,52.229324809870334,0,1,0,0,0,0
4.4,10,24.66953802891376,18.716534851498835,0,1,0,0,0,0
4.4,10,24.65579863098733,8.921653469882258,0,1,0,0,0,0
4.4,10,24.65812444467412,44.84554390272624,0,1,0,0,0,0
4.4,10,24.81748724788064,64.33617642705225,0,1,0,0,0,0
4.4,10,24.827596660201845,102.27989947938302,0,1,0,0,0,0
4.4,10,24.820392884443528,49.88164245124876,0,1,0,0,0,0
4.4,10,24.811908167002706,87.88664977660555,0,1,0,0,0,0
4.4,10,24.4704661998711,86.35467818150414,0,1,0,0,0,0
4.4,10,24.474132972522867,96.7160555002517,0,1,0,0,0,0
4.4,10,24.448930131172126,46.40688440403962,0,1,0,0,0,0
4.4,10,24.44763647175402,43.95520622570661,0,1,0,0,0,0
4.4,10,24.446264496994075,42.3706826791879,0,1,0,0,0,0
4.4,10,24.4452919097511,42.024240099328914,0,1,0,0,0,0
4.4,10,24.4933362541081,54.51156115886617,0,1,0,0,0,0
4.4,10,24.4826630963158,28.428395740116947,0,1,0,0,0,0
4.4,10,23.9120359993402,398.8412402842428,0,1,0,0,0,0
4.4,10,24.221608067348807,78.09278204680156,0,1,0,0,0,0
4.4,10,23.726514626650264,13.541764279521704,0,1,0,0,0,0
4.4,10,23.772656384391627,92.5215654176896,0,1,0,0,0,0
4.4,10,23.9440511488546,257.9243569961675,0,1,0,0,0,0
4.4,10,24.070988634725104,11.260325041857117,0,1,0,0,0,0
4.4,10,24.04291632979541,119.43070009909312,0,1,0,0,0,0
4.4,10,24.064219163765003,58.82666459853316,0,1,0,0,0,0
4.4,10,24.174065628491967,25.238933556423618,0,1,0,0,0,0
4.4,10,24.124073302366497,95.42685498457988,0,1,0,0,0,0
4.4,10,24.02637036909972,69.6920180309812,0,1,0,0,0,0
4.4,10,23.933168610654587,184.36103911473592,0,1,0,0,0,0
4.4,10,24.57813502599466,396.2286901177082,0,1,0,0,0,0
4.4,10,24.393438833211107,188.57609857887564,0,1,0,0,0,0
4.4,10,23.789404895268696,941.4311763222518,0,1,0,0,0,0
4.4,10,23.922567799833992,66.14538060480105,0,1,0,0,0,0
4.4,10,23.59727757521194,258.68565174479534,0,1,0,0,0,0
4.4,10,24.18401599539829,476.4802276769049,0,1,0,0,0,0
4.4,10,24.085769897981884,370.1088847797877,0,1,0,0,0,0
4.4,10,23.274564925211344,1039.3849432252696,0,1,0,0,0,0
4.4,10,24.16275316426908,111.62135684853372,0,1,0,0,0,0
4.4,10,23.778283996142004,2161.956222088133,0,0,1,0,0,0
4.4,10,23.21936717860304,1158.2022052796126,0,1,0,0,0,0
4.4,10,24.337872636995478,168.72602366166117,0,1,0,0,0,0
4.4,10,24.25561781395053,293.8366491006475,0,1,0,0,0,0
4.4,10,23.91851023614765,676.5704647557216,0,1,0,0,0,0
4.4,10,22.954791744935523,1528.3923582664338,0,1,0,0,0,0
4.4,10,24.507203773323013,165.93453618249322,0,1,0,0,0,0
4.4,10,24.178334909254456,217.74968002501595,0,1,0,0,0,0
4.4,10,24.67987312906558,418.0919477199212,0,1,0,0,0,0
4.4,10,23.66369837991028,113.87825423009936,0,1,0,0,0,0
4.4,10,24.718887855194723,169.39825578012167,0,1,0,0,0,0
4.4,10,24.59068351935284,412.1663908749614,0,1,0,0,0,0
4.4,10,24.580864561256316,133.02766415084173,0,1,0,0,0,0
4.4,10,24.405677908194576,218.41313357085755,0,1,0,0,0,0
4.4,10,24.384210707798776,173.240561202948,0,1,0,0,0,0
4.4,10,24.544529461276884,152.55222007068434,0,1,0,0,0,0
4.4,10,24.49869154927521,84.20408545740733,0,1,0,0,0,0
4.4,10,24.483268904945664,110.42258743062524,0,1,0,0,0,0
4.4,10,24.46838825954155,137.06488254019737,0,1,0,0,0,0
4.4,10,24.18579228965396,184.9246015209877,0,1,0,0,0,0
4.4,10,24.747289449833698,138.70516369302612,0,1,0,0,0,0
4.4,10,24.68361007516673,207.47758143371087,0,1,0,0,0,0
4.4,10,24.354316044718303,127.11701504253072,0,1,0,0,0,0
4.4,10,24.770458918425405,55.99167218745063,0,1,0,0,0,0
4.4,10,24.7413656414652,35.37923084780343,0,1,0,0,0,0
4.4,10,24.74231720705596,24.738859638196622,0,1,0,0,0,0
4.4,10,23.604595757599824,66.58917306605916,0,1,0,0,0,0
4.4,10,23.994738722095114,51.81624054664419,0,1,0,0,0,0
4.4,10,23.665855458861376,91.45648644084316,0,1,0,0,0,0
4.4,10,23.590954152965544,36.579361550523245,0,1,0,0,0,0
4.4,10,25.92254947642408,285.76003197158497,0,1,0,0,0,0
4.4,10,25.97344710357499,145.27826465844555,0,1,0,0,0,0
4.4,10,25.95502283641579,68.28590963060483,0,1,0,0,0,0
4.4,10,26.041506623095845,169.44855083568527,0,1,0,0,0,0
4.4,10,25.96070535644429,104.1901652994508,0,1,0,0,0,0
4.4,10,26.01212915239663,87.27985706715745,0,1,0,0,0,0
4.4,10,25.836012482129615,60.57657140516794,0,1,0,0,0,0
4.4,10,25.797900715348096,118.7480083225025,0,1,0,0,0,0
4.4,10,25.816441104621173,56.5049293659186,0,1,0,0,0,0
4.4,10,25.834004138246733,59.46252675780106,0,1,0,0,0,0
4.4,10,25.73987051231592,135.5797078558497,0,1,0,0,0,0
4.4,10,25.759095914014576,333.81951611622713,0,1,0,0,0,0
4.4,10,25.874203961938704,52.21823039939878,0,1,0,0,0,0
4.4,10,25.846939657535977,62.790770141753015,0,1,0,0,0,0
4.4,10,25.889094589650337,24.06639479632469,0,1,0,0,0,0
4.4,10,25.78756600873115,56.0104793196365,0,1,0,0,0,0
4.4,10,25.95938149222076,34.749423406612124,0,1,0,0,0,0
4.4,10,25.988134644567737,75.260816560972,0,1,0,0,0,0
4.4,10,25.97556804821862,147.0845818440159,0,1,0,0,0,0
4.4,10,25.929842144846045,59.79698862716651,0,1,0,0,0,0
4.4,10,25.306156246374808,103.77535189189076,0,1,0,0,0,0
4.4,10,25.241765824080257,14.917676840412044,0,1,0,0,0,0
4.4,10,25.24534643758457,1098.73433153548,0,0,0,0,0,1
4.4,10,25.9641727959478,24.63603159878757,0,1,0,0,0,0
4.4,10,24.86140866406336,1281.830382328833,0,1,0,0,0,0
4.4,10,25.98585382402574,79.76259792213831,0,1,0,0,0,1
4.4,10,25.244312088037688,1109.6330384331045,0,0,0,0,0,1
4.4,10,25.39701848086635,325.389144369883,0,1,0,0,0,0
4.4,10,25.92047244675448,74.3465328102391,0,0,0,0,0,1
4.4,10,25.834185537372488,107.59121964420422,0,0,0,0,0,1
4.4,10,25.78161949008148,349.2802806852583,0,1,0,0,0,0
4.4,10,26.01934231510472,49.57226458699576,0,1,0,0,0,0
4.4,10,25.917436651506783,77.10360317675708,0,0,0,0,0,1
4.4,10,25.8342371980544,98.78446445607382,0,0,0,0,0,1
4.4,10,24.986158951874213,103.76095695286396,0,1,0,0,0,0
4.4,10,25.04950569979982,202.0454029539593,0,1,0,0,0,0
4.4,10,24.59508136671493,273.2118739925085,0,1,0,0,0,0
4.4,10,24.421480983296423,69.46935782637519,0,1,0,0,0,0
4.4,10,24.411360574503465,105.36143544283712,0,1,0,0,0,0
4.4,10,24.3399631104006,134.46022725434216,0,1,0,0,0,0
4.4,10,24.382633789062837,111.2817626028721,0,1,0,0,0,0
4.4,10,24.50618611402392,126.55685671667784,0,1,0,0,0,0
4.4,10,24.37694470672193,125.00845411653911,0,1,0,0,0,0
4.4,10,24.406742948074967,197.97456710395656,0,1,0,0,0,0
4.4,10,24.245977560487407,44.86516829682192,0,1,0,0,0,0
4.4,10,23.53043001244678,138.6037347574711,0,1,0,0,0,0
4.4,10,23.888150847358126,175.6422671981436,0,1,0,0,0,0
4.4,10,23.93574364821509,467.4116858817729,0,1,0,0,0,0
4.4,10,23.92784323781237,208.06753886234023,0,1,0,0,0,0
4.4,10,23.78684718331788,395.2629371915156,0,1,0,0,0,0
4.4,10,23.87504847685064,124.85045548805108,0,1,0,0,0,0
4.4,10,23.55723729475224,489.8900940732228,0,1,0,0,0,0
4.4,10,23.78327817759212,113.60764307113364,0,1,0,0,0,0
4.4,10,23.80063369711956,206.36092524742045,0,1,0,0,0,0
4.4,10,24.06978972130258,195.4808797230698,0,1,0,0,0,0
4.4,10,23.84889646270799,132.62093203148746,0,1,0,0,0,0
4.4,10,23.84367322915304,15.023205413396218,0,1,0,0,0,0
4.4,10,23.98101730307203,95.8422279629704,0,1,0,0,0,0
4.4,10,23.996447855452573,108.42276895928396,0,1,0,0,0,0
4.4,10,23.937500015768244,89.08420743852336,0,1,0,0,0,0
4.4,10,23.723910336304503,209.6931776990901,0,1,0,0,0,0
4.4,10,23.8922295223031,212.59225517479547,0,1,0,0,0,0
4.4,10,23.44957708314355,297.36317176012744,0,1,0,0,0,0
4.4,10,23.291216410156167,338.3532357735159,0,1,0,0,0,0
4.4,10,23.971064415845465,269.11014266468715,0,1,0,0,0,0
4.4,10,23.97006869345084,689.1214180573675,0,1,0,0,0,0
4.4,10,24.12151053943838,357.9387705692982,0,1,0,0,0,0
4.4,10,24.043517631095867,137.30770891310573,0,0,0,1,0,0
4.4,10,24.20250654815524,106.13358944529472,0,1,0,0,0,0
4.4,10,23.849888258566462,194.8749086482792,0,0,0,0,0,0
4.4,10,24.06556990494225,403.290310163089,0,0,0,0,0,1
4.4,10,24.044623148943472,395.4446053047266,0,0,0,0,0,0
4.4,10,24.030054039987284,703.9379038564159,0,0,0,0,0,1
4.4,10,23.851901678909844,289.396135164542,0,0,0,0,0,1
4.4,10,23.435526952540325,124.13466794158974,0,1,0,0,0,0
4.4,10,24.19670669719069,350.6510165918256,0,1,0,0,0,0
4.4,10,24.169358162204254,328.93892299925545,0,1,0,0,0,0
4.4,10,24.139561972563676,81.09228075159443,0,1,0,0,0,0
4.4,10,24.295478135359957,83.70482281318795,0,1,0,0,0,0
4.4,10,24.413319143148957,439.16026896306033,0,0,0,0,0,1
4.4,10,24.22519196414733,4.128164244044728,0,0,0,0,0,0
4.4,10,24.41294474336284,446.3849814062942,0,0,0,0,0,1
4.4,10,24.555121630512836,262.7487196769193,0,1,0,0,0,0
4.4,10,24.16451336595931,123.26935581791813,0,1,0,0,0,0
4.4,10,24.13894628150336,70.39137763443942,0,1,0,0,0,0
4.4,10,24.40966147555617,136.1495599725195,0,1,0,0,0,0
4.4,10,24.11618711769612,106.1826040546957,0,1,0,0,0,0
4.4,10,22.97589158120451,182.0209941342428,0,1,0,0,0,0
4.4,10,23.10134130993372,52.22628232285292,0,1,0,0,0,0
4.4,10,23.446394030576556,95.67693474451272,0,1,0,0,0,0
4.4,10,23.47677046300688,56.334147786383326,0,1,0,0,0,0
4.4,10,22.76933735684196,473.6892755941423,0,1,0,0,0,0
4.4,10,22.91119157234287,518.963300281263,0,1,0,0,0,0
4.4,10,23.244386081907766,169.6446967189332,0,1,0,0,0,0
4.4,10,23.13724168207273,384.6849216464874,0,1,0,0,0,0
4.4,10,23.09902579608045,62.70811269359739,0,1,0,0,0,0
4.4,10,23.067128005741157,55.34360911812407,0,1,0,0,0,0
4.4,10,23.00251666427877,269.4858419636041,0,1,0,0,0,0
4.4,10,23.026813883578363,70.91853247357577,0,1,0,0,0,0
4.4,10,23.2592887531404,106.56126965225002,0,1,0,0,0,0
4.4,10,23.16840603856251,80.7573746712131,0,1,0,0,0,0
4.4,10,23.35339934943937,275.0146158212034,0,1,0,0,0,0
4.4,10,23.460331919442726,194.4224572618413,0,1,0,0,0,0
4.4,10,23.083750505865297,48.3978786226796,0,1,0,0,0,0
4.4,10,23.127872106579265,70.91980325672863,0,1,0,0,0,0
4.4,10,23.16293210456515,76.29097691028508,0,1,0,0,0,0
4.4,10,23.309341601822386,31.747210230175423,0,1,0,0,0,0
4.4,10,23.090393834260848,61.95385951914752,0,1,0,0,0,0
4.4,10,23.117962881713005,20.801119153674705,0,1,0,0,0,0
4.4,10,23.00480092416626,247.20961679548188,0,1,0,0,0,0
4.4,10,22.959458615606323,39.59989719770896,0,1,0,0,0,0
4.4,10,23.25446455018361,16.12606497976276,0,1,0,0,0,0
4.4,10,23.06508836863093,250.6116050890586,0,1,0,0,0,0
4.4,10,22.87991463019211,74.20692607826442,0,1,0,0,0,0
4.4,10,22.8845397324028,300.3166339101033,0,1,0,0,0,0
4.4,10,23.079282703138123,34.59168899330196,0,1,0,0,0,0
4.4,10,23.21520234057335,53.11183933803274,0,1,0,0,0,0
4.4,10,23.189303305612636,42.86610000799551,0,1,0,0,0,0
4.4,10,23.05296179960886,31.24902053928514,0,1,0,0,0,0
4.4,10,23.20363871453144,20.420550869041502,0,1,0,0,0,0
4.4,10,23.21180187861533,75.80303859536308,0,1,0,0,0,0
4.4,10,23.226498832604364,216.0269937118716,0,1,0,0,0,0
4.4,10,23.138621481874385,128.83168305550294,0,1,0,0,0,0
4.4,10,22.928013224323852,110.98358744445758,0,1,0,0,0,0
4.4,10,22.90520071572048,42.56292154367439,0,1,0,0,0,0
4.4,10,22.867491820199103,71.52681359438755,0,1,0,0,0,0
4.4,10,23.363543248766295,299.3251684762797,0,1,0,0,0,0
4.4,10,22.851820915751016,621.6751770613847,0,1,0,0,0,0
4.4,10,22.823185387110698,379.5485020973929,0,1,0,0,0,0
4.4,10,22.73482586865467,560.6839476629226,0,1,0,0,0,0
4.4,10,22.80279718333936,118.28516584966208,0,1,0,0,0,0
4.4,10,22.805491251734832,322.1714107283313,0,1,0,0,0,0
4.4,10,23.13757722574606,444.1980096567167,0,1,0,0,0,0
4.4,10,23.26250971638745,146.8527875966237,0,1,0,0,0,0
4.4,10,22.991187198768376,403.03735415336126,0,1,0,0,0,0
4.4,10,23.077787542043183,112.60214258596542,0,1,0,0,0,0
4.4,10,22.899662672978128,164.60334317701208,0,1,0,0,0,0
4.4,10,22.93697527371308,31.187859660505246,0,1,0,0,0,0
4.4,10,22.86381685666326,66.45418465043464,0,1,0,0,0,0
4.4,10,22.93560881358096,65.50627940419416,0,1,0,0,0,0
4.4,10,22.828695170322465,93.13103387391794,0,1,0,0,0,0
4.4,10,23.11533628509558,215.7712890192976,0,1,0,0,0,0
4.4,10,25.56936895309522,459.05482908402166,0,1,0,0,0,0
4.4,10,25.45053748361926,48.12716075747447,0,1,0,0,0,0
4.4,10,25.90801525484282,83.46531054661642,0,1,0,0,0,0
4.4,10,25.51204438794648,32.17265072782443,0,1,0,0,0,0
4.4,10,25.63643766360248,76.67831261212663,0,1,0,0,0,0
4.4,10,25.6237605675756,148.18534779302215,0,1,0,0,0,0
4.4,10,24.481900708764325,761.9269160955159,0,0,0,1,0,0
4.4,10,24.68457173577807,225.3030729559464,0,1,0,0,0,0
4.4,10,23.78782378332337,415.9189817861638,0,1,0,0,0,0
4.4,10,23.434903607327584,222.23700188955465,0,1,0,0,0,0
4.4,10,23.238918961160003,1440.763685266224,0,1,0,0,0,0
4.4,10,23.031962820631616,2540.4388180347005,0,0,0,0,0,0
4.4,10,23.02054312519964,197.2837599452997,0,1,0,0,0,0
4.1,10,16.940711137314427,304.3644674463369,0,1,0,0,0,1
4.1,10,17.095383975019736,334.854817788776,0,1,0,0,0,0
4.1,10,17.295866182661364,695.8516143659663,0,1,0,0,0,0
4.1,10,17.12798200947401,226.0831687403952,0,1,0,0,0,0
4.1,10,17.04861364934261,334.38094831616,0,1,0,0,0,0
4.1,10,16.956476072651064,86.6409247887356,0,1,0,0,0,0
4.1,10,17.239423720583467,608.3779301232823,0,0,0,1,0,1
4.1,10,17.222395051980413,589.8412924082332,0,0,0,1,0,1
4.1,10,16.834658293208086,514.7967337502447,0,0,0,1,0,1
4.1,10,16.815677853948685,555.7214270657979,0,0,0,1,0,1
4.1,10,17.232645198314138,743.6237152385429,0,0,0,1,0,1
4.1,10,17.1028626796033,338.7799712436523,0,1,0,0,0,1
4.1,10,17.045184657212115,571.8688928984491,0,1,0,0,0,1
4.1,10,17.028717832831486,72.76175702414321,0,0,0,1,0,1
4.1,10,17.35734641313568,201.0233467237804,0,0,0,1,0,1
4.1,10,16.975828189065055,442.0969465199373,0,1,0,0,0,1
4.1,10,17.218845629907968,700.6289300491355,0,1,0,0,0,0
4.1,10,16.43263113154746,28.564072210688124,0,1,0,0,0,0
4.1,10,17.496664598250383,1013.4438244598526,0,0,0,1,0,1
4.1,10,16.8489955105548,470.8485188768407,0,1,0,0,0,0
4.1,10,17.236116354261828,134.88620542085744,0,1,0,0,0,1
4.1,10,17.155389819994934,325.8406889755462,0,1,0,0,0,0
4.1,10,17.0722713391268,33.81804707509349,0,0,0,1,0,1
4.1,10,17.0722713391268,27.0057110383233,0,0,0,1,0,1
4.1,10,16.909079274075722,184.29153958651577,0,1,0,0,0,1
4.1,10,16.828164784467063,243.0595011305093,0,1,0,0,0,1
4.1,10,16.839954846233564,230.65386808968407,0,1,0,0,0,1
4.1,10,17.0299654307177,156.15608943176431,0,1,0,0,0,0
4.1,10,16.783076522593312,208.9568677098557,0,1,0,0,0,0
4.1,10,17.143983258869262,102.40924283206056,0,1,0,0,0,0
4.1,10,16.945164292313073,136.60985299431258,0,1,0,0,0,0
4.1,10,17.2443174755497,134.76024459742771,0,1,0,0,0,1
4.1,10,17.1641163128538,65.8490246342879,0,1,0,0,0,0
4.1,10,16.930516270186615,83.4233461372355,0,1,0,0,0,0
4.1,10,17.126918864049767,112.34559459757868,0,1,0,0,0,0
4.1,10,17.175383295478976,241.731053853642,0,0,0,1,0,1
4.1,10,17.282176416619937,8.105233444637209,0,1,0,0,0,0
4.1,10,17.0671416360589,137.22749182080418,0,1,0,0,0,1
4.1,10,17.349901653192145,169.41216413864896,0,1,0,0,0,0
4.1,10,16.97271242914505,94.23118380122268,0,1,0,0,0,0
4.1,10,16.998269570985098,164.32873932173572,0,1,0,0,0,1
4.1,10,16.9928260958028,160.0583684431548,0,1,0,0,0,1
4.1,10,17.048698212506704,142.763226755689,0,1,0,0,0,0
4.1,10,16.896302143226844,209.3735917233021,0,1,0,0,0,0
4.1,10,16.77232604713184,353.13016841652404,0,1,0,0,0,0
4.1,10,17.013304975477478,122.80593668108776,0,1,0,0,0,0
4.1,10,16.86906561765049,96.24729301508408,0,1,0,0,0,1
4.1,10,16.920469457219834,94.71429113672994,0,1,0,0,0,1
4.1,10,16.866470066305485,230.15905157321723,0,0,0,1,0,1
4.1,10,16.863744291460264,246.36663905119497,0,0,0,1,0,1
4.1,10,16.97192880176727,17.187901695007383,0,0,0,1,0,1
4.1,10,16.964855863778435,12.523101903261429,0,0,0,1,0,1
4.1,10,17.06992768442448,86.18600799610255,0,1,0,0,0,0
4.1,10,16.57587544585964,111.81526598282282,0,1,0,0,0,0
4.1,10,16.658187472130034,102.24791152574556,0,1,0,0,0,1
4.1,10,16.855297519467445,108.7993696701492,0,1,0,0,0,0
4.1,10,16.934612801886082,108.61872264479398,0,1,0,0,0,0
4.1,10,16.564905386198983,331.7609611801652,0,1,0,0,0,1
4.1,10,16.6979362257206,48.50636524753127,0,1,0,0,0,0
4.1,10,16.68476040064969,50.18546022346658,0,1,0,0,0,0
4.1,10,16.994292758064045,52.749742125932485,0,0,0,1,0,1
4.1,10,16.97831030065483,52.7317141798262,0,0,0,1,0,1
4.1,10,17.011210577455298,72.39469187386604,0,0,0,1,0,1
4.1,10,16.781802475969098,88.11659928511604,0,1,0,0,0,1
4.1,10,16.835943855434227,54.68411069150906,0,1,0,0,0,1
4.1,10,16.848135160679387,24.89461266748181,0,1,0,0,0,0
4.1,10,16.781802475969098,86.93604510604756,0,1,0,0,0,1
4.1,10,16.6544033643208,104.02801580486924,0,1,0,0,0,1
4.1,10,16.71261690083199,55.00920909677474,0,1,0,0,0,0
4.1,10,16.82949307691532,13.050284527613348,0,1,0,0,0,0
4.1,10,17.037734559962317,63.90600267693989,0,1,0,0,0,0
4.1,10,16.916425411135393,133.1816455706609,0,1,0,0,0,1
4.1,10,16.933301753338696,183.96219818047825,0,1,0,0,0,1
4.1,10,16.851221763533204,11.96579179772858,0,1,0,0,0,0
4.1,10,16.86881765199614,33.57557703966273,0,1,0,0,0,1
4.1,10,16.98268013041371,54.61296433895083,0,1,0,0,0,1
4.1,10,16.99980270444679,110.6164239770453,0,1,0,0,0,0
4.1,10,16.98123238386619,99.7761516454042,0,1,0,0,0,1
4.1,10,16.848494897753643,243.4208776399183,0,1,0,0,0,1
4.1,10,16.788863789945097,94.29773220516972,0,1,0,0,0,1
4.1,10,16.931241126067228,53.489823586484725,0,1,0,0,0,1
4.1,10,16.570505996998136,310.4756827327067,0,1,0,0,0,1
4.1,10,16.716930782930824,75.95891824830728,0,1,0,0,0,0
4.1,10,16.74131423464382,116.70334921305054,0,1,0,0,0,1
4.1,10,16.736327547029905,116.63770651764392,0,1,0,0,0,1
4.1,10,16.702499786772915,10.158002496495769,0,1,0,0,0,0
4.1,10,16.829437206326386,104.10959827239115,0,1,0,0,0,0
4.1,10,16.97472929460833,10.980598599219263,0,0,0,1,0,1
4.1,10,16.962055229961283,11.5453558609021,0,0,0,1,0,1
4.1,10,17.84865519462364,225.56819313437435,0,1,0,0,0,0
4.1,10,17.799936101803276,226.58510146826856,0,1,0,0,0,0
4.1,10,17.500764975309785,220.89696614249047,0,1,0,0,0,0
4.1,10,17.46014136079384,247.68806370163884,0,1,0,0,0,0
4.1,10,17.68036666943865,247.8046554081185,0,1,0,0,0,0
4.1,10,17.650128275546393,245.43657173545955,0,1,0,0,0,0
4.1,10,17.49267968393549,247.71614489555668,0,1,0,0,0,0
4.1,10,17.54772864872935,222.32990793674028,0,1,0,0,0,0
4.1,10,17.53126717014028,261.28217381542026,0,0,0,1,0,1
4.1,10,17.43297995209957,104.55926440316526,0,1,0,0,0,0
4.1,10,17.477022086541886,155.1702375685863,0,1,0,0,0,0
4.1,10,17.56424824754019,164.5735409988647,0,1,0,0,0,0
4.1,10,17.607471294335376,146.0096823679477,0,1,0,0,0,0
4.1,10,17.67458547407973,568.7882092029527,0,0,0,1,0,1
4.1,10,17.71195522315856,227.179529311646,0,1,0,0,0,0
4.1,10,17.664182129736247,230.61164774442275,0,1,0,0,0,0
4.1,10,17.608550247383853,246.18337387742963,0,1,0,0,0,0
4.1,10,17.4525877957161,226.4583705351604,0,1,0,0,0,0
4.1,10,17.4051531139339,227.0893893714016,0,1,0,0,0,0
4.1,10,17.457829482497488,245.6203241972088,0,1,0,0,0,0
4.1,10,17.53185740939042,366.8145854981536,0,1,0,0,0,0
4.1,10,17.37062875389141,57.92634604100982,0,1,0,0,0,0
4.1,10,17.268762761155045,249.9144911518317,0,1,0,0,0,0
4.1,10,17.324087209548203,112.18777134806884,0,1,0,0,0,0
4.1,10,17.300194967377788,248.49640751857092,0,1,0,0,0,0
4.1,10,17.577708119066155,246.551405088048,0,1,0,0,0,0
4.1,10,17.081432837711525,30.66962632528418,0,1,0,0,0,0
4.1,10,17.501209555605477,42.35364165974346,0,0,0,1,0,1
4.1,10,17.520908384049154,119.87414093596412,0,0,0,1,0,1
4.1,10,17.497870487090164,14.584546515866396,0,0,0,1,0,0
4.1,10,17.55521346985558,76.53712986203533,0,0,0,1,0,1
4.1,10,17.541562280837745,93.34345263279398,0,0,0,1,0,1
4.1,10,17.533645675570888,92.19805065697224,0,0,0,1,0,1
4.1,10,17.188807616490305,33.1450623385572,0,1,0,0,0,0
4.1,10,17.485171633012875,23.389110941212827,0,0,0,1,0,1
4.1,10,17.762868010128322,1137.6003858049348,0,1,0,0,0,0
4.1,10,18.625992138202427,132.32235279855908,0,1,0,0,0,0
4.1,10,18.101721435970227,247.8459003660864,0,1,0,0,0,0
4.1,10,18.208654254622907,235.5926122283809,0,1,0,0,0,0
4.1,10,18.25376532310625,220.96440021833288,0,1,0,0,0,0
4.1,10,17.7666284488586,249.25415546431427,0,1,0,0,0,0
4.1,10,17.797918970665428,248.0396418981713,0,1,0,0,0,0
4.1,10,17.969500525637248,309.03455240139664,0,1,0,0,0,0
4.1,10,17.923971136337514,648.2048017535491,0,1,0,0,0,0
4.1,10,17.60275682684532,1106.99704189035,0,1,0,0,0,0
4.1,10,18.35637631866048,801.8959430605998,0,1,0,0,0,0
4.1,10,17.14652154415318,423.815118496895,0,1,0,0,0,0
4.1,10,17.902419253057598,131.5686154701172,0,1,0,0,0,0
4.1,10,17.93405512937388,132.45050269328647,0,1,0,0,0,0
4.1,10,17.792768520173652,246.4043029877172,0,1,0,0,0,0
4.1,10,17.92267090807156,318.5613398125939,0,1,0,0,0,0
4.1,10,17.62929181427287,284.05608854792774,0,1,0,0,0,0
4.1,10,17.76137367480876,245.84303176566308,0,1,0,0,0,0
4.1,10,17.624834861174268,288.5156275900139,0,1,0,0,0,0
4.1,10,17.592718250948604,225.96316838715123,0,1,0,0,0,0
4.1,10,17.624990726499398,688.550238128322,0,1,0,0,0,0
4.1,10,17.30772053419409,233.08154822822084,0,1,0,0,0,0
4.1,10,17.493733806699215,1429.0438627203737,0,1,0,0,0,0
4.1,10,17.378293961226735,430.2921308919063,0,1,0,0,0,0
4.1,10,17.157135685519687,548.4439970279692,0,0,0,1,0,1
4.1,10,17.154724126083185,520.5380468539837,0,0,0,1,0,1
4.1,10,18.325978151757145,789.8013748532004,0,0,0,1,0,1
4.1,10,17.341621794334525,1008.1717495359828,0,0,0,1,0,1
4.1,10,17.7883281146756,395.7850992389177,0,1,0,0,0,0
4.1,10,18.221446371274176,618.8393404270547,0,0,0,1,0,1
4.1,10,18.21179479576136,615.2765063450715,0,0,0,1,0,1
4.1,10,18.60520092265429,836.1519604348279,0,1,0,0,0,0
4.1,10,17.795033605622653,417.4797235192687,0,0,0,1,0,1
4.1,10,18.481590296990746,1522.2107394945451,0,0,0,1,0,1
4.1,10,18.496868986381628,1521.624751401402,0,0,0,1,0,1
4.1,10,18.42613728896035,264.7589206876436,0,1,0,0,0,0
4.1,10,18.374742275390798,251.4543368474347,0,1,0,0,0,0
4.1,10,18.3944271878644,727.684731020604,0,1,0,0,0,0
4.1,10,18.306103483565906,264.94248698389833,0,1,0,0,0,0
4.1,10,18.493508591700245,248.5103221771824,0,1,0,0,0,0
4.1,10,18.52338507045108,248.4781380762073,0,1,0,0,0,0
4.1,10,17.608822807630542,47.468973571348265,0,0,0,1,0,1
4.1,10,17.60229612660787,46.972994660772365,0,0,0,1,0,1
4.1,10,17.592976450805818,46.71925618528916,0,0,0,1,0,1
4.1,10,17.58620091956508,46.86517170482762,0,0,0,1,0,1
4.1,10,17.97788508867217,191.1160778341384,0,0,0,1,0,1
4.1,10,17.96835682807143,188.536215949148,0,0,0,1,0,1
4.1,10,18.3316508788068,265.65683301075853,0,1,0,0,0,0
4.1,10,17.60043904583336,90.68051575180706,0,1,0,0,0,0
4.1,10,18.320181885108987,141.363381427582,0,1,0,0,0,0
4.1,10,18.140040086773205,169.36752316018357,0,1,0,0,0,0
4.1,10,18.093194377723265,179.64492373981713,0,1,0,0,0,0
4.1,10,18.29878445091193,221.7956292189868,0,1,0,0,0,0
4.1,10,18.324899684409857,222.5076135739614,0,1,0,0,0,0
4.1,10,18.070280294851436,247.03897011965373,0,1,0,0,0,0
4.1,10,18.10833707918725,249.68427660914423,0,1,0,0,0,0
4.1,10,18.07864769783621,249.260641899219,0,1,0,0,0,0
4.1,10,17.97296526198406,230.29892228816607,0,1,0,0,0,0
4.1,10,17.923761042203303,230.87084469452725,0,1,0,0,0,0
4.1,10,17.919562124123296,244.76794096958028,0,1,0,0,0,0
4.1,10,17.88990310271397,245.1042581309592,0,1,0,0,0,0
4.1,10,18.024637287007742,227.99440685264528,0,1,0,0,0,0
4.1,10,17.762507825433065,227.10790945592709,0,1,0,0,0,0
4.1,10,17.617800907684206,187.24082312911523,0,0,0,1,0,1
4.1,10,17.842494892588697,357.53926836425074,0,1,0,0,0,0
4.1,10,17.802114875252446,416.8609546575837,0,0,0,1,0,1
4.1,10,18.0736265893674,228.12815682204985,0,1,0,0,0,0
4.1,10,18.253169854568178,143.31270274067393,0,1,0,0,0,0
4.1,10,18.18465546845729,244.71946309752607,0,1,0,0,0,0
4.1,10,18.19222098194797,101.74802221874111,0,1,0,0,0,0
4.1,10,18.382549239734463,244.58847820645065,0,1,0,0,0,0
4.1,10,18.044813303407807,78.34191176288715,0,0,0,1,0,1
4.1,10,18.03505965037177,79.88138024170178,0,0,0,1,0,1
4.1,10,15.669241584481084,260.92248686147286,0,1,0,0,0,0
4.1,10,15.670844071486064,313.0649075905794,0,1,0,0,0,0
4.1,10,15.724319310938528,355.25719251106455,0,1,0,0,0,0
4.1,10,15.768067028395713,127.22530677918787,0,1,0,0,0,0
4.1,10,15.684682377121266,130.67485973109862,0,1,0,0,0,0
4.1,10,16.59995191166632,730.7880517832672,0,1,0,0,0,0
4.1,10,16.572284861967713,478.0929296666675,0,1,0,0,0,0
4.1,10,16.667508021165755,262.8998574861602,0,1,0,0,0,0
4.1,10,16.660127075194932,778.4596955190843,0,0,1,0,0,1
4.1,10,16.412527171309222,244.71717912240416,0,1,0,0,0,0
4.1,10,16.36411576284895,269.83716285134665,0,1,0,0,0,0
4.1,10,16.445511750538735,794.3565087091185,0,1,0,0,0,0
4.1,10,16.491744974192265,448.38783802596834,0,1,0,0,0,0
4.1,10,16.514402676593868,212.3132364896045,0,1,0,0,0,0
4.1,10,16.38585032344277,527.4644937366955,0,1,0,0,0,0
4.1,10,16.513362022729982,360.65019507335165,0,1,0,0,0,0
4.1,10,16.69182742456399,262.9428434646358,0,1,0,0,0,0
4.1,10,15.576483350334504,246.4206247930444,0,1,0,0,0,0
4.1,10,15.598692006969312,294.9569628259614,0,1,0,0,0,0
4.1,10,16.186069310707094,348.27252337484776,0,1,0,0,0,0
4.1,10,16.229904457684018,347.8686423141569,0,1,0,0,0,0
4.1,10,15.857705639221283,454.1123682082477,0,1,0,0,0,0
4.1,10,16.399737505279468,785.45315726014,0,1,0,0,0,0
4.1,10,16.180533688839887,557.8818187149966,0,0,0,1,0,1
4.1,10,16.188132771061795,557.3366131268899,0,0,0,1,0,1
4.1,10,15.864913911683304,254.9369398077493,0,0,0,1,0,1
4.1,10,15.85515848497318,252.0222529358156,0,0,0,1,0,1
4.1,10,15.64283714959262,607.5210284884432,0,0,0,1,0,1
4.1,10,15.65166190360852,612.28709761282,0,0,0,1,0,1
4.1,10,15.781849771608163,481.3997824670992,0,1,0,0,0,0
4.1,10,15.764243411304124,103.6473015199873,0,1,0,0,0,0
4.1,10,16.244561525754996,142.7642297599618,0,1,0,0,0,0
4.1,10,16.04877969003717,647.1993960368553,0,0,1,0,0,1
4.1,10,16.66809353027244,777.8804485412265,0,0,1,0,0,1
4.1,10,16.058532844311415,639.2668376802603,0,0,1,0,0,1
4.1,10,16.532401216847337,292.0806899191252,0,0,0,1,0,0
4.1,10,16.324592346710975,226.28198306133183,0,1,0,0,0,0
4.1,10,16.35360474608692,218.85730394439432,0,1,0,0,0,0
4.1,10,16.69137708134053,41.62418146216248,0,0,0,1,0,1
4.1,10,16.337750654399812,68.3373080742785,0,1,0,0,0,0
4.1,10,16.291571268342384,100.10816298612414,0,1,0,0,0,0
4.1,10,16.336040256666205,99.53249452642596,0,1,0,0,0,0
4.1,10,16.376533392900797,99.9439408006502,0,1,0,0,0,0
4.1,10,16.420920087462452,99.13197998356928,0,1,0,0,0,0
4.1,10,16.363147060410252,104.4190026316398,0,1,0,0,0,0
4.1,10,16.245599153736546,169.8935287377654,0,1,0,0,0,0
4.1,10,16.318660453483588,104.69542719165835,0,1,0,0,0,0
4.1,10,16.01656232626856,90.94198614623843,0,0,0,1,0,1
4.1,10,15.974067037073524,122.394256528763,0,0,0,1,0,1
4.1,10,16.025177191255615,91.41197155472454,0,0,0,1,0,1
4.1,10,15.965733285572416,120.71009800532056,0,0,0,1,0,1
4.1,10,15.928963278777651,65.13416414636349,0,0,0,1,0,1
4.1,10,15.928963278777651,65.25890804650697,0,0,0,1,0,1
4.1,10,15.820180785514584,238.57493600690472,0,1,0,0,0,0
4.1,10,16.21594970983021,519.5961373851926,0,0,0,1,0,0
4.1,10,16.24996807272543,143.7361843215816,0,1,0,0,0,0
4.1,10,16.189866997199513,307.5344866721535,0,1,0,0,0,0
4.1,10,15.872450122003931,121.45287760722545,0,1,0,0,0,0
4.1,10,15.467742863711566,123.5653856367438,0,1,0,0,0,0
4.1,10,15.583052550164412,232.111318029287,0,1,0,0,0,0
4.1,10,15.52333704652688,97.74138654644211,0,1,0,0,0,0
4.1,10,15.307446614493411,133.42251518382542,1,1,0,0,0,0
4.1,10,15.302298758722529,15.450885129215468,1,1,0,0,0,0
4.1,10,15.298168031844728,13.489871069172011,1,1,0,0,0,0
4.1,10,15.167325174901212,13.13687919785574,1,1,0,0,0,0
4.1,10,15.32826236958686,51.24393220330757,1,1,0,0,0,0
4.1,10,15.97733236475716,1187.046168608776,0,0,0,1,0,0
4.1,10,15.36786970658982,747.5313440579326,1,0,0,1,0,0
4.1,10,15.623247742436591,769.9619607304982,0,1,0,0,0,0
4.1,10,16.304919879766807,171.1734775614018,0,1,0,0,0,0
4.1,10,16.29281123840961,334.9678178437784,0,1,0,0,0,0
4.1,10,16.387692189499255,411.18751093370406,0,1,0,0,0,0
4.1,10,16.111756578595273,407.102788710132,0,1,0,0,0,0
4.1,10,16.311096376167825,54.2445204920496,0,1,0,0,0,0
4.1,10,16.200305969069166,916.4268990592798,0,1,0,0,0,0
4.1,10,15.354826388131467,316.63835191233113,1,1,0,0,0,0
4.1,10,15.962063432145376,495.6710874864089,0,1,0,0,0,0
4.1,10,15.762992165139613,198.6019367055612,0,1,0,0,0,0
4.1,10,15.185088981978966,119.03675328779045,1,1,0,0,0,0
4.1,10,16.065499093648103,41.31239571139946,0,1,0,0,0,0
4.1,10,16.425519754255557,339.26294224917825,0,1,0,0,0,0
4.1,10,16.121553643226292,13.698035131360236,0,1,0,0,0,0
4.1,10,16.080735163883016,128.77996129876863,0,1,0,0,0,0
4.1,10,16.1822884584356,180.24233839721893,0,1,0,0,0,0
4.1,10,16.334488158480365,99.2498644110216,0,1,0,0,0,0
4.1,10,16.225676226708377,129.55732422407158,0,1,0,0,0,0
4.1,10,16.254816756475424,276.25228566117653,0,1,0,0,0,0
4.1,10,15.96976018773461,136.06629036382265,0,1,0,0,0,0
4.1,10,15.909577941774636,100.9470898002742,0,1,0,0,0,0
4.1,10,16.104091322394762,21.44792909648802,0,1,0,0,0,0
4.1,10,16.056991591793526,514.1411680009701,0,1,0,0,0,0
4.1,10,15.653588862646291,60.982999919924254,0,1,0,0,0,0
4.1,10,15.800596288780534,15.111157297998584,0,0,0,1,0,1
4.1,10,15.872274920713014,133.90614867287957,0,1,0,0,0,0
4.1,10,15.827602947049332,163.82462989892528,0,1,0,0,0,0
4.1,10,15.97619515554934,84.24327576902948,0,1,0,0,0,0
4.1,10,16.028244473142674,129.61859453045727,0,1,0,0,0,0
4.1,10,16.16439950420481,76.24010312462525,0,1,0,0,0,0
4.1,10,16.137051737027605,178.0630809675996,0,1,0,0,0,0
4.1,10,15.96004491849847,255.2195822720508,0,1,0,0,0,0
4.1,10,15.556239135832586,885.9919035661948,0,1,0,0,0,0
4.1,10,15.69320964041662,148.2584866110292,0,1,0,0,0,0
4.1,10,15.96414312129803,374.6173122755369,0,1,0,0,0,0
4.1,10,15.901521608684927,69.70291159032244,0,1,0,0,0,0
4.1,10,15.531636121166535,83.17573624950992,0,1,0,0,0,0
4.1,10,15.88505653396284,64.76223194849538,0,1,0,0,0,0
4.1,10,15.628283293501832,94.33007155828764,0,1,0,0,0,0
4.1,10,15.639491634623196,346.0959215535913,0,1,0,0,0,0
4.1,10,15.970343763643164,75.93712483102733,0,1,0,0,0,0
4.1,10,17.13940885837976,331.554603652956,0,0,0,1,0,0
4.1,10,17.364099736284782,315.7390817173245,0,1,0,0,0,0
4.1,10,17.205661494655367,32.56428721580276,0,1,0,0,0,0
4.1,10,17.302360469231143,44.11741526256323,0,0,0,1,0,0
4.1,10,17.23569770597991,31.72598781217374,0,0,0,1,0,0
4.1,10,17.198259160797566,404.19417318668746,0,0,1,0,0,1
4.1,10,17.343836808547113,51.4131648738046,0,0,1,0,0,1
4.1,10,17.166831966904333,353.16363512394764,0,0,1,0,0,1
4.1,10,17.009228955089604,40.20444519337948,0,0,1,0,0,1
4.1,10,17.053525478593315,35.00086031840798,0,1,0,0,0,0
4.1,10,17.01781732899072,27.340483666816485,0,0,0,1,0,1
4.1,10,17.009228955089604,40.21272661398304,0,0,1,0,0,1
4.1,10,16.753869985499612,129.19266190598557,0,1,0,0,0,0
4.1,10,16.68228652033224,64.9284344064769,0,0,0,1,0,1
4.1,10,16.674119475827418,65.13043903381312,0,0,0,1,0,1
4.1,10,16.737103417293387,9.320297629368602,0,0,0,1,0,0
4.1,10,16.799415059543723,10.436297276152713,0,1,0,0,0,0
4.1,10,16.627035459823773,14.992176649305009,0,0,0,1,0,0
4.1,10,16.682574737862637,102.47033130282892,0,1,0,0,0,0
4.1,10,16.559533647749024,224.6811941158504,0,1,0,0,0,0
4.1,10,16.657074352736885,190.27561546864044,0,1,0,0,0,0
4.1,10,16.630038331040794,192.5094739756776,0,1,0,0,0,0
4.1,10,16.809576558777405,445.5267249432695,0,1,0,0,0,0
4.1,10,16.771542709239228,242.70031060776896,0,1,0,0,0,0
4.1,10,16.893594291670844,584.5065356555798,0,1,0,0,0,0
4.1,10,17.039237143996534,532.3025448834971,0,1,0,0,0,0
4.1,10,17.9051348489371,448.9309502950244,0,1,0,0,0,0
4.1,10,17.41892158437235,362.52284962796375,0,0,0,1,0,1
4.1,10,18.312009394221157,788.5675386573193,0,1,0,0,0,0
4.1,10,17.597491311358432,316.705556542717,0,0,0,1,0,1
4.1,10,16.851628624716607,643.5928614428785,0,0,0,1,0,1
4.1,10,16.601829409920484,282.7840937171931,0,0,0,1,0,1
4.1,10,16.841716789631022,642.8961770912376,0,0,0,1,0,1
4.1,10,16.593426642072654,284.625764095446,0,0,0,1,0,1
4.1,10,17.58608587268648,317.52984256478544,0,0,0,1,0,1
4.1,10,17.430431501354335,363.70997014860257,0,0,0,1,0,1
4.1,10,17.89764735088506,1126.4744744292072,0,0,1,0,0,1
4.1,10,16.965429668051975,868.2248089879133,0,0,0,1,0,0
4.1,10,17.55625435531442,219.3477727307061,0,1,0,0,0,0
4.1,10,17.516111766207125,232.65771112706983,0,1,0,0,0,0
4.1,10,18.321027858355507,789.8022156042739,0,0,0,1,0,1
4.1,10,17.8818913923949,1120.4738027034032,0,0,1,0,0,1
4.1,10,17.395171451181966,64.94454752445316,0,0,1,0,0,1
4.1,10,17.402862424998002,62.50453250745959,0,0,1,0,0,1
4.1,10,17.71596898444897,533.8939857114128,0,1,0,0,0,0
4.1,10,17.51853883007215,102.87030171208376,0,1,0,0,0,0
4.1,10,17.383705993946247,49.77578655603914,0,1,0,0,0,0
4.1,10,17.528626303131198,367.7401531448594,0,1,0,0,0,0
4.1,10,17.94115516570337,64.9139489659875,0,1,0,0,0,0
4.1,10,18.061976786158283,199.3394868464553,0,1,0,0,0,0
4.1,10,18.24281883577928,154.94614079338885,0,1,0,0,0,0
4.1,10,18.125497066570425,412.8379336713797,0,1,0,0,0,0
4.1,10,17.74638242159216,373.5296428497567,0,1,0,0,0,0
4.1,10,17.660680717999828,701.620161749252,0,1,0,0,0,0
4.1,10,17.695211192491474,319.05224050944923,0,1,0,0,0,0
4.1,10,17.71171385998283,414.00384665086574,0,1,0,0,0,0
4.1,10,17.734953397024498,164.14496974224124,0,1,0,0,0,0
4.1,10,17.738086904699916,143.12164793001298,0,1,0,0,0,0
4.1,10,17.674929107935633,221.90821506300333,0,1,0,0,0,0
4.1,10,17.624818641907705,222.3774670374084,0,1,0,0,0,0
4.1,10,17.438756535975607,101.9494049771024,0,1,0,0,0,0
4.1,10,17.561028302440945,165.46230270563447,0,1,0,0,0,0
4.1,10,17.556501379574303,462.5933168635979,0,1,0,0,0,0
4.1,10,17.54725255565038,292.2554527404765,0,1,0,0,0,0
4.1,10,17.80811772674144,245.3041954858478,0,1,0,0,0,0
4.1,10,17.910305047632086,331.5559374045997,0,1,0,0,0,0
4.1,10,18.18964156509161,10.057928025065891,0,1,0,0,0,0
4.1,10,17.839827954740592,324.3552767445024,0,0,0,1,0,1
4.1,10,17.83138447259664,322.16284422909416,0,0,0,1,0,1
4.1,10,17.6340306169593,151.83959291089937,0,1,0,0,0,0
4.1,10,17.390578587214833,367.3976011025552,0,1,0,0,0,0
4.1,10,17.39832566815715,47.99885152573137,0,1,0,0,0,0
4.1,10,17.907794026898806,76.98464414136139,0,0,0,1,0,1
4.1,10,17.909450344660357,245.25710402327672,0,1,0,0,0,0
4.1,10,18.027910417964996,94.5274699262171,0,1,0,0,0,0
4.1,10,18.073822857527382,71.89241771136562,0,1,0,0,0,0
4.1,10,18.038195923953285,326.7709872930001,0,1,0,0,0,0
4.1,10,18.04306148952147,258.2724959038204,0,1,0,0,0,0
4.1,10,17.481922563853935,172.06815810864876,0,1,0,0,0,0
4.1,10,17.62225021138536,161.95122421944146,0,1,0,0,0,0
4.1,10,17.554958527126495,30.67602338377884,0,1,0,0,0,0
4.1,10,17.701398331425892,170.08206611835314,0,0,0,1,0,1
4.1,10,17.711475001869687,171.18281509499764,0,0,0,1,0,1
4.1,10,17.752434598756444,71.7426766025203,0,0,0,1,0,1
4.1,10,17.78533468685042,53.97260441241113,0,1,0,0,0,0
4.1,10,18.044894930085256,126.62384770000747,0,1,0,0,0,0
4.1,10,17.5580705844361,294.6452652703528,0,1,0,0,0,0
4.1,10,17.611578423728115,255.51795579965136,0,1,0,0,0,0
4.1,10,17.680516389526343,147.4361369461943,0,1,0,0,0,0
4.1,10,17.51959999061571,48.082004968690704,0,1,0,0,0,0
4.1,10,17.57264721529868,141.25205651085025,0,1,0,0,0,0
4.1,10,17.504906544167255,245.0210175107585,0,1,0,0,0,0
4.1,10,17.60208290491084,286.7942790979734,0,1,0,0,0,0
4.1,10,17.37140043015527,53.00276822097079,0,1,0,0,0,0
4.1,10,17.63893164216179,217.971612971166,0,1,0,0,0,0
4.1,10,17.403211602467856,243.02477513138183,0,1,0,0,0,0
4.1,10,17.311658303598303,81.14760562711908,0,1,0,0,0,0
4.1,10,17.298882296344605,187.4540803195179,0,1,0,0,0,0
4.1,10,17.26093996083448,53.79682823533998,0,1,0,0,0,0
4.1,10,17.309342186143425,141.9571379622363,0,1,0,0,0,0
4.1,10,17.35682126691383,242.3794492221995,0,1,0,0,0,0
4.1,10,17.48386806719356,154.19841631923757,0,1,0,0,0,0
4.1,10,17.41239703273555,55.48766188044418,0,1,0,0,0,0
4.1,10,17.421619324503165,108.43853404737727,0,1,0,0,0,0
4.1,10,17.45558317702295,100.2906784715034,0,1,0,0,0,0
4.1,10,17.47576108776393,119.30308758284664,0,1,0,0,0,0
4.1,10,17.41475888417,56.49582538786116,0,1,0,0,0,0
4.1,10,17.714733654829548,89.39262039229854,0,1,0,0,0,0
4.1,10,17.678113746756992,141.07682318329458,0,1,0,0,0,0
4.1,10,17.452999328539587,172.62488384718085,0,1,0,0,0,0
4.1,10,17.395782152557075,190.1255406897863,0,1,0,0,0,0
4.1,10,17.72445091577785,531.1449472118136,0,1,0,0,0,0
4.1,10,17.657830945291046,234.6212838496077,0,1,0,0,0,0
4.1,10,17.618261942142333,242.3462626046213,0,1,0,0,0,0
4.1,10,17.693895644618255,49.6482261773561,0,1,0,0,0,0
4.1,10,17.68438153676095,87.35205894337838,0,1,0,0,0,0
4.1,10,17.652628489831873,50.70918931643571,0,1,0,0,0,0
4.1,10,17.544184904199025,41.50175387207327,0,1,0,0,0,0
4.1,10,17.58281742719423,45.52193033322545,0,1,0,0,0,0
4.1,10,17.62378969289319,45.93643107409793,0,1,0,0,0,0
4.1,10,17.41859386202558,9.454279351658084,0,1,0,0,0,0
4.1,10,17.464057043517528,245.81524950124705,0,1,0,0,0,0
4.1,10,17.527074415321785,88.87078504415545,0,0,0,1,0,1
4.1,10,17.73827595295237,16.421297550863546,0,1,0,0,0,0
4.1,10,16.769208782039023,190.01997829510816,0,1,0,0,0,0
4.1,10,16.59105604813319,66.54188029137103,0,1,0,0,0,0
4.1,10,16.44343250247795,92.88297699180112,0,1,0,0,0,0
4.1,10,16.951185903450554,138.931680885543,0,1,0,0,0,0
4.1,10,16.577087289827116,43.66191194056015,0,1,0,0,0,0
4.1,10,16.533491398230304,10.012622180216962,0,0,0,1,0,1
4.1,10,16.75214128342006,102.35028309612298,0,1,0,0,0,0
4.1,10,16.743850290765362,191.1641639205736,0,1,0,0,0,0
4.1,10,16.573955750115214,244.0278573321124,0,1,0,0,0,0
4.1,10,16.830493949184234,246.7179241602205,0,1,0,0,0,0
4.1,10,17.04034815335776,207.10653736112607,0,1,0,0,0,0
4.1,10,16.661880788686798,17.80462200996548,0,1,0,0,0,0
4.1,10,16.699218101167205,146.71645004646592,0,1,0,0,0,0
4.1,10,16.640332086293192,56.48156595115452,0,1,0,0,0,0
4.1,10,16.56402882758225,51.57047702449298,0,1,0,0,0,0
4.1,10,16.608762714009252,9.988348466384789,0,1,0,0,0,0
4.1,10,16.698386670618298,199.50162791304783,0,1,0,0,0,0
4.1,10,16.63526788943724,103.8950929163343,0,1,0,0,0,0
4.1,10,16.61023898639782,251.838675199694,0,1,0,0,0,0
4.1,10,16.296571320713156,217.75062539124173,0,1,0,0,0,0
4.1,10,16.565145305068363,408.31078458733657,0,1,0,0,0,0
4.1,10,16.587414347477146,252.01843281488576,0,1,0,0,0,0
4.1,10,16.455495452629673,145.27030355970476,0,1,0,0,0,0
4.1,10,16.24301571990131,95.3148844064081,0,1,0,0,0,0
4.1,10,16.36384250989088,110.30188894761886,0,1,0,0,0,0
4.1,10,16.71629381918459,86.37789708518451,0,1,0,0,0,0
4.1,10,16.54449548035415,153.56652893413863,0,1,0,0,0,0
4.1,10,16.788998270737373,50.165926531953815,0,1,0,0,0,0
4.1,10,16.730244465943628,51.17887771223258,0,1,0,0,0,0
4.1,10,17.21328983297508,899.0035563781269,0,0,0,1,0,1
4.1,10,17.566143043553613,542.9756577682066,0,0,0,1,0,1
4.1,10,16.56876726441973,380.8873992987132,0,1,0,0,0,0
4.1,10,16.54240735177178,143.87816000950835,0,1,0,0,0,0
4.1,10,16.764314158883554,308.7702694699147,0,1,0,0,0,0
4.1,10,16.889095673466507,429.2024679520272,0,1,0,0,0,0
4.1,10,16.93316325909445,431.6016102903381,0,1,0,0,0,0
4.1,10,16.993697249823402,648.0568143586947,0,1,0,0,0,0
4.1,10,16.81141529513143,307.6580487134016,0,1,0,0,0,0
4.1,10,17.057910970271532,474.98918996679095,0,1,0,0,0,0
4.1,10,17.10291613644759,472.7345833647447,0,1,0,0,0,0
4.1,10,17.193004938697705,479.3197150857478,0,1,0,0,0,0
4.1,10,16.772804797321562,85.1044503882953,0,1,0,0,0,0
4.1,10,16.680082815035732,286.8522100470911,0,1,0,0,0,0
4.1,10,17.483017051736006,384.18212810651374,0,1,0,0,0,0
4.1,10,17.287902550378558,580.430312714662,0,1,0,0,0,0
4.1,10,17.457752079086347,326.0537625773193,0,1,0,0,0,0
4.1,10,17.453020998625764,333.3780281206402,0,1,0,0,0,0
4.1,10,17.464280345527524,786.0609490614431,0,1,0,0,0,0
4.1,10,17.335877554901675,295.5275314405337,0,1,0,0,0,0
4.1,10,17.394115706171114,404.6265890726759,0,1,0,0,0,0
4.1,10,17.436939443032653,403.7635116056796,0,1,0,0,0,0
4.1,10,17.48466373297205,402.7404886489337,0,1,0,0,0,0
4.1,10,17.679419637579947,365.6216884926444,0,1,0,0,0,0
4.1,10,17.669813496133784,323.96065858977124,0,1,0,0,0,0
4.1,10,17.599289939504843,271.1560083890394,0,1,0,0,0,0
4.1,10,17.556376878077693,271.5737051526084,0,1,0,0,0,0
4.1,10,17.511428973314292,271.9878234385009,0,1,0,0,0,0
4.1,10,16.92829760396888,659.0567543304383,0,1,0,0,0,0
4.1,10,17.089853621172285,435.2087073473136,0,1,0,0,0,0
4.1,10,16.468698015654486,478.6018740214645,0,1,0,0,0,0
4.1,10,16.612956502630205,406.4590318162548,0,1,0,0,0,0
4.1,10,16.727237675763547,199.26633250243444,0,1,0,0,0,0
4.1,10,17.751472647468884,406.1539597133449,0,0,0,1,0,1
4.1,10,16.765599662645666,50.231448552843375,0,1,0,0,0,0
4.1,10,17.1276085328452,492.7955557985834,0,1,0,0,0,0
4.1,10,16.778876405910044,144.18740635167208,0,1,0,0,0,0
4.1,10,16.2909741304802,136.13011329001966,0,1,0,0,0,0
4.1,10,16.181948250792924,193.9285186714241,0,1,0,0,0,0
4.1,10,17.321727930414767,159.56372194352153,0,1,0,0,0,0
4.1,10,17.276038584894682,201.26557865112315,0,1,0,0,0,0
4.1,10,17.232839147189676,199.4663043122431,0,1,0,0,0,0
4.1,10,17.169360373830667,151.25084609745494,0,1,0,0,0,0
4.1,10,17.29300870495745,349.0232773513684,0,1,0,0,0,0
4.1,10,16.796151619759495,383.0356055431566,0,1,0,0,0,0
4.1,10,16.85078639445909,361.8232614550508,0,1,0,0,0,0
4.1,10,16.878665561530894,85.30170104859621,0,1,0,0,0,0
4.1,10,17.18472091604593,1013.4040285346738,0,0,0,1,0,1
4.1,10,17.75846585801155,413.49496489928737,0,0,0,1,0,1
4.1,10,17.565416986981276,550.7597029039908,0,0,0,1,0,1
4.1,10,17.05879700886231,173.29270262121605,0,1,0,0,0,0
4.1,10,17.069931009099623,187.4060474542374,0,1,0,0,0,0
4.1,10,16.07485742818408,91.00239885488214,0,1,0,0,0,0
4.1,10,16.510646219610237,153.4419729117976,0,1,0,0,0,0
4.1,10,17.433256147835156,662.3621793417724,0,0,0,1,0,1
4.1,10,17.389711327773277,109.58342598796187,0,1,0,0,0,0
4.1,10,17.474103318703712,142.27085097726945,0,1,0,0,0,0
4.1,10,17.44599044110017,549.0119157076114,0,0,0,1,0,1
4.1,10,17.38336186731569,403.0195486695157,0,1,0,0,0,0
4.1,10,17.462165293128074,142.8172072570603,0,1,0,0,0,0
4.1,10,17.494642254312126,134.44169197583506,0,1,0,0,0,0
4.1,10,17.49652659061125,78.79435087787674,0,1,0,0,0,0
4.1,10,17.418593031056822,178.2257195390242,0,1,0,0,0,0
4.1,10,17.37064075477093,205.77528487920603,0,1,0,0,0,0
4.1,10,17.129262619293904,51.02395229273801,0,1,0,0,0,0
4.1,10,17.315838980192293,229.41595064700493,0,1,0,0,0,0
4.1,10,17.320428201941507,128.72217651300977,0,0,0,1,0,1
4.1,10,17.50312623880572,121.71001300373209,0,1,0,0,0,0
4.1,10,17.424680798838732,116.22869552595589,0,1,0,0,0,0
4.1,10,17.330897114588634,83.69186782408747,0,0,0,1,0,1
4.1,10,17.32078090388589,83.89559809916274,0,0,0,1,0,1
4.1,10,17.301779536297826,6.217325855061672,0,0,0,1,0,1
4.1,10,17.321150987125048,86.28834022873454,0,1,0,0,0,0
4.1,10,17.359216082617326,78.10920586011439,0,1,0,0,0,0
4.1,10,17.535934076621913,15.083537578835651,0,1,0,0,0,0
4.1,10,17.279976248099914,56.76679656268043,0,0,0,1,0,0
4.1,10,17.705077317604932,197.51045045341388,0,1,0,0,0,0
4.1,10,17.04007378033196,458.0099510924268,0,1,0,0,0,0
4.1,10,17.4160190141652,246.9136745595643,0,1,0,0,0,0
4.1,10,17.37226698582359,246.25136425183925,0,1,0,0,0,0
4.1,10,17.305401079658605,65.55453889122302,0,1,0,0,0,0
4.1,10,17.271194346253278,126.24410297353052,0,1,0,0,0,0
4.1,10,16.944687024158306,192.48538998425911,0,1,0,0,0,0
4.1,10,16.96089879026123,181.68164609045925,0,1,0,0,0,0
4.1,10,17.074554476686878,62.40315162211422,0,1,0,0,0,0
4.1,10,16.921743709795784,96.97052008513528,0,1,0,0,0,0
4.1,10,17.000957927535403,130.28210329027422,0,1,0,0,0,0
4.1,10,16.819349107488286,50.40398183719382,0,1,0,0,0,0
4.1,10,16.914938174538293,13.87086191970756,0,1,0,0,0,0
4.1,10,16.918921094331647,31.88140942087416,0,1,0,0,0,0
4.1,10,16.949353787016037,56.71530039759492,0,1,0,0,0,0
4.1,10,16.905022710261797,82.46417237983707,0,1,0,0,0,0
4.1,10,16.977664505628372,172.6161232170989,0,1,0,0,0,0
4.1,10,17.30861953273526,45.34640085010094,0,1,0,0,0,0
4.1,10,17.181780674272055,206.00641529141865,0,1,0,0,0,0
4.1,10,17.299089625254478,8.761477560805906,0,0,0,1,0,1
4.1,10,17.182497374484292,235.4621008947322,0,0,0,1,0,0
4.1,10,16.950304557672517,34.097650129589056,0,1,0,0,0,0
4.1,10,17.02795798787874,204.39995445533145,0,1,0,0,0,0
4.1,10,18.820783782188077,114.19768140748344,0,1,0,0,0,0
4.1,10,18.83648730220031,264.46540801503187,0,1,0,0,0,0
4.1,10,18.80815339569469,264.048287537012,0,1,0,0,0,0
4.1,10,19.01797115115848,187.88544109940167,0,1,0,0,0,0
4.1,10,19.02916213236197,11.87679803999491,0,1,0,0,0,0
4.1,10,19.09787450394115,205.6546404854465,0,1,0,0,0,0
4.1,10,19.08797620559809,140.57000709104057,0,1,0,0,0,0
4.1,10,18.499265106880625,244.053958616738,0,1,0,0,0,0
4.1,10,18.73662858646361,244.0464645110572,0,1,0,0,0,0
4.1,10,19.083755944929056,37.2979303025436,0,0,0,1,0,1
4.1,10,18.818659379437747,218.19755931096608,0,1,0,0,0,0
4.1,10,18.538705927125,244.37461446846189,0,1,0,0,0,0
4.1,10,18.84399244657349,218.46507304616915,0,1,0,0,0,0
4.1,10,18.644167853703955,217.0606771164612,0,1,0,0,0,0
4.1,10,18.75076561703207,46.21531511347977,0,1,0,0,0,0
4.1,10,18.83742582032892,297.14263437022163,0,1,0,0,0,0
4.1,10,18.65811487673002,263.5920615424484,0,1,0,0,0,0
4.1,10,18.779787122535048,244.4583136930322,0,1,0,0,0,0
4.1,10,18.424112667208053,245.0317405459283,0,1,0,0,0,0
4.1,10,18.463712478544203,245.4708506287648,0,1,0,0,0,0
4.1,10,19.08913970222889,97.36997330728266,0,0,1,0,0,1
4.1,10,18.583079095500608,244.7156354122185,0,1,0,0,0,0
4.1,10,18.725238529321054,55.820994958328136,0,1,0,0,0,0
4.1,10,18.926143570955496,49.72883549286616,0,1,0,0,0,0
4.1,10,18.624301352591363,117.11829124722088,0,1,0,0,0,0
4.1,10,18.633085493254427,263.25188306202034,0,1,0,0,0,0
4.1,10,18.718686676721944,100.63249067870652,0,1,0,0,0,0
4.1,10,19.08301244073757,59.05191731219167,0,0,0,1,0,1
4.1,10,19.020307270072035,42.4550917675463,0,1,0,0,0,0
4.1,10,19.075610011959665,28.809513279536613,0,0,1,0,0,1
4.1,10,19.05120869008437,42.376746106207406,0,0,1,0,0,1
4.1,10,19.10602155932029,37.91031307075006,0,0,1,0,0,1
4.1,10,18.632823587020397,200.76320128289424,0,1,0,0,0,0
4.1,10,18.57937886936474,185.4945895445284,0,1,0,0,0,0
4.1,10,18.56592267690688,672.453239885764,0,1,0,0,0,0
4.1,10,19.50996120175257,309.4935534607309,0,1,0,0,0,0
4.1,10,18.87819359069078,636.2030794264614,0,0,1,0,0,1
4.1,10,18.9397017618692,732.246931114232,0,0,1,0,0,1
4.1,10,18.67704856248743,239.92838405783965,0,1,0,0,0,0
4.1,10,18.907525902741984,224.9446722683999,0,1,0,0,0,0
4.1,10,18.75982934376354,240.24064689098373,0,1,0,0,0,0
4.1,10,18.71677248469666,240.0826645383587,0,1,0,0,0,0
4.1,10,18.982144172838854,166.91708859424784,0,1,0,0,0,0
4.1,10,19.042678904001704,10.471565364424976,0,1,0,0,0,0
4.1,10,19.9370285084255,471.41808301673024,0,1,0,0,0,0
4.1,10,19.656731488331346,361.0621158602297,0,1,0,0,0,0
4.1,10,21.26430565316388,1075.3079286565464,0,1,0,0,0,0
4.1,10,21.098618264563186,186.10210107427443,0,1,0,0,0,0
4.1,10,20.017571456201598,694.6583876890359,0,1,0,0,0,0
4.1,10,18.3096906649168,378.0426131970976,0,1,0,0,0,0
4.1,10,18.70148219014849,119.41566520055883,0,0,1,0,0,1
4.1,10,18.486847915596385,84.35476600898936,0,1,0,0,0,0
4.1,10,18.46242770546601,83.36086563371009,0,1,0,0,0,0
4.1,10,18.494275479676343,80.70698102358016,0,1,0,0,0,0
4.1,10,18.538477444362023,55.8456231869791,0,1,0,0,0,0
4.1,10,18.496240873428523,39.6652556649684,0,1,0,0,0,0
4.1,10,18.566380967287785,11.539202773204668,0,1,0,0,0,0
4.1,10,18.511953576030084,52.848772194566536,0,1,0,0,0,0
4.1,10,18.437732353585115,83.17533190158613,0,1,0,0,0,0
4.1,10,18.460966196076527,58.82771953112463,0,1,0,0,0,0
4.1,10,18.46997114176075,51.86447017515467,0,1,0,0,0,0
4.1,10,18.39963854694016,106.79806249070587,0,1,0,0,0,0
4.1,10,18.543842492383508,81.37409394987117,0,1,0,0,0,0
4.1,10,18.48728904406957,53.30286676954589,0,1,0,0,0,0
4.1,10,18.29760682980932,31.446319879088392,0,1,0,0,0,0
4.1,10,18.66082700379028,18.29788639912347,0,1,0,0,0,0
4.1,10,18.630243210520398,33.31829643257721,0,1,0,0,0,0
4.1,10,18.728325232312635,14.335754367552674,0,0,1,0,0,0
4.1,10,18.684819328678284,12.850819625794609,0,0,1,0,0,0
4.1,10,18.210482886213946,79.99959880240341,0,1,0,0,0,0
4.1,10,18.17742286476796,95.5802322725434,0,1,0,0,0,0
4.1,10,18.27170784764535,51.44174600138202,0,1,0,0,0,0
4.1,10,18.130014025097257,289.4619074271157,0,1,0,0,0,0
4.1,10,18.229304119807203,512.1019317233206,0,1,0,0,0,0
4.1,10,18.35316164066333,329.4826849836558,0,0,1,0,0,1
4.1,10,18.418539749558303,76.32715277615408,0,1,0,0,0,0
4.1,10,18.266151171993563,28.85627074171481,0,1,0,0,0,0
4.1,10,18.30241035418493,96.62822442698148,0,1,0,0,0,0
4.1,10,18.17776791418414,28.9556733349078,0,1,0,0,0,0
4.1,10,18.229700806557517,27.84221241386296,0,1,0,0,0,0
4.1,10,18.202401228276315,50.54421960735315,0,1,0,0,0,0
4.1,10,18.135361936280205,292.8785626209772,0,1,0,0,0,0
4.1,10,18.32142037813217,23.03851182479792,0,1,0,0,0,0
4.1,10,18.550303847439107,49.46851428316447,0,1,0,0,0,0
4.1,10,18.33860846547809,44.5554203876351,0,1,0,0,0,0
4.1,10,18.297097849033207,27.23368004957509,0,1,0,0,0,0
4.1,10,18.315264498107,23.24948346144852,0,1,0,0,0,0
4.1,10,18.29023219527671,27.205277085523605,0,1,0,0,0,0
4.1,10,18.479671984473285,62.58313720886182,0,1,0,0,0,0
4.1,10,18.43444635702055,47.55029301516164,0,1,0,0,0,0
4.1,10,18.36789201465115,100.2772670813651,0,1,0,0,0,0
4.1,10,19.434341801300228,893.1541605066424,0,1,0,0,0,0
4.1,10,17.894495573409976,487.2970117754178,0,1,0,0,0,0
4.1,10,18.54490620290154,570.0560839355832,0,0,1,0,0,1
4.1,10,18.674674651646587,818.114634637849,0,0,0,1,0,0
4.1,10,19.33141177771232,221.8338571895152,0,1,0,0,0,0
4.1,10,18.96920397628418,406.3657136786584,0,1,0,0,0,0
4.1,10,18.518393053986244,611.7397390899404,0,1,0,0,0,0
4.1,10,19.608283702166087,130.50191867408162,0,1,0,0,0,0
4.1,10,19.589462169590774,106.87651003869236,0,1,0,0,0,0
4.1,10,18.407773718048876,597.6456141687039,0,1,0,0,0,0
4.1,10,18.150416431081457,982.1445564370172,0,0,1,0,0,1
4.1,10,18.149214529665507,862.1747160565099,0,1,0,0,0,0
4.1,10,18.554006420354053,562.8242443444443,0,0,1,0,0,1
4.1,10,18.17617162836285,980.5873583570118,0,0,1,0,0,1
4.1,10,19.571652779196253,471.8841836527543,0,1,0,0,0,0
4.1,10,19.53682946175632,319.44948590111886,0,1,0,0,0,0
4.1,10,19.5881379915654,80.66939676464774,0,1,0,0,0,0
4.1,10,19.032562178262484,729.7013711902121,0,1,0,0,0,0
4.1,10,18.73499866696619,413.97819468045066,0,1,0,0,0,0
4.1,10,18.742286600167997,470.75391214852135,0,1,0,0,0,0
4.1,10,18.680261208191386,90.99690791030886,0,1,0,0,0,0
4.1,10,18.580764619874078,291.15854519198734,0,1,0,0,0,0
4.1,10,18.755586499941717,202.379036466918,0,1,0,0,0,0
4.1,10,18.80856622726452,160.24613937278292,0,1,0,0,0,0
4.1,10,18.285461881432425,207.16539591749145,0,1,0,0,0,0
4.1,10,19.180526015451928,342.079427816233,0,1,0,0,0,0
4.1,10,19.226592310516565,176.3825255987698,0,1,0,0,0,0
4.1,10,19.11722226990626,109.98889515752528,0,1,0,0,0,0
4.1,10,18.08502043734126,69.90859397516445,0,1,0,0,0,0
4.1,10,18.70473428270996,817.462368836812,0,1,0,0,0,0
4.1,10,18.65547544745816,89.70860605890148,0,1,0,0,0,0
4.1,10,19.15345703022581,73.93220039562287,0,1,0,0,0,0
4.1,10,19.4674871247508,96.43822521934496,0,1,0,0,0,0
4.1,10,19.330560549299825,120.37671831563196,0,1,0,0,0,0
4.1,10,19.379776871304305,135.17065698416746,0,1,0,0,0,0
4.1,10,19.42697573198117,45.03329584849755,0,1,0,0,0,0
4.1,10,18.89977096929904,91.6865128817842,0,1,0,0,0,0
4.1,10,19.263152909985997,367.4650814826636,0,1,0,0,0,0
4.1,10,19.064717667986105,50.54223865034507,0,1,0,0,0,0
4.1,10,18.985896254532264,260.80379045887673,0,1,0,0,0,0
4.1,10,18.834173964914104,573.9386975330156,0,1,0,0,0,0
4.1,10,19.091829633316596,144.33908526238798,0,1,0,0,0,0
4.1,10,19.0324276542706,300.36938202901746,0,1,0,0,0,0
4.1,10,19.00459515722746,102.01738217256316,0,1,0,0,0,0
4.1,10,18.82143563589733,305.91097547168613,0,1,0,0,0,0
4.1,10,18.704873866451003,69.41577018038316,0,1,0,0,0,0
4.1,10,17.99280917692376,134.90154119866236,0,1,0,0,0,0
4.1,10,18.004236348881538,132.05918250868115,0,1,0,0,0,0
4.1,10,18.06883071655164,30.22986281338782,0,1,0,0,0,0
4.1,10,18.02491109292634,91.00218908685709,0,1,0,0,0,0
4.1,10,18.047056246052392,28.26913731630865,0,1,0,0,0,0
4.1,10,17.877254664282763,46.5828831172477,0,1,0,0,0,0
4.1,10,17.865240855253795,147.37931221445731,0,1,0,0,0,0
4.1,10,18.168364398889448,324.776723723229,0,1,0,0,0,0
4.1,10,18.20740906080229,203.9755409177465,0,1,0,0,0,0
4.1,10,17.96536112440768,78.19758455998179,0,0,1,0,0,1
4.1,10,17.94745719376702,54.16969615113719,0,0,1,0,0,1
4.1,10,17.93276523352592,27.76453652823825,0,0,1,0,0,1
4.1,10,17.94158107326649,75.69114509622894,0,0,1,0,0,1
4.1,10,18.082442418489293,21.03902005078229,0,1,0,0,0,0
4.1,10,18.070914238473623,4.132342319004735,0,1,0,0,0,0
4.1,10,18.093826404018365,1.8744537752159347,0,1,0,0,0,0
4.1,10,18.053450574633825,133.03650926439838,0,1,0,0,0,0
4.1,10,18.085399352217078,25.57034603595447,0,1,0,0,0,0
4.1,10,18.055731199026933,168.4516590557837,0,1,0,0,0,0
4.1,10,18.014814816413605,23.427677842640943,0,1,0,0,0,0
4.1,10,18.05966247152241,26.08679394718236,0,1,0,0,0,0
4.1,10,17.9804883812743,72.69867829422496,0,1,0,0,0,0
4.1,10,17.878275365941825,51.1190504263312,0,1,0,0,0,0
4.1,10,17.956218272890037,63.88091430830356,0,1,0,0,0,0
4.1,10,17.9890817041999,233.8629467635245,0,1,0,0,0,0
4.1,10,18.11966037983898,49.584599704234,0,1,0,0,0,0
4.1,10,18.14407339163292,47.27535797076176,0,1,0,0,0,0
4.1,10,17.5085957643142,245.62067230764188,0,1,0,0,0,0
4.1,10,17.758733281663897,42.163342673176174,0,1,0,0,0,0
4.1,10,17.973692947764135,244.9548186485173,0,1,0,0,0,0
4.1,10,17.628916056781716,92.40428493856724,0,1,0,0,0,0
4.1,10,18.05982063920544,119.77197107711746,0,1,0,0,0,0
4.1,10,18.093934977932783,125.21371390299556,0,1,0,0,0,0
4.1,10,17.60342191883274,61.25161546569736,0,1,0,0,0,0
4.1,10,18.124721091467485,43.2535597212823,0,1,0,0,0,0
4.1,10,18.18904421598873,98.70249495381726,0,1,0,0,0,0
4.1,10,17.978294709966118,279.09398025829216,0,0,0,1,0,0
4.1,10,18.236298289490943,93.08453897350836,0,1,0,0,0,0
4.1,10,18.108778005644226,56.627548840093255,0,1,0,0,0,0
4.1,10,18.175948274819607,340.27747462200284,0,1,0,0,0,0
4.1,10,18.19407421752009,88.80970041827598,0,1,0,0,0,0
4.1,10,17.87370477460788,69.13151400047118,0,1,0,0,0,0
4.1,10,17.809432426826973,1113.8511541118462,0,0,1,0,0,1
4.1,10,18.560588190126264,365.64058158029206,0,1,0,0,0,0
4.1,10,18.411803435507952,267.96018620176386,0,1,0,0,0,0
4.1,10,17.835596826161403,365.1871400956596,0,1,0,0,0,0
4.1,10,17.81362946816956,689.4027669901633,0,1,0,0,0,0
4.1,10,17.85934570027634,636.0539900092799,0,1,0,0,0,0
4.1,10,17.909306064203797,567.9755112173814,0,1,0,0,0,0
4.1,10,18.000640649564243,575.3128646854993,0,1,0,0,0,0
4.1,10,18.042493745563338,574.7529353104052,0,1,0,0,0,0
4.1,10,18.086699179974648,540.1669721257488,0,1,0,0,0,0
4.1,10,18.120730662766057,436.8499428942665,0,1,0,0,0,0
4.1,10,17.608621908695017,695.9560480267629,0,1,0,0,0,0
4.1,10,17.564384760574587,577.6698545616057,0,1,0,0,0,0
4.1,10,17.544337445513982,335.22960069142937,0,1,0,0,0,0
4.1,10,17.661990856548524,696.1786365277121,0,1,0,0,0,0
4.1,10,17.71298511584021,696.3421948597148,0,1,0,0,0,0
4.1,10,18.034000390110407,371.1215325833661,0,1,0,0,0,0
4.1,10,17.991865210206353,308.45263110990464,0,1,0,0,0,0
4.1,10,17.947252532772094,309.0971036729504,0,1,0,0,0,0
4.1,10,17.797012767890305,395.3833305671154,0,1,0,0,0,0
4.1,10,17.735091133328453,269.850851830783,0,1,0,0,0,0
4.1,10,17.690352475887465,270.0867376542883,0,1,0,0,0,0
4.1,10,17.653167121334835,202.95513702110767,0,1,0,0,0,0
4.1,10,18.96308502539182,480.5993067445032,0,1,0,0,0,0
4.1,10,19.08481458323224,677.0056827811665,0,1,0,0,0,0
4.1,10,19.13967722381124,294.09364391176683,0,1,0,0,0,0
4.1,10,18.782212411173663,236.5121894100809,0,1,0,0,0,0
4.1,10,19.094328974787494,215.92521397608635,0,1,0,0,0,0
4.1,10,18.591460465335405,85.58510939368301,0,1,0,0,0,1
4.1,10,18.40868013436944,1140.9176808463385,0,1,0,0,0,0
4.1,10,18.35023398032592,107.5512141636794,0,1,0,0,0,0
4.1,10,18.530611151874005,1089.568008853888,0,1,0,0,0,0
4.1,10,19.168982884944164,334.59848703598726,0,1,0,0,0,0
4.1,10,18.26848727058459,28.385297681192583,0,1,0,0,0,0
4.1,10,17.956055824377387,567.1465731811318,0,1,0,0,0,0
4.1,10,18.299082433685346,92.74746145535966,0,1,0,0,0,0
4.1,10,18.966295991131307,228.36961989001304,0,1,0,0,0,0
4.1,10,18.208436717002343,254.70050304578703,0,1,0,0,0,0
4.1,10,18.14058990973053,1016.9636271395376,0,1,0,0,0,0
4.1,10,18.27894251287494,85.68664356395496,0,1,0,0,0,0
4.1,10,18.3199438123684,177.29661764545756,0,1,0,0,0,0
4.1,10,18.239442808790677,47.89412665502419,0,1,0,0,0,0
4.1,10,17.800622306709872,1145.0665308117518,0,0,1,0,0,1
4.1,10,19.133506079362448,207.8307273507556,0,1,0,0,0,0
4.1,10,18.942851472378383,159.94714305144652,0,1,0,0,0,0
4.1,10,18.91203630774003,99.44559028889792,0,1,0,0,0,0
4.1,10,18.405507098125103,255.5463066665477,0,1,0,0,0,0
4.1,10,19.16350333281237,90.99704585081024,0,1,0,0,0,0
4.1,10,19.205558790758637,196.00788780873137,0,1,0,0,0,0
4.1,10,18.25406859057664,167.35995366540533,0,1,0,0,0,0
4.1,10,18.245637925225644,167.19934341308138,0,1,0,0,0,0
4.1,10,18.29192937831169,96.6416411710695,0,1,0,0,0,0
4.1,10,18.14907049858685,274.6637791082936,0,1,0,0,0,0
4.1,10,18.48897722650224,137.04688419445134,0,1,0,0,0,0
4.1,10,18.46332305817083,34.03305275747826,0,1,0,0,0,0
4.1,10,18.269208069796708,156.76323288004022,0,1,0,0,0,0
4.1,10,18.27876326248748,158.00689483772993,0,1,0,0,0,0
4.1,10,18.949087909452903,279.2471374684297,0,1,0,0,0,0
4.1,10,18.72995786646627,626.182626684892,0,1,0,0,0,0
4.1,10,19.080413075596365,150.37827278922424,0,1,0,0,0,0
4.1,10,18.64192373693836,319.6097773391808,0,1,0,0,0,0
4.1,10,18.85993835365326,174.6947073483496,0,1,0,0,0,0
4.1,10,19.074631576962503,182.8723706910952,0,1,0,0,0,0
4.1,10,18.6641142667509,95.1571781591655,0,1,0,0,0,0
4.1,10,18.603482731964164,159.32359621683574,0,1,0,0,0,0
4.1,10,18.64672315485898,209.25018675548927,0,1,0,0,0,0
4.1,10,18.76175785779439,109.22252663560889,0,1,0,0,0,0
4.1,10,18.58744516204013,109.03418795763196,0,1,0,0,0,0
4.1,10,18.589494329622887,32.15380230084201,0,1,0,0,0,0
4.1,10,18.62555515497572,32.64770777076064,0,1,0,0,0,0
4.1,10,18.701804544093445,436.8478465019308,0,1,0,0,0,0
4.1,10,18.44986715394364,227.23487085076584,0,1,0,0,0,0
4.1,10,18.37901178584321,172.99903700253435,0,1,0,0,0,0
4.1,10,18.833261959680076,351.6862373132372,0,1,0,0,0,0
4.1,10,18.632204993235323,74.6131035105682,0,1,0,0,0,0
4.1,10,18.40352128166281,69.68496070580233,0,1,0,0,0,0
4.1,10,18.4579163697558,54.07112144871091,0,1,0,0,0,0
4.1,10,18.38572120508273,31.937224619393817,0,1,0,0,0,0
4.1,10,18.43592497237101,58.312806664206775,0,1,0,0,0,0
4.1,10,18.462877975546714,27.015194739222224,0,1,0,0,0,0
4.1,10,18.43263627211538,56.576996081587126,0,1,0,0,0,0
4.1,10,18.45298170240341,94.2362656584272,0,1,0,0,0,0
4.1,10,18.498277426727945,171.77667932183692,0,1,0,0,0,0
4.1,10,18.392589818856617,204.0842378773952,0,1,0,0,0,0
4.1,10,18.452863158211805,43.69911319642008,0,1,0,0,0,0
4.1,10,18.34485893254953,189.8703311806244,0,1,0,0,0,0
4.1,10,18.42879072039671,54.31677016947778,0,1,0,0,0,0
4.1,10,18.40413739901027,48.98321932558042,0,1,0,0,0,0
4.1,10,18.29846391646147,72.76683553684448,0,1,0,0,0,0
4.1,10,18.28162131938828,51.5365677994661,0,1,0,0,0,0
4.1,10,18.26824984201248,70.68655401911838,0,1,0,0,0,0
4.1,10,18.26544310504908,64.46686456253659,0,1,0,0,0,0
4.1,10,18.8094079107768,429.2517245917204,0,1,0,0,0,0
4.1,10,18.87207740156507,102.23043812250414,0,1,0,0,0,0
4.1,10,18.909909123275693,109.06679987004642,0,1,0,0,0,0
4.1,10,18.55619200397446,98.95604632474436,0,1,0,0,0,0
4.1,10,18.554757908855247,265.5589038451527,0,1,0,0,0,0
4.1,10,18.498183528945862,93.43806129677138,0,1,0,0,0,0
4.1,10,18.451274254432107,47.15578175262618,0,1,0,0,0,0
4.1,10,18.4744926575337,118.90692154529977,0,1,0,0,0,0
4.1,10,20.13056357701226,225.8528041125306,0,1,0,0,0,0
4.1,10,20.08896594734092,294.9915888447813,0,1,0,0,0,0
4.1,10,20.06730604605071,334.3188553864758,0,1,0,0,0,0
4.1,10,20.022223607456567,334.25934238511206,0,1,0,0,0,0
4.1,10,19.950986491445995,484.12736014571175,0,1,0,0,0,0
4.1,10,19.94738621090211,137.20560945840853,0,1,0,0,0,0
4.1,10,19.583305099255675,55.26479310489457,0,1,0,0,0,0
4.1,10,19.72260241771041,30.49501813572552,0,1,0,0,0,0
4.1,10,19.70313444573157,29.897726358552905,0,1,0,0,0,0
4.1,10,19.39504269564175,132.6131311872752,0,1,0,0,0,0
4.1,10,19.764002051127896,105.0392858119681,0,1,0,0,0,0
4.1,10,19.377197551059982,98.27573106947344,0,1,0,0,0,0
4.1,10,19.99958830907658,64.70010271962805,0,1,0,0,0,0
4.1,10,19.87438954662234,233.9750525527384,0,1,0,0,0,0
4.1,10,19.685055696076528,87.11285656179797,0,1,0,0,0,0
4.1,10,19.665731585889382,174.23070939831797,0,1,0,0,0,0
4.1,10,19.628953743401706,228.9196339526829,0,1,0,0,0,0
4.1,10,19.82321532405881,169.1001715315453,0,1,0,0,0,0
4.1,10,19.835337185525347,93.56340075340478,0,1,0,0,0,0
4.1,10,19.83445008861404,183.8928496966549,0,1,0,0,0,0
4.1,10,19.90486789896672,66.19700954893409,0,1,0,0,0,0
4.1,10,19.965238711959724,55.09770643770992,0,1,0,0,0,0
4.1,10,19.65474176974111,1666.867129286341,0,1,0,0,0,0
4.1,10,20.06799224094605,1399.4804229315232,0,1,0,0,0,0
4.1,10,20.064369012804946,333.8340435495894,0,1,0,0,0,0
4.1,10,19.87138118156612,383.58892752570847,0,1,0,0,0,0
4.1,10,20.27983939291445,508.8844278715315,0,1,0,0,0,0
4.1,10,19.647336779026787,121.112029339171,0,1,0,0,0,0
4.1,10,19.99975301916954,443.8545801027623,0,1,0,0,0,0
4.1,10,19.995441917653228,581.6741161068556,0,1,0,0,0,0
4.1,10,20.08688352530558,166.6042923485657,0,1,0,0,0,0
4.1,10,19.990372740210056,198.6452255996302,0,1,0,0,0,0
4.1,10,20.13011244113351,1767.6873942557947,0,1,0,0,0,0
4.1,10,19.849409349483977,132.7599672614834,0,1,0,0,0,0
4.1,10,20.176923901974604,252.67727933025728,0,1,0,0,0,0
4.1,10,20.244203042494224,74.4205621001059,0,1,0,0,0,0
4.1,10,20.287076134415905,50.24925123891645,0,1,0,0,0,0
4.1,10,20.345993928588044,143.31582057038375,0,1,0,0,0,0
4.1,10,20.125291386893498,86.71843425810566,0,1,0,0,0,0
4.1,10,20.105411327058835,102.514529610439,0,1,0,0,0,0
4.1,10,20.203768762122035,140.1156180099101,0,1,0,0,0,0
4.1,10,20.20075009119604,127.91191613038254,0,1,0,0,0,0
4.1,10,20.428527147289422,165.3455584482181,0,1,0,0,0,0
4.1,10,19.22376830891702,368.9956686512016,0,1,0,0,0,0
4.1,10,19.472269031459,209.39629280997147,0,1,0,0,0,0
4.1,10,19.49116148088433,370.2095808821495,0,1,0,0,0,0
4.1,10,19.549762855353173,324.296997365628,0,1,0,0,0,0
4.1,10,19.64734204742612,113.74817273186736,0,1,0,0,0,0
4.1,10,19.76087211260581,98.67412922181956,0,1,0,0,0,0
4.1,10,19.564243305763668,113.6759414702521,0,1,0,0,0,0
4.1,10,19.564011247846587,134.31002521203362,0,1,0,0,0,0
4.1,10,19.52656929654915,136.91314480595824,0,1,0,0,0,0
4.1,10,19.631563937769226,86.94743254246251,0,1,0,0,0,0
4.1,10,19.578857162182874,98.19253648205284,0,1,0,0,0,0
4.1,10,19.42706878224208,68.30131320257374,0,1,0,0,0,0
4.1,10,19.34305152968991,200.4534789408692,0,1,0,0,0,0
4.1,10,19.3490941243285,38.43539556738425,0,1,0,0,0,0
4.1,10,19.334604685968284,149.37861789200838,0,1,0,0,0,0
4.1,10,19.464283258226253,160.62148321739795,0,1,0,0,0,0
4.1,10,19.397783072379987,139.12628009981336,0,1,0,0,0,0
4.1,10,19.39331312283328,52.150372511659896,0,1,0,0,0,0
4.1,10,19.288924275385316,84.40535952287763,0,1,0,0,0,0
4.1,10,19.284222362292542,83.54417794126374,0,1,0,0,0,0
4.1,10,19.277200537737805,86.48292994224903,0,1,0,0,0,0
4.1,10,19.437224824470203,36.567474265974994,0,1,0,0,0,0
4.1,10,19.2344415744358,244.4607534056381,0,1,0,0,0,0
4.1,10,19.251720208054888,52.653878975892674,0,1,0,0,0,0
4.1,10,19.244030331254784,62.063408012176495,0,1,0,0,0,0
4.1,10,19.52445368703632,122.58372350402496,0,1,0,0,0,0
4.1,10,19.49182042821588,87.34605639498929,0,1,0,0,0,0
4.1,10,19.66484053114137,107.15647088968042,0,1,0,0,0,0
4.1,10,19.575345838398125,81.80447136516437,0,1,0,0,0,0
4.1,10,19.712590311581216,86.38225410200425,0,1,0,0,0,0
4.1,10,19.346886785297304,302.3018674521137,0,1,0,0,0,0
4.1,10,19.453842945073895,546.370636363513,0,1,0,0,0,0
4.1,10,19.00259594186721,232.41995961876432,0,1,0,0,0,0
4.1,10,19.45925876658282,286.22677264435004,0,1,0,0,0,0
4.1,10,19.55028600379353,77.05004157664705,0,1,0,0,0,0
4.1,10,19.44946111347896,218.62910806704105,0,1,0,0,0,0
4.1,10,19.374897719029377,173.98134798136016,0,1,0,0,0,0
4.1,10,19.517131890347144,134.29161323846492,0,1,0,0,0,0
4.1,10,19.47909202085507,43.46660680425987,0,1,0,0,0,0
4.1,10,19.32781799142106,32.371081373428936,0,1,0,0,0,0
4.1,10,19.484518594640296,213.1296943017576,0,1,0,0,0,0
4.1,10,19.37593082708385,217.695915441297,0,1,0,0,0,0
4.1,10,19.5878008151735,216.6606995641929,0,1,0,0,0,0
4.1,10,19.51635752650973,188.7283200662565,0,1,0,0,0,0
4.1,10,19.52613125056295,211.3973574238922,0,1,0,0,0,0
4.1,10,19.494922736939746,141.25025746506358,0,1,0,0,0,0
4.1,10,19.491019628470674,51.24764635763868,0,1,0,0,0,0
4.1,10,19.5754155185872,98.48020469036484,0,1,0,0,0,0
4.1,10,19.23885161694359,227.48866528464083,0,1,0,0,0,0
4.1,10,19.23518451775648,359.3199554456741,0,1,0,0,0,0
4.1,10,19.43036311818786,88.83506379673443,0,1,0,0,0,0
4.1,10,19.477530700315,85.52318047654609,0,1,0,0,0,0
4.1,10,19.48759574336544,22.1184038716978,0,1,0,0,0,0
4.1,10,19.26852781757182,156.82523020824732,0,1,0,0,0,0
4.1,10,19.55759149494109,209.7314551438328,0,1,0,0,0,0
4.1,10,19.7021125809964,246.58223885429328,0,1,0,0,0,0
4.1,10,19.58303781475896,718.3158894313178,0,1,0,0,0,0
4.1,10,19.882963904337142,874.9779021833535,0,1,0,0,0,0
4.1,10,19.219681098873554,212.91805755464927,0,1,0,0,0,0
4.1,10,20.467858769200294,91.39924333169732,0,0,0,1,0,0
4.1,10,19.819507701204596,299.25719496125475,0,1,0,0,0,0
4.1,10,19.77031367314872,201.11827346174968,0,1,0,0,0,0
4.1,10,19.51232565842218,957.7411175236568,0,1,0,0,0,0
4.1,10,19.68948220451584,262.7393162901635,0,1,0,0,0,0
4.1,10,20.304851121739915,485.28155880726416,0,1,0,0,0,0
4.1,10,19.77952337049086,274.0379877475513,0,1,0,0,0,0
4.1,10,19.601777774390023,143.38068989903758,0,1,0,0,0,0
4.1,10,19.64508578868804,138.42178288863644,0,1,0,0,0,0
4.1,10,19.50919711732702,172.81028675317953,0,1,0,0,0,0
4.1,10,19.680016879979263,290.3269745079592,0,1,0,0,0,0
4.1,10,19.878770424825102,106.8202283926314,0,1,0,0,0,0
4.1,10,19.854667238783367,40.22587196871698,0,1,0,0,0,0
4.1,10,18.91305080489664,191.6921386756426,0,1,0,0,0,0
4.1,10,19.69562689479908,110.298168850794,0,1,0,0,0,0
4.1,10,19.31453622790109,184.7610651392932,0,1,0,0,0,0
4.1,10,19.667566137991315,137.15988187039943,0,1,0,0,0,0
4.1,10,19.80072147219045,186.27097684509425,0,1,0,0,0,0
4.1,10,20.237414940549694,332.4428080119421,0,1,0,0,0,0
4.1,10,19.969240205028715,131.6636061750469,0,1,0,0,0,0
4.1,10,19.979917346170502,158.64067994312478,0,1,0,0,0,0
4.1,10,20.446070783962583,41.13517698292804,0,0,0,1,0,0
4.1,10,20.204680183645944,27.239387207181856,0,1,0,0,0,0
4.1,10,20.20431393616715,45.576067567607886,0,1,0,0,0,0
4.1,10,20.19908957623544,39.87222935105243,0,1,0,0,0,0
4.1,10,20.11448497996282,103.41198378229682,0,1,0,0,0,0
4.1,10,20.264947583480144,129.62104274640265,0,1,0,0,0,0
4.1,10,20.134926334619568,135.15079985293303,0,1,0,0,0,0
4.1,10,20.038639568257,59.292377667343935,0,1,0,0,0,0
4.1,10,19.891464713406435,45.51053735390912,0,1,0,0,0,0
4.1,10,19.90253517234466,122.73569008734674,0,1,0,0,0,0
4.1,10,20.122771602754213,545.6584502390508,0,1,0,0,0,0
4.1,10,20.23511671478965,110.7998723156258,0,1,0,0,0,0
4.1,10,19.9818862906018,169.06587049405948,0,1,0,0,0,0
4.1,10,19.95979706628066,169.38606225186305,0,1,0,0,0,0
4.1,10,20.01414150686012,194.5038240019829,0,1,0,0,0,0
4.1,10,20.37166396182555,164.48167048461193,0,1,0,0,0,0
4.1,10,20.04801663670513,51.02466024302288,0,1,0,0,0,0
4.1,10,20.110677845071752,130.6360883646542,0,1,0,0,0,0
4.1,10,19.8936967696666,58.05206428985675,0,1,0,0,0,0
4.1,10,20.04734817591912,308.24564125887184,0,1,0,0,0,0
4.1,10,20.04373714858661,101.4975264230138,0,1,0,0,0,0
4.1,10,20.10978236540449,172.07136509935782,0,1,0,0,0,0
4.1,10,20.096884455982813,181.685717946981,0,1,0,0,0,0
4.1,10,20.13685844930735,162.2455291536184,0,1,0,0,0,0
4.1,10,19.9215881500997,108.3752301610993,0,1,0,0,0,0
4.1,10,19.79890897006124,110.2637172527019,0,1,0,0,0,0
4.1,10,19.835335909879635,206.7106326381937,0,1,0,0,0,0
4.1,10,20.16516822642236,86.7979376149772,0,1,0,0,0,0
4.1,10,21.216074911846,503.8856262904735,0,1,0,0,0,0
4.1,10,21.347167925561703,173.08829512805153,0,1,0,0,0,0
4.1,10,21.324017700157345,96.02388977517344,0,1,0,0,0,0
4.1,10,21.07854551036016,614.173819587889,0,1,0,0,0,0
4.1,10,21.058768281026943,260.62023440777347,0,1,0,0,0,0
4.1,10,20.70927378411668,450.3289130201844,0,0,0,1,0,0
4.1,10,20.569351605138458,147.92426474750943,0,0,0,1,0,0
4.1,10,20.8434698828986,172.89042491637522,0,1,0,0,0,0
4.1,10,20.810474531392728,603.303605923747,0,1,0,0,0,0
4.1,10,20.89803559789694,559.3186672983068,0,1,0,0,0,0
4.1,10,20.69294265935869,288.44226930032187,0,1,0,0,0,0
4.1,10,14.870879878308845,1551.2810007385287,1,1,0,0,0,0
4.1,10,15.673627684678747,6323.53534976653,0,0,0,1,0,0
4.1,10,15.164403469696492,207.3395335873389,1,1,0,0,0,0
4.1,10,15.867504178577052,315.0799049298802,0,1,0,0,0,0
4.1,10,15.820996159300623,174.18991059376975,0,1,0,0,0,0
4.1,10,15.770013620932527,168.79104318281844,0,1,0,0,0,0
4.1,10,16.180927621226164,338.91539867889986,0,1,0,0,0,0
4.1,10,15.70145602088526,997.6156886305278,0,1,0,0,0,0
4.1,10,15.413001852355858,585.0426686455694,0,0,0,1,0,0
4.1,10,15.057841881997431,448.39062579001,1,1,0,0,0,0
4.1,10,15.75835856247298,297.0186360524183,0,1,0,0,0,0
4.1,10,15.717178923516544,351.3298038360153,0,1,0,0,0,0
4.1,10,14.513253385280311,1043.6146125061075,1,1,0,0,0,0
4.1,10,14.94731249495524,266.46329959554686,1,1,0,0,0,0
4.1,10,15.341499918354208,152.87051309941165,1,1,0,0,0,0
4.1,10,15.535522631367725,48.23436522752555,0,1,0,0,0,0
4.1,10,15.26186185433906,145.75905764797676,1,1,0,0,0,0
4.1,10,15.324647531309454,574.0222567871773,1,1,0,0,0,0
4.1,10,15.845029862948987,462.6985561103636,0,1,0,0,0,0
4.1,10,15.3558005455509,143.78908318548562,1,1,0,0,0,0
4.1,10,15.36625661062136,116.618385097975,1,1,0,0,0,0
4.1,10,15.075931469908175,109.66209422114962,1,1,0,0,0,0
4.1,10,15.30785196475806,178.05362514009795,1,1,0,0,0,0
4.1,10,15.584237615381088,94.9799257066089,0,1,0,0,0,0
4.1,10,15.714056209054588,407.2961524764308,0,1,0,0,0,1
4.1,10,15.684825105679238,166.87428003823243,0,1,0,0,0,0
4.1,10,15.629981640611096,164.69563476836967,0,1,0,0,0,0
4.1,10,15.536105237079116,151.8044452301573,0,1,0,0,0,0
4.1,10,15.491272710576547,125.799172938717,0,1,0,0,0,0
4.1,10,15.44781620074515,102.07686936591442,0,1,0,0,0,0
4.1,10,15.405258037978625,78.59678192172733,0,1,0,0,0,0
4.1,10,15.361882426963362,56.604786875761775,1,1,0,0,0,0
4.1,10,15.58125227796707,166.99392241318526,0,1,0,0,0,0
4.1,10,15.521468354962476,457.44205311413856,0,1,0,0,0,0
4.1,10,15.325375818486345,21.56738985700975,1,1,0,0,0,0
4.1,10,15.51758476628546,194.30567018005897,0,1,0,0,0,0
4.1,10,15.338683096421226,103.93256074075109,1,1,0,0,0,0
4.1,10,15.436148685897278,376.1553690785849,0,1,0,0,0,0
4.1,10,15.157868688562754,38.63805908388845,1,1,0,0,0,0
4.1,10,15.42076849926984,156.05617373151222,0,1,0,0,0,0
4.1,10,15.3490826737725,142.9996690651282,1,1,0,0,0,0
4.1,10,15.507983421419077,57.46002522020946,0,1,0,0,0,0
4.1,10,15.165367568696656,295.4167736768362,1,1,0,0,0,0
4.1,10,15.291240406777792,135.2092406081131,1,1,0,0,0,0
4.1,10,15.266863906009098,10.40211538141956,1,1,0,0,0,0
4.1,10,15.261553635616428,4.866864526148122,1,1,0,0,0,0
4.1,10,15.251879661549554,19.2567944936028,1,1,0,0,0,0
4.1,10,15.242775506375388,40.31044993573352,1,1,0,0,0,0
4.1,10,15.238377011074792,10.389974151149223,1,1,0,0,0,0
4.1,10,15.539248155978733,98.62059233657678,0,1,0,0,0,0
4.1,10,15.421999526078135,272.5263142274971,0,1,0,0,0,0
4.1,10,15.238608585485908,95.49417191660226,1,1,0,0,0,0
4.1,10,15.348826927915722,73.4104335421966,1,1,0,0,0,0
4.1,10,15.448444835966194,61.350936850647344,0,1,0,0,0,0
4.1,10,15.36796882492745,53.34747988423379,1,1,0,0,0,0
4.1,10,15.295236291489724,110.45204355891543,1,1,0,0,0,0
4.1,10,15.30437122913977,123.71803542977716,1,1,0,0,0,0
4.1,10,16.348903245603683,211.929286371033,0,1,0,0,0,0
4.1,10,16.56982485586953,55.05326640022229,0,1,0,0,0,0
4.1,10,16.558448030640697,160.08069279923853,0,1,0,0,0,0
4.1,10,16.494005905011118,107.88120366830402,0,1,0,0,0,0
4.1,10,16.486448814382538,141.93507301639997,0,1,0,0,0,0
4.1,10,16.457550271016416,218.9342208932392,0,1,0,0,0,0
4.1,10,16.472348166012928,318.2377257654758,0,1,0,0,0,0
4.1,10,16.60699254416092,65.50108076079371,0,1,0,0,0,0
4.1,10,16.491697313171226,169.93895702839015,0,1,0,0,0,0
4.1,10,16.53992739306302,31.91976116110396,0,1,0,0,0,0
4.1,10,16.316250734536432,146.747036092765,0,1,0,0,0,0
4.1,10,16.448510310782794,90.23944774360154,0,1,0,0,0,0
4.1,10,16.484703502817897,63.17486476395676,0,1,0,0,0,0
4.1,10,16.361935954612257,101.90765947580906,0,1,0,0,0,0
4.1,10,16.14302590072051,150.08706525981862,0,1,0,0,0,0
4.1,10,16.427174277009883,249.5550753227613,0,1,0,0,0,0
4.1,10,16.169058914608673,73.91366809835739,0,1,0,0,0,0
4.1,10,16.58457693645688,95.33840101389411,0,1,0,0,0,0
4.1,10,16.343882629261277,68.57956794773244,0,1,0,0,0,0
4.1,10,16.638976166219443,62.03404465179702,0,1,0,0,0,0
4.1,10,16.579930817581502,49.2548434956986,0,1,0,0,0,0
4.1,10,16.52695103154431,22.81853136014091,0,1,0,0,0,0
4.1,10,16.249670852555578,165.87665564796873,0,1,0,0,0,0
4.1,10,16.243678769545628,22.33084536757421,0,1,0,0,0,0
4.1,10,16.463219077963895,150.30045821377425,0,1,0,0,0,0
4.1,10,16.184401370370935,423.4407711162691,0,1,0,0,0,0
4.1,10,16.239633391852134,9.859346248894395,0,0,0,1,0,0
4.1,10,16.505960488374832,68.88191267253542,0,1,0,0,0,0
4.1,10,16.528445399349362,11.708724725380728,0,1,0,0,0,0
4.1,10,16.371174804737482,29.67434973031985,0,1,0,0,0,0
4.1,10,16.341725252362437,113.9213491750493,0,1,0,0,0,0
4.1,10,16.325362173328163,74.69605329948737,0,1,0,0,0,0
4.1,10,16.044141280418316,84.70025013354173,0,1,0,0,0,0
4.1,10,16.010268521050296,126.85804608194988,0,1,0,0,0,0
4.1,10,15.972844999395871,179.79611784042334,0,1,0,0,0,0
4.1,10,15.92418366789582,189.1263887777078,0,1,0,0,0,0
4.1,10,16.394834918622944,345.29160170564785,0,1,0,0,0,0
4.1,10,16.366052372544633,364.2503418785335,0,1,0,0,0,0
4.1,10,16.497802556863906,115.95617069839597,0,1,0,0,0,0
4.1,10,16.3342278330856,246.79967411889223,0,1,0,0,0,0
4.1,10,16.325075400742886,392.4555722476625,0,1,0,0,0,0
4.1,10,16.327492109681177,314.1727972726157,0,1,0,0,0,0
4.1,10,16.312208581134566,323.38148950406867,0,1,0,0,0,0
4.1,10,16.2656796849999,396.50576048301264,0,1,0,0,0,0
4.1,10,16.25446473684752,403.71766391510096,0,1,0,0,0,0
4.1,10,16.250382542550497,101.56159646997015,0,1,0,0,0,0
4.1,10,16.468934171516405,312.21308619453544,0,1,0,0,0,0
4.1,10,16.207223071155468,476.30222233959415,0,1,0,0,0,0
4.1,10,16.38124397118868,237.2429327688839,0,1,0,0,0,0
4.1,10,16.45989715797004,168.25362510688723,0,1,0,0,0,0
4.1,10,16.41545856296544,133.63115267247608,0,1,0,0,0,0
4.1,10,16.53534374993483,367.5474099397966,0,1,0,0,0,0
4.1,10,16.38770132154131,80.57724163097706,0,1,0,0,0,0
4.1,10,16.068155832752193,20.025454639654978,0,1,0,0,0,0
4.1,10,16.34657540941955,238.3460675613329,0,1,0,0,0,0
4.1,10,16.105085472254768,52.804678422687495,0,1,0,0,0,0
4.1,10,16.158470008541297,53.72604755025077,0,1,0,0,0,0
4.1,10,16.21232460960348,55.17555053962507,0,1,0,0,0,0
4.1,10,16.264403628639474,51.096573757085736,0,1,0,0,0,0
4.1,10,16.316043901165596,53.771021460201446,0,1,0,0,0,0
4.1,10,16.219079336122388,10.445665613296756,0,0,0,1,0,0
4.1,10,17.223081920732497,386.7491547556504,0,1,0,0,0,0
4.1,10,17.34623033090039,301.7835977606509,0,1,0,0,0,0
4.1,10,17.382630845798225,488.9865688872009,0,1,0,0,0,0
4.1,10,17.35854391843454,333.29012402655985,0,1,0,0,0,0
4.1,10,15.872872692631828,180.41861717259505,0,1,0,0,0,0
4.1,10,16.61807202888536,183.9335980304108,0,1,0,0,0,0
4.1,10,16.74221455307461,289.2477097719881,0,1,0,0,0,0
4.1,10,16.44876190032231,57.547915113973154,0,1,0,0,0,0
4.1,10,16.132597606935004,680.616141132548,0,0,0,1,0,1
4.1,10,16.69191745836479,297.99887526911454,0,1,0,0,0,0
4.1,10,16.708350565164675,289.66793650378384,0,1,0,0,0,0
4.1,10,17.25887453772587,68.06059896218883,0,1,0,0,0,0
4.1,10,17.31378891348166,555.9518879153019,0,1,0,0,0,0
4.1,10,16.615639703231654,523.1309353832849,0,1,0,0,0,0
4.1,10,16.790333987157666,392.3361174753392,0,1,0,0,0,0
4.1,10,16.851597356102666,478.4916138863943,0,1,0,0,0,0
4.1,10,17.416292433903354,542.8424193136254,0,1,0,0,0,0
4.1,10,17.371586358823865,474.4672894092341,0,1,0,0,0,0
4.1,10,17.43173673085744,397.5723706551664,0,1,0,0,0,0
4.1,10,17.36320322577865,380.903853154518,0,1,0,0,0,0
4.1,10,17.417486698643067,281.0557684969808,0,1,0,0,0,0
4.1,10,16.397579188771914,582.189103061495,0,1,0,0,0,0
4.1,10,16.577990768184453,482.19580486910814,0,1,0,0,0,0
4.1,10,16.482036567142746,154.62420219474447,0,1,0,0,0,0
4.1,10,17.184615797096864,743.3319287736381,0,1,0,0,0,0
4.1,10,17.39179493400103,487.3751643053101,0,1,0,0,0,0
4.1,10,16.66550631302803,53.66399837083236,0,1,0,0,0,0
4.1,10,16.574183568382093,114.6642656107552,0,1,0,0,0,0
4.1,10,16.415597939073997,821.8158112148539,0,1,0,0,0,0
4.1,10,16.65856163030823,359.07737553963443,0,1,0,0,0,0
4.1,10,16.70307344255992,78.61868759385733,0,1,0,0,0,0
4.1,10,17.108220941504527,67.10995836785781,0,0,0,1,0,1
4.1,10,16.699694892497025,61.41516001032839,0,1,0,0,0,0
4.1,10,16.729139058780564,49.86721095144765,0,1,0,0,0,0
4.1,10,16.118566256365185,689.6010761785077,0,0,0,1,0,1
4.1,10,17.115280500836324,85.9770618776419,0,0,0,1,0,1
4.1,10,16.965106801710558,236.35683555229724,0,0,0,1,0,1
4.1,10,15.912786512697735,356.26545088737,0,1,0,0,0,0
4.1,10,16.073117368731438,84.4156753707633,0,1,0,0,0,0
4.1,10,16.125409058039324,96.07442198720288,0,1,0,0,0,0
4.1,10,16.17796985027805,103.29012530347288,0,1,0,0,0,0
4.1,10,16.231621183163316,99.5413444351358,0,1,0,0,0,0
4.1,10,16.28251476874531,98.08845487247012,0,1,0,0,0,0
4.1,10,16.334768301273105,96.13900458624732,0,1,0,0,0,0
4.1,10,16.64016098598448,383.8949740362336,0,0,0,1,0,0
4.1,10,16.51152464597764,59.787142427840045,0,1,0,0,0,0
4.1,10,17.41902302898968,543.2516528974855,0,0,0,1,0,1
4.1,10,17.41609168137395,543.4183923755063,0,0,0,1,0,1
4.1,10,16.685203007895648,357.47276325067133,0,1,0,0,0,0
4.1,10,16.86980284788449,425.2612203791378,0,1,0,0,0,0
4.1,10,16.77149485274451,167.9387380391797,0,1,0,0,0,0
4.1,10,17.067104661337908,253.4696294309571,0,1,0,0,0,0
4.1,10,16.98800605332361,50.24979079494046,0,1,0,0,0,0
4.1,10,17.29899249134364,248.63148001158788,0,1,0,0,0,0
4.1,10,17.34558795729552,247.8655308862033,0,1,0,0,0,0
4.1,10,17.39016788852556,247.136623703596,0,1,0,0,0,0
4.1,10,16.8205841148967,286.3001836567529,0,1,0,0,0,0
4.1,10,16.761949844456602,102.00847846943032,0,1,0,0,0,0
4.1,10,16.74931347600533,103.71541525585263,0,1,0,0,0,0
4.1,10,16.758884251223595,66.17318224454047,0,1,0,0,0,0
4.1,10,16.868919701041058,48.967517615998354,0,1,0,0,0,0
4.1,10,16.82576664320644,147.5863031340748,0,1,0,0,0,0
4.1,10,17.054135044508744,142.63944724828372,0,1,0,0,0,0
4.1,10,16.88943973303979,72.54196598919837,0,1,0,0,0,0
4.1,10,16.868094160667955,137.2880183872037,0,1,0,0,0,0
4.1,10,17.091587716374942,90.84009547529092,0,1,0,0,0,0
4.1,10,17.17021907710571,58.58920510496765,0,1,0,0,0,0
4.1,10,17.120562554596496,49.47518556315697,0,0,0,1,0,1
4.1,10,16.890732457680613,325.74736812908213,0,1,0,0,0,0
4.1,10,17.049300475687033,16.85187433865937,0,1,0,0,0,0
4.1,10,17.13758280211857,374.1239986970682,0,1,0,0,0,0
4.1,10,17.258919523013844,68.38986699488058,0,1,0,0,1,0
4.1,10,16.978151360543446,268.2828216432546,0,1,0,0,0,0
4.1,10,16.920487450676582,45.14650021025669,0,1,0,0,0,0
4.1,10,17.022480867893893,253.26538336450253,0,1,0,0,0,0
4.1,10,16.99548715461288,47.22579580392896,0,1,0,0,0,0
4.1,10,16.806268011262386,66.80912091258041,0,1,0,0,0,0
4.1,10,16.653489484156065,298.76943158125874,0,1,0,0,0,0
4.1,10,16.983769431190264,239.7548088158823,0,0,0,1,0,1
4.1,10,16.918059567844306,348.0486746073271,0,1,0,0,0,0
4.1,10,16.877294630268754,68.05637434431758,0,1,0,0,0,0
4.1,10,16.884210124054352,190.65664078200945,0,1,0,0,0,0
4.1,10,16.91485525406105,182.4416113542419,0,1,0,0,0,0
4.1,10,17.053729973216118,100.6726743955389,0,1,0,0,0,0
4.1,10,17.27617600586723,172.66747134732034,0,1,0,0,0,0
4.1,10,16.72716314110527,121.75201805521124,0,1,0,0,0,0
4.1,10,16.751375706899395,437.79949131037904,0,1,0,0,0,0
4.1,10,16.69558444149182,175.1871250667246,0,1,0,0,0,0
4.1,10,16.53793911479094,153.67726535448995,0,1,0,0,0,0
4.1,10,17.03450877490412,406.95522005389614,0,1,0,0,0,0
4.1,10,16.839574539848424,647.0151424227901,0,0,0,1,0,1
4.1,10,16.985619188233752,105.53030227134514,0,1,0,0,0,0
4.1,10,16.995383725935962,88.37707826612642,0,1,0,0,0,0
4.1,10,17.040603963318713,142.48892586436543,0,1,0,0,0,0
4.1,10,17.1259125644695,53.552563420753,0,0,0,1,0,1
4.1,10,17.11588440711435,230.48893074763456,0,1,0,0,0,0
4.1,10,17.128529672611517,176.66628962126845,0,1,0,0,0,0
4.1,10,17.061556028187955,280.1826914556504,0,1,0,0,0,0
4.1,10,17.206698491364552,227.93522660798703,0,1,0,0,0,0
4.1,10,17.03352910606308,337.78158944577865,0,1,0,0,0,0
4.1,10,17.125560873928542,198.0558581272249,0,1,0,0,0,0
4.1,10,17.177291540354876,92.9685533310696,0,1,0,0,0,0
4.1,10,16.971557787166088,132.09678376729846,0,1,0,0,0,0
4.1,10,17.006486131961292,239.87363905342303,0,1,0,0,0,0
4.1,10,16.962799168369035,132.24469282695796,0,1,0,0,0,0
4.1,10,16.89679579904889,82.6099235469845,0,1,0,0,0,0
4.1,10,17.068636022507444,116.55097864567163,0,1,0,0,0,0
4.1,10,16.95518496717261,129.88593860476365,0,1,0,0,0,0
4.1,10,17.03572998005759,206.3021102449385,0,1,0,0,0,0
4.1,10,17.012269702015423,67.14029293376628,0,1,0,0,0,0
4.1,10,16.97914948939951,102.44650753891383,0,1,0,0,0,0
4.1,10,16.69278037937723,125.84503582325672,0,1,0,0,0,0
4.1,10,16.60108718647252,165.48074019894648,0,1,0,0,0,0
4.1,10,17.165805875126637,93.12864883370308,0,1,0,0,0,0
4.1,10,16.673766896250232,142.47072825286,0,1,0,0,0,0
4.1,10,16.665295292301508,148.8245203558755,0,1,0,0,0,0
4.1,10,16.82171890596493,646.3106488757546,0,0,0,1,0,1
4.1,10,16.85914043393144,16.425038692552807,0,1,0,0,0,0
4.1,10,17.083837090868737,95.46136159965096,0,1,0,0,0,0
4.1,10,17.14656887996802,49.51408319660776,0,1,0,0,0,0
4.1,10,17.001916870826594,283.15376414831087,0,1,0,0,0,0
4.1,10,16.787317847264905,125.22091555911402,0,1,0,0,0,0
4.1,10,16.847611035526896,17.096434403531404,0,1,0,0,0,0
4.1,10,16.04917364636776,112.2659280971001,0,1,0,0,0,0
4.1,10,16.120071941539326,271.5266698576598,0,1,0,0,0,0
4.1,10,16.176682466579848,325.8557145796589,0,1,0,0,0,0
4.1,10,16.229470490840587,437.1304051534068,0,1,0,0,0,0
4.1,10,16.281103403457983,435.5210603149883,0,1,0,0,0,0
4.1,10,16.332202819863245,435.8743878639514,0,1,0,0,0,0
4.1,10,15.955754248531868,131.34217124867797,0,1,0,0,0,0
4.1,10,15.838198733539826,165.97591985358972,0,1,0,0,0,0
4.1,10,15.889074752126408,90.5586593081346,0,1,0,0,0,0
4.1,10,15.943908040399991,88.90754320872765,0,1,0,0,0,0
4.1,10,15.996851797404116,100.85997636962772,0,1,0,0,0,0
4.1,10,16.053690789210183,94.04267602050732,0,1,0,0,0,0
4.1,10,16.11082723172431,92.63296432265504,0,1,0,0,0,0
4.1,10,15.772474598394249,125.03965996132676,0,1,0,0,0,0
4.1,10,15.814739783342068,295.6495779284899,0,1,0,0,0,0
4.1,10,16.03073511073174,56.40569967148329,0,1,0,0,0,0
4.1,10,15.77641983982122,98.332438352889,0,1,0,0,0,0
4.1,10,16.16133270767219,105.01134720175348,0,1,0,0,0,0
4.1,10,15.817043305988266,230.4806001210848,0,1,0,0,0,0
4.1,10,15.88748661506701,60.93638653445986,0,1,0,0,0,0
4.1,10,15.855539107845384,135.75197256882086,0,1,0,0,0,0
4.1,10,15.848856065926826,143.05432985130176,0,1,0,0,0,0
4.1,10,15.866776697837532,82.57482320875746,0,1,0,0,0,0
4.1,10,15.91091945520943,48.36925148724523,0,1,0,0,0,0
4.1,10,15.879672453020326,164.7300202733869,0,1,0,0,0,0
4.1,10,16.004248398692976,323.7818974642692,0,1,0,0,0,0
4.1,10,16.019550409532126,62.30229373798456,0,1,0,0,0,0
4.1,10,16.0910404456866,47.03336235179359,0,1,0,0,0,0
4.1,10,16.334693670447304,160.40937956084534,0,1,0,0,0,0
4.1,10,16.145059071895158,51.704434440252975,0,1,0,0,0,0
4.1,10,16.19741933806878,53.99663088072204,0,1,0,0,0,0
4.1,10,16.244223251772365,40.53349282836283,0,1,0,0,0,0
4.1,10,16.179967430032136,150.93849806539748,0,1,0,0,0,0
4.1,10,16.259623098246337,54.62495135776423,0,1,0,0,0,0
4.1,10,16.269948741321222,11.382587706409172,0,1,0,0,0,0
4.1,10,16.301378696165326,51.97155604483359,0,1,0,0,0,0
4.1,10,16.373663812315595,93.62006806520868,0,1,0,0,0,0
4.1,10,16.04140507942209,53.224880051362405,0,1,0,0,0,0
4.1,10,16.10963867270893,58.087395579204426,0,1,0,0,0,0
4.1,10,16.11690755685843,5.178142638748127,0,1,0,0,0,0
4.1,10,15.985707657321418,107.24050846712194,0,1,0,0,0,0
4.1,10,15.939860089221776,49.677502900901416,0,1,0,0,0,0
4.1,10,15.96989519291142,100.14248576876382,0,1,0,0,0,0
4.1,10,15.978952029933218,29.074644220281005,0,1,0,0,0,0
4.1,10,15.725314170716802,416.2458352254769,0,1,0,0,0,1
4.1,10,15.777543212292253,131.0896041651655,0,1,0,0,0,0
4.1,10,15.771183119391914,130.68582651649203,0,1,0,0,0,0
4.1,10,16.061743017341712,58.94536063916712,0,1,0,0,0,0
4.1,10,16.01123396691013,59.60824589398626,0,1,0,0,0,0
4.1,10,16.199204915842714,281.61109898688323,0,1,0,0,0,0
4.1,10,16.082242354854134,602.9557959866142,0,1,0,0,0,0
4.1,10,16.125787750869613,258.21799833248,0,1,0,0,0,0
4.1,10,15.712158060119936,60.51928415590423,0,1,0,0,0,0
4.1,10,16.29026890842928,247.7330965141468,0,1,0,0,0,0
4.1,10,15.926249229823178,136.04256683669345,0,1,0,0,0,0
4.1,10,16.296929155152213,82.6523683544678,0,1,0,0,0,0
4.1,10,15.84672287541372,158.37435305811198,0,1,0,0,0,0
4.1,10,15.946097356693873,245.121806126932,0,1,0,0,0,0
4.1,10,15.755154939320258,191.3953272796469,0,1,0,0,0,0
4.1,10,15.82691490552199,200.585222135854,0,1,0,0,0,0
4.1,10,15.662146780147369,107.93167809924756,0,1,0,0,0,0
4.1,10,17.18998927801961,186.1656889312268,0,1,0,0,0,0
4.1,10,16.565308940925682,309.04261617519586,0,1,0,0,0,0
4.1,10,16.55781045841888,309.03727025670383,0,1,0,0,0,0
4.1,10,16.480710231185437,205.28460810189583,0,1,0,0,0,0
4.1,10,16.168512958869677,666.1143299174937,0,1,0,0,0,0
4.1,10,16.173068594405052,1148.045406550121,0,0,0,1,0,0
4.1,10,16.90121753187854,392.7309410525936,0,1,0,0,0,0
4.1,10,17.31413335865805,925.7307077426668,0,1,0,0,0,0
4.1,10,16.44588353997961,213.01840796395075,0,1,0,0,0,0
4.1,10,16.802788869872995,224.2329700864817,0,1,0,0,0,0
4.1,10,17.31776921985337,714.0871947471072,0,1,0,0,0,0
4.1,10,17.064995010330374,320.8380498169634,0,1,0,0,0,0
4.1,10,16.966645547447307,162.8338030719243,0,1,0,0,0,0
4.1,10,16.488695602006278,275.5818422338842,0,1,0,0,0,0
4.1,10,16.905457706241755,158.08764843946688,0,1,0,0,0,0
4.1,10,16.27854432819847,143.145981715008,0,1,0,0,0,0
4.1,10,16.404681393662155,132.16615926092692,0,1,0,0,0,0
4.1,10,15.968578526160965,301.6410222913179,0,1,0,0,0,0
4.1,10,16.19454857855764,223.7028791361436,0,1,0,0,0,0
4.1,10,16.39729057612319,168.55270251788414,0,1,0,0,0,0
4.1,10,16.376559138295804,111.08851942197217,0,1,0,0,0,0
4.1,10,15.890447029123315,194.124153019082,0,1,0,0,0,0
4.1,10,16.385425166338628,621.71672649638,0,1,0,0,0,0
4.1,10,16.78054664919548,212.66978132061783,0,1,0,0,0,0
4.1,10,16.777068045076383,1817.6508429579208,0,0,1,0,0,0
4.1,10,16.47006896971758,611.8598564137336,0,1,0,0,0,0
4.1,10,17.05564617016719,106.89937375770512,0,1,0,0,0,0
4.1,10,16.817850054135523,174.2920873945938,0,1,0,0,0,0
4.1,10,16.743844505102945,108.7745855943763,0,1,0,0,0,0
4.1,10,16.968893721248183,164.32016643653935,0,1,0,0,0,0
4.1,10,15.839950528228346,75.58998478395304,0,1,0,0,0,0
4.1,10,16.814473520552028,107.41276377379911,0,1,0,0,0,0
4.1,10,17.120860419437694,274.9144518725509,0,1,0,0,0,1
4.1,10,16.784196287912522,529.1275393554573,0,0,1,0,0,1
4.1,10,16.958871091389568,342.5408694010042,0,1,0,0,0,0
4.1,10,16.934278428539095,325.86968158380296,0,1,0,0,0,0
4.1,10,16.88856345219782,281.4129280605958,0,1,0,0,0,0
4.1,10,16.93988465881439,197.0998987905971,0,1,0,0,0,0
4.1,10,16.99682843204092,109.96087369856204,0,1,0,0,0,0
4.1,10,17.04820710545153,111.82200397258042,0,1,0,0,0,0
4.1,10,17.034927790573356,167.08059692636547,0,1,0,0,0,0
4.1,10,16.902633211013466,137.2840716438854,0,1,0,0,0,0
4.1,10,16.996103177223624,185.82143848122053,0,1,0,0,0,0
4.1,10,16.71652777180574,449.659431729813,0,1,0,0,0,0
4.1,10,16.436568828277274,207.18844603480537,0,1,0,0,0,0
4.1,10,16.550473868804477,149.5819345464325,0,1,0,0,0,0
4.1,10,16.616187533004766,142.9497232316808,0,1,0,0,0,0
4.1,10,16.670293691451125,137.22066236118386,0,1,0,0,0,0
4.1,10,16.673710916131142,301.72083782815605,0,1,0,0,0,0
4.1,10,16.50095550678208,282.1303038827256,0,1,0,0,0,0
4.1,10,16.565083950507187,179.64139092792274,0,1,0,0,0,0
4.1,10,16.97523694711291,330.68472609443387,0,1,0,0,0,0
4.1,10,17.01295922517516,54.802228401595954,0,1,0,0,0,0
4.1,10,16.96442392179323,80.97804881921182,0,1,0,0,0,0
4.1,10,16.622487523760427,149.00924248235287,0,1,0,0,0,0
4.1,10,16.7712689739068,523.5179624720018,0,0,1,0,0,1
4.1,10,16.828566095007186,266.4159882802124,0,1,0,0,0,0
4.1,10,16.695786746062197,118.55938776410886,0,1,0,0,0,0
4.1,10,16.828188877164646,102.49271793862742,0,1,0,0,0,0
4.1,10,16.833410874990626,102.6313899373674,0,1,0,0,0,0
4.1,10,16.838916167897818,102.77762751378457,0,1,0,0,0,0
4.1,10,16.756871397674974,12.15642617461211,0,1,0,0,0,0
4.1,10,16.60492557144447,67.81008893039231,0,1,0,0,0,0
4.1,10,16.699711830914996,119.46277033426176,0,1,0,0,0,0
4.1,10,16.691211321347506,119.43775943390054,0,1,0,0,0,0
4.1,10,16.85401053126629,116.09807891110005,0,1,0,0,0,0
4.1,10,16.7292549107072,78.96923436332382,0,0,1,0,0,1
4.1,10,16.721574101139513,88.44148134280509,0,0,1,0,0,1
4.1,10,16.92352680359919,61.58987576453698,0,1,0,0,0,0
4.1,10,16.70577230242684,34.88195684675375,0,1,0,0,0,0
4.1,10,17.096401109569154,153.5471953992356,0,1,0,0,0,1
4.1,10,17.105049104001324,429.4785627863166,0,1,0,0,0,1
4.1,10,17.08733811825335,81.00903959715195,0,1,0,0,0,0
4.1,10,16.8256022319884,298.6594602187789,0,1,0,0,0,0
4.1,10,16.55465304070655,256.4437208865485,0,1,0,0,0,0
4.1,10,16.715998709449515,53.57540186367336,0,1,0,0,0,0
4.1,10,16.434358268356924,12.545835786546716,0,1,0,0,0,0
4.1,10,16.914379317880325,129.87589485358723,0,1,0,0,0,0
4.1,10,16.955925077322533,81.94751743566235,0,1,0,0,0,0
4.1,10,16.769301191317382,133.05287877601376,0,1,0,0,0,0
4.1,10,16.569791513466683,216.8691243446417,0,1,0,0,0,0
4.1,10,16.93978407419303,71.5820942487265,0,1,0,0,0,0
4.1,10,16.760987623197284,36.12950673959392,0,1,0,0,0,0
4.1,10,16.90545230127442,128.13799226984702,0,1,0,0,0,0
4.1,10,16.953492228664796,84.201082914343,0,1,0,0,0,0
4.1,10,16.971774154305216,89.04201621066241,0,1,0,0,0,0
4.1,10,14.708780044423234,294.1934567503435,1,1,0,0,0,0
4.1,10,15.092138302658704,694.6964989681711,1,1,0,0,0,0
4.1,10,14.93314196612272,230.3541069155013,1,1,0,0,0,0
4.1,10,15.587332094741637,102.30168665306276,0,1,0,0,0,0
4.1,10,14.653192892894667,1017.9854883298392,1,1,0,0,0,0
4.1,10,14.850138781900172,181.5559374902841,1,1,0,0,0,0
4.1,10,14.93358909460417,242.6403501865452,1,1,0,0,0,0
4.1,10,15.56163028408343,142.5925264018678,0,1,0,0,0,0
4.1,10,15.610622196913646,58.36349363387849,0,1,0,0,0,0
4.1,10,15.563445458542448,283.0203635891769,0,1,0,0,0,0
4.1,10,15.217737239286386,419.4911416956109,1,1,0,0,0,0
4.1,10,15.117396555388565,614.2935498188604,1,1,0,0,0,0
4.1,10,15.07423085990873,72.31286774709106,1,1,0,0,0,0
4.1,10,14.941139468192782,213.12298610037828,1,1,0,0,0,0
4.1,10,15.379861272784106,210.0187658190502,1,1,0,0,0,0
4.1,10,15.435190887665108,64.19275963302701,0,1,0,0,0,0
4.1,10,15.128782344105687,83.87739660582677,1,1,0,0,0,0
4.1,10,15.513524322841864,152.2918927187252,0,1,0,0,0,0
4.1,10,15.019192164535218,33.49287529119075,1,1,0,0,0,0
4.1,10,14.96028448545869,141.09310649467085,1,1,0,0,0,0
4.1,10,14.951289379004375,78.04780663940204,1,1,0,0,0,0
4.1,10,14.922564244210248,63.87397994045271,1,1,0,0,0,0
4.1,10,15.490918070440292,107.15288816484446,0,1,0,0,0,0
4.1,10,15.469127143201336,39.847945868662,0,1,0,0,0,0
4.1,10,15.738917979570555,176.42467690443075,0,1,0,0,0,0
4.1,10,16.03856106230698,481.4752330524368,0,1,0,0,0,0
4.1,10,16.05353415331085,185.7775000941765,0,1,0,0,0,0
4.1,10,15.93573207097168,50.9757371295788,0,1,0,0,0,0
4.1,10,15.91850490110884,173.77786849630203,0,1,0,0,0,0
4.1,10,16.273694672459232,72.98439750209786,0,1,0,0,0,0
4.1,10,16.177295547583263,121.10738065843267,0,1,0,0,0,0
4.1,10,15.80404142122509,204.24429862684343,0,1,0,0,0,0
4.1,10,16.210130141381644,69.00757033915414,0,1,0,0,0,0
4.1,10,16.022529588314978,55.78533442707851,0,1,0,0,0,0
4.1,10,15.75684784104418,106.5714477853353,0,1,0,0,0,0
4.1,10,16.11427083295503,115.16079400966468,0,1,0,0,0,0
4.1,10,16.00008691781707,51.01100433497244,0,1,0,0,0,0
4.1,10,15.984356509540053,46.09756085673724,0,1,0,0,0,0
4.1,10,17.39275016356863,1474.7363894818122,0,1,0,0,0,0
4.1,10,16.261347446151,1215.6618341911148,0,1,0,0,0,0
4.1,10,15.991299883474223,626.1120437587484,0,1,0,0,0,0
4.1,10,16.391829790667604,223.58261896272955,0,1,0,0,0,0
4.1,10,16.297441799497406,160.38035425561233,0,1,0,0,0,0
4.1,10,17.097373390448034,417.534923952277,0,1,0,0,0,0
4.1,10,17.072227934335693,449.848065897236,0,1,0,0,0,0
4.1,10,16.470772773567784,449.8706148244356,0,1,0,0,0,0
4.1,10,16.096162675759203,139.7051874391766,0,1,0,0,0,0
4.1,10,15.988523896354083,92.31663071099445,0,1,0,0,0,0
4.1,10,16.583482975044205,191.87139755674843,0,1,0,0,0,0
4.1,10,16.818239361712173,330.8247985194811,0,1,0,0,0,0
4.1,10,16.374047761231942,68.64468911790178,0,1,0,0,0,0
4.1,10,16.68665063679883,11.159939262115236,0,1,0,0,0,0
4.1,10,16.407116401367933,27.550699658095485,0,1,0,0,0,0
4.1,10,16.448400910001464,79.80847881303457,0,1,0,0,0,0
4.1,10,16.488912533804843,51.40479866668604,0,1,0,0,0,0
4.1,10,16.623222938946274,156.98493751895327,0,1,0,0,0,0
4.1,10,16.994501326303503,45.09481145757334,0,1,0,0,0,0
4.1,10,16.718899563938333,114.5201459617018,0,1,0,0,0,0
4.1,10,17.73154426117769,237.69646317656893,0,1,0,0,0,0
4.1,10,17.75458585065226,205.4645489509765,0,1,0,0,0,0
4.1,10,17.88338553688648,67.00967213242843,0,1,0,0,0,0
4.1,10,17.60243928025233,137.3064331472332,0,1,0,0,0,0
4.1,10,17.436334759365614,246.4071770872771,0,1,0,0,0,0
4.1,10,17.51433434929708,140.02540141537708,0,1,0,0,0,0
4.1,10,17.475045435842425,164.99356869188884,0,1,0,0,0,0
4.1,10,17.719192640687893,51.152418679653934,0,1,0,0,0,0
4.1,10,17.41022086161849,58.32213802067682,0,1,0,0,0,0
4.1,10,17.395325041739742,52.03340288350751,0,1,0,0,0,0
4.1,10,17.683940203328827,80.72642453020312,0,1,0,0,0,0
4.1,10,17.625203668946448,70.60619378016499,0,1,0,0,0,0
4.1,10,17.892077723229445,63.18423385120579,0,1,0,0,0,0
4.1,10,17.883850350461863,62.72479161258372,0,1,0,0,0,0
4.1,10,17.751527705385346,48.81194818428415,0,1,0,0,0,0
4.1,10,17.689926486927124,53.92028453759548,0,1,0,0,0,0
4.1,10,17.636565506106617,55.109515223173794,0,1,0,0,0,0
4.1,10,17.898379318277012,62.4868829295388,0,1,0,0,0,0
4.1,10,17.874981267609098,13.240335613385932,0,1,0,0,0,0
4.1,10,17.761548725324285,13.087822616648644,0,1,0,0,0,0
4.1,10,17.8037284076707,51.66892677864487,0,1,0,0,0,0
4.1,10,17.85508141679337,91.58254736072382,0,1,0,0,0,0
4.1,10,17.900630233921042,9.399080867028282,0,1,0,0,0,0
4.1,10,17.50592983057359,272.0169600319415,0,1,0,0,0,0
4.1,10,17.40652743543952,206.48058875830995,0,1,0,0,0,0
4.1,10,17.294250403100087,344.3554770457837,0,1,0,0,0,0
4.1,10,17.37989031936918,208.1187400203355,0,1,0,0,0,0
4.1,10,17.430530132418628,271.89688646074046,0,1,0,0,0,0
4.1,10,17.388460424181602,207.08417998805385,0,1,0,0,0,0
4.1,10,17.414617907409387,106.53361044326772,0,1,0,0,0,0
4.1,10,17.534116591165418,228.1002147066157,0,1,0,0,0,0
4.1,10,17.340918026397304,173.37012021340817,0,1,0,0,0,0
4.1,10,17.43589665484504,201.47495458182777,0,1,0,0,0,0
4.1,10,17.47955322925012,132.58914909018057,0,1,0,0,0,0
4.1,10,17.425150013830965,120.9707855713036,0,1,0,0,0,0
4.1,10,17.890240435493766,182.27745010325967,0,1,0,0,0,0
4.1,10,17.821278636671977,198.63056773878475,0,1,0,0,0,0
4.1,10,17.814638876264407,199.2233148670939,0,1,0,0,0,0
4.1,10,17.809072857810964,200.88906491539635,0,1,0,0,0,0
4.1,10,17.802649849343894,200.9230542799732,0,1,0,0,0,0
4.1,10,17.728659559812364,342.5449768741253,0,1,0,0,0,0
4.1,10,17.622061608858804,213.4096086278959,0,1,0,0,0,0
4.1,10,17.66520475654156,209.2361766432288,0,1,0,0,0,0
4.1,10,17.71914741713917,263.3161893017041,0,1,0,0,0,0
4.1,10,17.659112321385923,184.88912082637376,0,1,0,0,0,0
4.1,10,17.69701071786952,131.31174000032772,0,1,0,0,0,0
4.1,10,17.736876308363023,97.15474770945626,0,1,0,0,0,0
4.1,10,17.72339504342189,42.37501100727946,0,1,0,0,0,0
4.1,10,17.501843062198223,72.76617795418048,0,1,0,0,0,0
4.1,10,17.384500358673115,228.93868612648365,0,1,0,0,0,0
4.1,10,17.571172162060407,53.54050112726448,0,1,0,0,0,0
4.1,10,17.759960111327178,100.3174083228885,0,1,0,0,0,0
4.1,10,17.465636260477897,107.14240103573287,0,1,0,0,0,0
4.1,10,17.583482073018573,81.57948940056859,0,1,0,0,0,0
4.1,10,17.800242428818095,47.12180881715854,0,1,0,0,0,0
4.1,10,17.92231499396858,57.24159487724784,0,1,0,0,0,0
4.1,10,17.762997732360237,40.54293909207514,0,1,0,0,0,0
4.1,10,17.686086386448817,42.98575230795183,0,1,0,0,0,0
4.1,10,17.65011339868712,44.916215847802505,0,1,0,0,0,0
4.1,10,17.49554254936948,24.69833902146019,0,1,0,0,0,0
4.1,10,17.420376295074867,71.50012802800863,0,1,0,0,0,0
4.1,10,17.529544717991545,43.64047543212418,0,1,0,0,0,0
4.1,10,17.307056192491547,54.86512261833524,0,1,0,0,0,0
4.1,10,17.44479911530082,115.69433454772886,0,1,0,0,0,0
4.1,10,17.363798599659845,99.5066837718433,0,1,0,0,0,0
4.1,10,17.546287195347166,73.97030516765714,0,0,1,0,0,1
4.1,10,17.55799197326761,103.029052849642,0,0,1,0,0,1
4.1,10,17.580959249686757,10.5425936525728,0,1,0,0,0,0
4.1,10,17.58699277419901,167.5549020675436,0,0,1,0,0,1
4.1,10,17.57658278913407,167.3752434843714,0,0,1,0,0,1
4.1,10,17.61547262206143,228.23500584067864,0,0,1,0,0,1
4.1,10,17.605812711871238,228.234174870188,0,0,1,0,0,1
4.1,10,17.627938724125865,53.37579696627734,0,0,1,0,0,1
4.1,10,17.62308415365776,46.768789990006766,0,1,0,0,0,0
4.1,10,17.966902717626336,549.0202845351527,0,0,0,1,0,1
4.1,10,18.78189123087499,806.7590137393063,0,1,0,0,0,0
4.1,10,18.77291534370196,813.3235913141173,0,1,0,0,0,0
4.1,10,18.89945142237554,549.9084411291689,0,1,0,0,0,0
4.1,10,18.894972108295573,550.1658788569189,0,1,0,0,0,0
4.1,10,18.76771804005963,226.54922816712653,0,1,0,0,0,1
4.1,10,17.915232219830973,352.6184421479955,0,1,0,0,0,0
4.1,10,17.854957049771368,363.4132506766686,0,1,0,0,0,0
4.1,10,18.124835618160706,341.89183251150894,0,1,0,0,0,0
4.1,10,18.072462872718525,315.3660766532886,0,1,0,0,0,0
4.1,10,18.01766517214128,252.50737387143928,0,1,0,0,0,0
4.1,10,17.97195514157003,252.5205538891507,0,1,0,0,0,0
4.1,10,17.926337564313535,252.15428489336333,0,1,0,0,0,0
4.1,10,17.807796524175224,361.56318422262063,0,1,0,0,0,0
4.1,10,17.764930068692177,299.0608698719447,0,1,0,0,0,0
4.1,10,17.974744977292072,421.2385377123496,0,1,0,0,0,0
4.1,10,18.06654176889219,336.2951611751132,0,1,0,0,0,0
4.1,10,17.905031081613256,323.1584820957938,0,1,0,0,0,0
4.1,10,17.706681182277094,321.4700481214695,0,1,0,0,0,0
4.1,10,17.767267535973424,433.19343853228577,0,1,0,0,0,0
4.1,10,17.882690387319006,604.1046560526394,0,1,0,0,0,0
4.1,10,18.01745208009043,225.06753138365195,0,1,0,0,0,0
4.1,10,18.04203044643649,299.01167880308685,0,1,0,0,0,0
4.1,10,18.048347185461804,206.90059193695885,0,1,0,0,0,0
4.1,10,17.9646897358219,220.7314459573919,0,1,0,0,0,0
4.1,10,18.07767208010889,203.91991336134217,0,1,0,0,0,0
4.1,10,17.990820450820014,311.7358409762222,0,1,0,0,0,0
4.1,10,17.971567869172812,260.1763864220309,0,1,0,0,0,0
4.1,10,17.369255507336405,78.10589928493849,0,1,0,0,0,0
4.1,10,17.943438640281173,88.88764997097209,0,1,0,0,0,0
4.1,10,18.03969017723106,116.08239040839686,0,1,0,0,0,0
4.1,10,17.965640819107072,549.9148677990386,0,0,0,1,0,1
4.1,10,17.66335684824527,359.8127789131646,0,0,1,0,0,1
4.1,10,17.657786018948325,306.32135818896097,0,0,1,0,0,1
4.1,10,17.560866888348755,247.86900838952408,0,0,1,0,0,1
4.1,10,17.983986172766485,124.2804587813928,0,1,0,0,0,0
4.1,10,17.538482605692263,45.70992539195886,0,0,1,0,0,1
4.1,10,18.620467379414105,319.312169528549,0,1,0,0,0,0
4.1,10,18.45431208487278,365.1217353063156,0,1,0,0,0,0
4.1,10,18.28923881489194,272.16433035628813,0,1,0,0,0,0
4.1,10,18.34296895797274,272.0163912318812,0,1,0,0,0,0
4.1,10,18.26769417283388,45.33278166214385,0,1,0,0,0,0
4.1,10,18.15105724638968,289.3209174663069,0,1,0,0,0,0
4.1,10,18.18301181669724,187.0848529916184,0,1,0,0,0,0
4.1,10,18.17957245982665,41.500560341953694,0,1,0,0,0,0
4.1,10,18.705428043362108,59.584959202776254,0,1,0,0,0,1
4.1,10,18.39890976183527,364.8357767485388,0,1,0,0,0,0
4.1,10,18.504409250900977,365.3568899242287,0,1,0,0,0,0
4.1,10,18.24299301600299,187.79437248467008,0,0,0,1,0,0
4.1,10,18.668144699982776,161.31983577583907,0,1,0,0,0,0
4.1,10,18.19870500495245,34.55892669650736,0,1,0,0,0,0
4.1,10,18.31625045384391,126.07294270334646,0,1,0,0,0,0
4.1,10,18.27583992421282,55.212764815023256,0,1,0,0,0,0
4.1,10,18.28638949643968,25.19504571135133,0,1,0,0,0,0
4.1,10,18.206758055280904,88.389153965678,0,1,0,0,0,0
4.1,10,18.36770622221247,153.0712077432324,0,1,0,0,0,0
4.1,10,18.150785719736074,47.61300327802152,0,1,0,0,0,0
4.1,10,18.188305317563024,151.61969119205838,0,1,0,0,0,0
4.1,10,18.654157068808072,96.88653028392936,0,1,0,0,0,1
4.1,10,18.709664191390345,51.75489039893527,0,1,0,0,0,0
4.1,10,18.24093373211264,8.681168121255435,0,1,0,0,0,0
4.1,10,18.29597609742236,11.3316724517964,0,1,0,0,0,0
4.1,10,18.70439230149519,89.08886808192342,0,1,0,0,0,0
4.1,10,18.348752450487403,41.35258259917442,0,1,0,0,0,0
4.1,10,18.32907457313163,54.98193355892615,0,1,0,0,0,0
4.1,10,18.227075451433493,55.30709969151383,0,1,0,0,0,0
4.1,10,19.787680239698524,2368.842618159115,0,1,0,0,0,0
4.1,10,17.99719950113634,297.06765470619564,0,1,0,0,0,0
4.1,10,18.09648026765066,155.39892239935273,0,1,0,0,0,0
4.1,10,18.13692042284576,201.5422267321435,0,1,0,0,0,0
4.1,10,18.12666702797469,182.9040276965168,0,1,0,0,0,0
4.1,10,18.67395197462169,488.4149765884368,0,1,0,0,0,0
4.1,10,18.51580653880074,361.791911259742,0,1,0,0,0,0
4.1,10,18.57030672356744,411.6486193399218,0,1,0,0,0,0
4.1,10,18.13707067543941,78.13341453764693,0,1,0,0,0,0
4.1,10,18.13107433553859,341.5453122934724,0,1,0,0,0,0
4.1,10,18.172085588907397,85.2906816846407,0,1,0,0,0,0
4.1,10,18.05960870627946,240.61287323444287,0,1,0,0,0,0
4.1,10,18.19698278165264,48.510074201118826,0,1,0,0,0,0
4.1,10,17.504129804842023,299.30083005778624,0,1,0,0,0,1
4.1,10,17.390942279324225,503.5537506144755,0,1,0,0,0,0
4.1,10,17.44761993711382,464.6668539773904,0,1,0,0,0,0
4.1,10,17.354020884045696,194.9083635294973,0,1,0,0,0,0
4.1,10,17.34420933676502,109.2700536219034,0,1,0,0,0,0
4.1,10,17.330566494052153,107.53381080099334,0,1,0,0,0,0
4.1,10,17.322761214626354,154.7188698310543,0,1,0,0,0,0
4.1,10,17.23077237763,492.1850448985846,0,1,0,0,0,0
4.1,10,17.174851152057375,495.87110474978886,0,1,0,0,0,0
4.1,10,17.832431223340773,125.29702313954714,0,1,0,0,0,0
4.1,10,17.882836811367497,48.609603796406255,0,1,0,0,0,0
4.1,10,17.419219056087563,55.267246160150805,0,1,0,0,0,0
4.1,10,17.4829010917552,72.6913691611667,0,1,0,0,0,0
4.1,10,17.699378647539685,258.5542351316012,0,1,0,0,0,1
4.1,10,17.68026105312606,77.8579852354303,0,1,0,0,0,0
4.1,10,17.285467407984992,481.5446498245617,0,1,0,0,0,0
4.1,10,17.47339158206103,10.627487685352031,0,1,0,0,0,0
4.1,10,17.65595873024848,23.40028011552937,0,1,0,0,0,0
4.1,10,17.670811785326322,60.716078753633774,0,1,0,0,0,0
4.1,10,17.425492711658368,119.6752690973332,0,1,0,0,0,0
4.1,10,17.306243635202044,115.8009060215782,0,1,0,0,0,0
4.1,10,17.5080338275888,535.1261254605566,0,1,0,0,0,1
4.1,10,17.711259928774354,118.84772670522288,0,1,0,0,0,0
4.1,10,17.74959953579767,132.6913211068016,0,1,0,0,0,0
4.1,10,17.588785619176498,119.537247817139,0,1,0,0,0,0
4.1,10,17.5660950795311,57.18076782697875,0,1,0,0,0,0
4.1,10,17.589261423704443,50.22801872304159,0,1,0,0,0,0
4.1,10,17.648181813985666,56.02567357996331,0,1,0,0,0,0
4.1,10,17.53547819851672,211.935250835756,0,1,0,0,0,1
4.1,10,17.5765396110944,111.21166590370169,0,1,0,0,0,0
4.1,10,17.533005425916137,48.38286179365727,0,1,0,0,0,0
4.1,10,17.552259169131965,52.229324809870334,0,1,0,0,0,0
4.1,10,17.5783905885692,18.716534851498835,0,1,0,0,0,0
4.1,10,17.57716114780773,8.921653469882258,0,1,0,0,0,0
4.1,10,17.60623772619771,44.84554390272624,0,1,0,0,0,0
4.1,10,17.568844533095895,64.33617642705225,0,1,0,0,0,0
4.1,10,17.59954919270033,102.27989947938302,0,1,0,0,0,0
4.1,10,17.626107441814387,49.88164245124876,0,1,0,0,0,0
4.1,10,17.650730932092657,87.88664977660555,0,1,0,0,0,0
4.1,10,17.543210116789716,86.35467818150414,0,1,0,0,0,0
4.1,10,17.507467648061105,96.7160555002517,0,1,0,0,0,0
4.1,10,17.52477625357364,46.40688440403962,0,1,0,0,0,0
4.1,10,17.548915662777542,43.95520622570661,0,1,0,0,0,0
4.1,10,17.56946810453283,42.3706826791879,0,1,0,0,0,0
4.1,10,17.585676473158195,42.024240099328914,0,1,0,0,0,0
4.1,10,17.58858864486531,54.51156115886617,0,1,0,0,0,0
4.1,10,17.56052478507983,28.428395740116947,0,1,0,0,0,0
4.1,10,17.115138046204812,398.8412402842428,0,1,0,0,0,0
4.1,10,17.30908299521212,78.09278204680156,0,1,0,0,0,0
4.1,10,17.704150504769792,13.541764279521704,0,1,0,0,0,0
4.1,10,17.7037212926057,92.5215654176896,0,1,0,0,0,0
4.1,10,17.68426509848561,257.9243569961675,0,1,0,0,0,0
4.1,10,17.66674194715121,11.260325041857117,0,1,0,0,0,0
4.1,10,17.547460456261096,119.43070009909312,0,1,0,0,0,0
4.1,10,17.63275585634476,58.82666459853316,0,1,0,0,0,0
4.1,10,17.290751012922975,25.238933556423618,0,1,0,0,0,0
4.1,10,17.25959213778505,95.42685498457988,0,1,0,0,0,0
4.1,10,17.455716066000804,69.6920180309812,0,1,0,0,0,0
4.1,10,17.532808738297547,184.36103911473592,0,1,0,0,0,0
4.1,10,17.90219272343296,396.2286901177082,0,1,0,0,0,0
4.1,10,18.595841778166186,188.57609857887564,0,1,0,0,0,0
4.1,10,18.451961052818035,941.4311763222518,0,1,0,0,0,0
4.1,10,18.537774017352003,66.14538060480105,0,1,0,0,0,0
4.1,10,17.6941686554543,258.68565174479534,0,1,0,0,0,0
4.1,10,17.890790479467928,476.4802276769049,0,1,0,0,0,0
4.1,10,17.85465957064753,370.1088847797877,0,1,0,0,0,0
4.1,10,17.551701730476623,1039.3849432252696,0,1,0,0,0,0
4.1,10,18.54737740214127,111.62135684853372,0,1,0,0,0,0
4.1,10,17.94235213567428,2161.956222088133,0,0,1,0,0,0
4.1,10,17.18140252189652,1158.2022052796126,0,1,0,0,0,0
4.1,10,17.3446345769829,168.72602366166117,0,1,0,0,0,0
4.1,10,17.140228009749325,293.8366491006475,0,1,0,0,0,0
4.1,10,18.263847167027727,676.5704647557216,0,1,0,0,0,0
4.1,10,18.69271849093241,1528.3923582664338,0,1,0,0,0,0
4.1,10,18.57608560308809,165.93453618249322,0,1,0,0,0,0
4.1,10,17.652358543037376,217.74968002501595,0,1,0,0,0,0
4.1,10,17.71726937852224,418.0919477199212,0,1,0,0,0,0
4.1,10,17.312265999162438,113.87825423009936,0,1,0,0,0,0
4.1,10,18.47649160669775,169.39825578012167,0,1,0,0,0,0
4.1,10,18.3713832332404,412.1663908749614,0,1,0,0,0,0
4.1,10,18.481237468532424,133.02766415084173,0,1,0,0,0,0
4.1,10,18.50528012567932,218.41313357085755,0,1,0,0,0,0
4.1,10,18.43176957283176,173.240561202948,0,1,0,0,0,0
4.1,10,18.17468749082418,152.55222007068434,0,1,0,0,0,0
4.1,10,18.18375986070866,84.20408545740733,0,1,0,0,0,0
4.1,10,18.255228806791443,110.42258743062524,0,1,0,0,0,0
4.1,10,18.214162559584626,137.06488254019737,0,1,0,0,0,0
4.1,10,18.40253443792419,184.9246015209877,0,1,0,0,0,0
4.1,10,18.58999867134195,138.70516369302612,0,1,0,0,0,0
4.1,10,17.92841553587986,207.47758143371087,0,1,0,0,0,0
4.1,10,18.380674409669385,127.11701504253072,0,1,0,0,0,0
4.1,10,18.436561140630296,55.99167218745063,0,1,0,0,0,0
4.1,10,18.56437743768665,35.37923084780343,0,1,0,0,0,0
4.1,10,18.5404942616546,24.738859638196622,0,1,0,0,0,0
4.1,10,17.98230866104255,66.58917306605916,0,1,0,0,0,0
4.1,10,17.91356278704565,51.81624054664419,0,1,0,0,0,0
4.1,10,18.137503376905087,91.45648644084316,0,1,0,0,0,0
4.1,10,17.93207703332984,36.579361550523245,0,1,0,0,0,0
4.1,10,19.32776335045545,285.76003197158497,0,1,0,0,0,0
4.1,10,19.251695109145995,145.27826465844555,0,1,0,0,0,0
4.1,10,19.326531693353008,68.28590963060483,0,1,0,0,0,0
4.1,10,19.17153168177765,169.44855083568527,0,1,0,0,0,0
4.1,10,19.522411724757617,104.1901652994508,0,1,0,0,0,0
4.1,10,19.5203022744026,87.27985706715745,0,1,0,0,0,0
4.1,10,19.144313729496567,60.57657140516794,0,1,0,0,0,0
4.1,10,19.10204390321752,118.7480083225025,0,1,0,0,0,0
4.1,10,19.046064907320584,56.5049293659186,0,1,0,0,0,0
4.1,10,19.13588212304368,59.46252675780106,0,1,0,0,0,0
4.1,10,19.144124055657755,135.5797078558497,0,1,0,0,0,0
4.1,10,19.27451116752633,333.81951611622713,0,1,0,0,0,0
4.1,10,19.342983423997467,52.21823039939878,0,1,0,0,0,0
4.1,10,19.19100987395696,62.790770141753015,0,1,0,0,0,0
4.1,10,19.186207183191645,24.06639479632469,0,1,0,0,0,0
4.1,10,19.193395353255223,56.0104793196365,0,1,0,0,0,0
4.1,10,19.387880276194277,34.749423406612124,0,1,0,0,0,0
4.1,10,19.36401699257815,75.260816560972,0,1,0,0,0,0
4.1,10,19.379030819064177,147.0845818440159,0,1,0,0,0,0
4.1,10,19.18185291634571,59.79698862716651,0,1,0,0,0,0
4.1,10,18.963899792833583,103.77535189189076,0,1,0,0,0,0
4.1,10,19.26546119724836,14.917676840412044,0,1,0,0,0,0
4.1,10,19.651518122492444,1098.73433153548,0,0,0,0,0,1
4.1,10,19.573865947804148,24.63603159878757,0,1,0,0,0,0
4.1,10,19.15978655699629,1281.830382328833,0,1,0,0,0,0
4.1,10,19.61377032279057,79.76259792213831,0,1,0,0,0,1
4.1,10,19.64135548877006,1109.6330384331045,0,0,0,0,0,1
4.1,10,19.27478468164476,325.389144369883,0,1,0,0,0,0
4.1,10,19.587995711657616,74.3465328102391,0,0,0,0,0,1
4.1,10,19.60419765188595,107.59121964420422,0,0,0,0,0,1
4.1,10,19.759524243999763,349.2802806852583,0,1,0,0,0,0
4.1,10,19.65084271887909,49.57226458699576,0,1,0,0,0,0
4.1,10,19.577274440101636,77.10360317675708,0,0,0,0,0,1
4.1,10,19.593680585449725,98.78446445607382,0,0,0,0,0,1
4.1,10,19.731141819253807,103.76095695286396,0,1,0,0,0,0
4.1,10,19.78496718396268,202.0454029539593,0,1,0,0,0,0
4.1,10,18.787588449800268,273.2118739925085,0,1,0,0,0,0
4.1,10,18.630744343243357,69.46935782637519,0,1,0,0,0,0
4.1,10,18.98651120512733,105.36143544283712,0,1,0,0,0,0
4.1,10,19.122769418539196,134.46022725434216,0,1,0,0,0,0
4.1,10,19.05836307921333,111.2817626028721,0,1,0,0,0,0
4.1,10,18.875211794166624,126.55685671667784,0,1,0,0,0,0
4.1,10,19.129170489591928,125.00845411653911,0,1,0,0,0,0
4.1,10,18.93577942787349,197.97456710395656,0,1,0,0,0,0
4.1,10,19.21161987321869,44.86516829682192,0,1,0,0,0,0
4.1,10,18.867334404909663,138.6037347574711,0,1,0,0,0,0
4.1,10,18.83470977396896,175.6422671981436,0,1,0,0,0,0
4.1,10,18.588625884341955,467.4116858817729,0,1,0,0,0,0
4.1,10,19.03404502422992,208.06753886234023,0,1,0,0,0,0
4.1,10,19.18504166144548,395.2629371915156,0,1,0,0,0,0
4.1,10,18.86674215470076,124.85045548805108,0,1,0,0,0,0
4.1,10,18.863044656392944,489.8900940732228,0,1,0,0,0,0
4.1,10,19.14971340298464,113.60764307113364,0,1,0,0,0,0
4.1,10,19.05288757360544,206.36092524742045,0,1,0,0,0,0
4.1,10,19.045946262925483,195.4808797230698,0,1,0,0,0,0
4.1,10,18.94831568789353,132.62093203148746,0,1,0,0,0,0
4.1,10,19.218095876993143,15.023205413396218,0,1,0,0,0,0
4.1,10,19.24073906736668,95.8422279629704,0,1,0,0,0,0
4.1,10,19.137994017589257,108.42276895928396,0,1,0,0,0,0
4.1,10,18.91708076867136,89.08420743852336,0,1,0,0,0,0
4.1,10,19.33280637026485,209.6931776990901,0,1,0,0,0,0
4.1,10,19.286029513444035,212.59225517479547,0,1,0,0,0,0
4.1,10,19.261091566532127,297.36317176012744,0,1,0,0,0,0
4.1,10,19.0930396760552,338.3532357735159,0,1,0,0,0,0
4.1,10,19.369566911256268,269.11014266468715,0,1,0,0,0,0
4.1,10,19.4606684164084,689.1214180573675,0,1,0,0,0,0
4.1,10,18.77687131764343,357.9387705692982,0,1,0,0,0,0
4.1,10,20.034511738935457,137.30770891310573,0,0,0,1,0,0
4.1,10,19.26448108734408,106.13358944529472,0,1,0,0,0,0
4.1,10,19.904599954817133,194.8749086482792,0,0,0,0,0,0
4.1,10,19.76035623505833,403.290310163089,0,0,0,0,0,1
4.1,10,19.766323958805952,395.4446053047266,0,0,0,0,0,0
4.1,10,19.89287633006964,703.9379038564159,0,0,0,0,0,1
4.1,10,19.942221523498876,289.396135164542,0,0,0,0,0,1
4.1,10,19.01876549522668,124.13466794158974,0,1,0,0,0,0
4.1,10,19.57459979793114,350.6510165918256,0,1,0,0,0,0
4.1,10,19.594371950565726,328.93892299925545,0,1,0,0,0,0
4.1,10,19.515813196827644,81.09228075159443,0,1,0,0,0,0
4.1,10,19.579804853919,83.70482281318795,0,1,0,0,0,0
4.1,10,19.62082995273757,439.16026896306033,0,0,0,0,0,1
4.1,10,19.72369766565365,4.128164244044728,0,0,0,0,0,0
4.1,10,19.613542910802003,446.3849814062942,0,0,0,0,0,1
4.1,10,19.65960437029293,262.7487196769193,0,1,0,0,0,0
4.1,10,19.37822358214829,123.26935581791813,0,1,0,0,0,0
4.1,10,19.31819858923728,70.39137763443942,0,1,0,0,0,0
4.1,10,19.51630731250112,136.1495599725195,0,1,0,0,0,0
4.1,10,19.40460735315495,106.1826040546957,0,1,0,0,0,0
4.1,10,17.405747548320452,182.0209941342428,0,1,0,0,0,0
4.1,10,17.186523934861043,52.22628232285292,0,1,0,0,0,0
4.1,10,17.736159777240328,95.67693474451272,0,1,0,0,0,0
4.1,10,17.71836634558959,56.334147786383326,0,1,0,0,0,0
4.1,10,18.004521568362613,473.6892755941423,0,1,0,0,0,0
4.1,10,18.482629698982542,518.963300281263,0,1,0,0,0,0
4.1,10,18.4045928941856,169.6446967189332,0,1,0,0,0,0
4.1,10,18.342513567339942,384.6849216464874,0,1,0,0,0,0
4.1,10,18.49860329123248,62.70811269359739,0,1,0,0,0,0
4.1,10,18.444733413896927,55.34360911812407,0,1,0,0,0,0
4.1,10,18.30117467347043,269.4858419636041,0,1,0,0,0,0
4.1,10,18.172905763886604,70.91853247357577,0,1,0,0,0,0
4.1,10,18.131048823757112,106.56126965225002,0,1,0,0,0,0
4.1,10,18.14583367208474,80.7573746712131,0,1,0,0,0,0
4.1,10,18.309294386342064,275.0146158212034,0,1,0,0,0,0
4.1,10,18.201310533762463,194.4224572618413,0,1,0,0,0,0
4.1,10,18.15867869258107,48.3978786226796,0,1,0,0,0,0
4.1,10,18.11600584313482,70.91980325672863,0,1,0,0,0,0
4.1,10,18.19341953973962,76.29097691028508,0,1,0,0,0,0
4.1,10,18.10612338305327,31.747210230175423,0,1,0,0,0,0
4.1,10,18.186191507960917,61.95385951914752,0,1,0,0,0,0
4.1,10,18.15326021879862,20.801119153674705,0,1,0,0,0,0
4.1,10,18.05726647330436,247.20961679548188,0,1,0,0,0,0
4.1,10,18.242357415511773,39.59989719770896,0,1,0,0,0,0
4.1,10,18.130351628655458,16.12606497976276,0,1,0,0,0,0
4.1,10,19.11134803269501,250.6116050890586,0,1,0,0,0,0
4.1,10,19.10851649682593,74.20692607826442,0,1,0,0,0,0
4.1,10,18.923681793211006,300.3166339101033,0,1,0,0,0,0
4.1,10,18.58402903256305,34.59168899330196,0,1,0,0,0,0
4.1,10,18.559331937309416,53.11183933803274,0,1,0,0,0,0
4.1,10,18.53171016221929,42.86610000799551,0,1,0,0,0,0
4.1,10,18.49275569181682,31.24902053928514,0,1,0,0,0,0
4.1,10,18.95369438005728,20.420550869041502,0,1,0,0,0,0
4.1,10,18.96905289712816,75.80303859536308,0,1,0,0,0,0
4.1,10,19.040404132265564,216.0269937118716,0,1,0,0,0,0
4.1,10,18.99704506397594,128.83168305550294,0,1,0,0,0,0
4.1,10,19.10045188927698,110.98358744445758,0,1,0,0,0,0
4.1,10,19.093432673972213,42.56292154367439,0,1,0,0,0,0
4.1,10,19.081569021961403,71.52681359438755,0,1,0,0,0,0
4.1,10,19.25050304481002,299.3251684762797,0,1,0,0,0,0
4.1,10,19.35752145713237,621.6751770613847,0,1,0,0,0,0
4.1,10,19.189800579800963,379.5485020973929,0,1,0,0,0,0
4.1,10,19.09693395139269,560.6839476629226,0,1,0,0,0,0
4.1,10,19.020537584868816,118.28516584966208,0,1,0,0,0,0
4.1,10,19.900979050087734,322.1714107283313,0,1,0,0,0,0
4.1,10,19.872151509067294,444.1980096567167,0,1,0,0,0,0
4.1,10,19.32259338247017,146.8527875966237,0,1,0,0,0,0
4.1,10,19.451640700353423,403.03735415336126,0,1,0,0,0,0
4.1,10,19.54101990941628,112.60214258596542,0,1,0,0,0,0
4.1,10,19.268498866236573,164.60334317701208,0,1,0,0,0,0
4.1,10,19.375208142138,31.187859660505246,0,1,0,0,0,0
4.1,10,19.55593154873951,66.45418465043464,0,1,0,0,0,0
4.1,10,19.6044462211894,65.50627940419416,0,1,0,0,0,0
4.1,10,19.52530152610276,93.13103387391794,0,1,0,0,0,0
4.1,10,19.577153753006957,215.7712890192976,0,1,0,0,0,0
4.1,10,20.32669159378715,459.05482908402166,0,1,0,0,0,0
4.1,10,20.315455457556165,48.12716075747447,0,1,0,0,0,0
4.1,10,20.28749950381103,83.46531054661642,0,1,0,0,0,0
4.1,10,20.383152242240573,32.17265072782443,0,1,0,0,0,0
4.1,10,20.490015182405187,76.67831261212663,0,1,0,0,0,0
4.1,10,20.293081399092088,148.18534779302215,0,1,0,0,0,0
4.1,10,20.14091705557893,761.9269160955159,0,0,0,1,0,0
4.1,10,20.292771723313347,225.3030729559464,0,1,0,0,0,0
4.1,10,20.35443284238607,415.9189817861638,0,1,0,0,0,0
4.1,10,20.270824755046824,222.23700188955465,0,1,0,0,0,0
4.1,10,20.079589289386877,1440.763685266224,0,1,0,0,0,0
4.1,10,20.89783215256972,2540.4388180347005,0,0,0,0,0,0
4.1,10,19.991915814699603,197.2837599452997,0,1,0,0,0,0
4.1,10,23.038655038879995,304.3644674463369,0,1,0,0,0,1
4.1,10,22.18169623125808,334.854817788776,0,1,0,0,0,0
4.1,10,22.109643766072537,695.8516143659663,0,1,0,0,0,0
4.1,10,22.80474335974893,226.0831687403952,0,1,0,0,0,0
4.1,10,22.11792382948467,334.38094831616,0,1,0,0,0,0
4.1,10,22.243700659887992,86.6409247887356,0,1,0,0,0,0
4.1,10,22.11756633587499,608.3779301232823,0,0,0,1,0,1
4.1,10,22.118308676587063,589.8412924082332,0,0,0,1,0,1
4.1,10,22.134872993191973,514.7967337502447,0,0,0,1,0,1
4.1,10,22.126177232152603,555.7214270657979,0,0,0,1,0,1
4.1,10,22.700271148344207,743.6237152385429,0,0,0,1,0,1
4.1,10,22.886638384747744,338.7799712436523,0,1,0,0,0,1
4.1,10,22.795743963796305,571.8688928984491,0,1,0,0,0,1
4.1,10,22.38759864421373,72.76175702414321,0,0,0,1,0,1
4.1,10,23.04242614600674,201.0233467237804,0,0,0,1,0,1
4.1,10,23.091751021712703,442.0969465199373,0,1,0,0,0,1
4.1,10,22.736952916147374,700.6289300491355,0,1,0,0,0,0
4.1,10,22.976013076515983,28.564072210688124,0,1,0,0,0,0
4.1,10,22.937149639993343,1013.4438244598526,0,0,0,1,0,1
4.1,10,23.215956662669356,470.8485188768407,0,1,0,0,0,0
4.1,10,23.060685393882228,134.88620542085744,0,1,0,0,0,1
4.1,10,23.045365825184174,325.8406889755462,0,1,0,0,0,0
4.1,10,23.28522914209507,33.81804707509349,0,0,0,1,0,1
4.1,10,23.28522914209507,27.0057110383233,0,0,0,1,0,1
4.1,10,23.374281991958263,184.29153958651577,0,1,0,0,0,1
4.1,10,23.280441468409677,243.0595011305093,0,1,0,0,0,1
4.1,10,23.280403326122443,230.65386808968407,0,1,0,0,0,1
4.1,10,23.01355148411703,156.15608943176431,0,1,0,0,0,0
4.1,10,23.031440852050668,208.9568677098557,0,1,0,0,0,0
4.1,10,23.11576053531992,102.40924283206056,0,1,0,0,0,0
4.1,10,23.11416912878963,136.60985299431258,0,1,0,0,0,0
4.1,10,23.0540056929554,134.76024459742771,0,1,0,0,0,1
4.1,10,22.909798709788312,65.8490246342879,0,1,0,0,0,0
4.1,10,23.09503572693808,83.4233461372355,0,1,0,0,0,0
4.1,10,23.00148900136264,112.34559459757868,0,1,0,0,0,0
4.1,10,23.19227261125072,241.731053853642,0,0,0,1,0,1
4.1,10,23.10897731615303,8.105233444637209,0,1,0,0,0,0
4.1,10,23.19912950892024,137.22749182080418,0,1,0,0,0,1
4.1,10,23.160520123623552,169.41216413864896,0,1,0,0,0,0
4.1,10,23.308164613823088,94.23118380122268,0,1,0,0,0,0
4.1,10,23.34264824193039,164.32873932173572,0,1,0,0,0,1
4.1,10,23.336038075329743,160.0583684431548,0,1,0,0,0,1
4.1,10,23.39183565497235,142.763226755689,0,1,0,0,0,0
4.1,10,23.405512275222208,209.3735917233021,0,1,0,0,0,0
4.1,10,23.2836073996528,353.13016841652404,0,1,0,0,0,0
4.1,10,22.57089456677829,122.80593668108776,0,1,0,0,0,0
4.1,10,22.76169481959288,96.24729301508408,0,1,0,0,0,1
4.1,10,22.828347847744457,94.71429113672994,0,1,0,0,0,1
4.1,10,22.41577917316185,230.15905157321723,0,0,0,1,0,1
4.1,10,22.41134120918008,246.36663905119497,0,0,0,1,0,1
4.1,10,22.33092191989145,17.187901695007383,0,0,0,1,0,1
4.1,10,22.324076160054915,12.523101903261429,0,0,0,1,0,1
4.1,10,22.64726031192936,86.18600799610255,0,1,0,0,0,0
4.1,10,22.941460835514967,111.81526598282282,0,1,0,0,0,0
4.1,10,22.850709040788484,102.24791152574556,0,1,0,0,0,1
4.1,10,22.828774456759533,108.7993696701492,0,1,0,0,0,0
4.1,10,22.76138085668618,108.61872264479398,0,1,0,0,0,0
4.1,10,22.93703778399197,331.7609611801652,0,1,0,0,0,1
4.1,10,22.962570672354552,48.50636524753127,0,1,0,0,0,0
4.1,10,22.943828780469456,50.18546022346658,0,1,0,0,0,0
4.1,10,22.34290971937375,52.749742125932485,0,0,0,1,0,1
4.1,10,22.356501863714374,52.7317141798262,0,0,0,1,0,1
4.1,10,22.40225109505781,72.39469187386604,0,0,0,1,0,1
4.1,10,22.888469725716448,88.11659928511604,0,1,0,0,0,1
4.1,10,22.90992709241712,54.68411069150906,0,1,0,0,0,1
4.1,10,22.91933540656972,24.89461266748181,0,1,0,0,0,0
4.1,10,22.888469725716448,86.93604510604756,0,1,0,0,0,1
4.1,10,22.85389645998406,104.02801580486924,0,1,0,0,0,1
4.1,10,22.88697515376055,55.00920909677474,0,1,0,0,0,0
4.1,10,22.89331520935789,13.050284527613348,0,1,0,0,0,0
4.1,10,22.74343104445593,63.90600267693989,0,1,0,0,0,0
4.1,10,22.64296897244655,133.1816455706609,0,1,0,0,0,1
4.1,10,22.825474212910947,183.96219818047825,0,1,0,0,0,1
4.1,10,22.89061151346394,11.96579179772858,0,1,0,0,0,0
4.1,10,22.874023839232205,33.57557703966273,0,1,0,0,0,1
4.1,10,22.776861523360605,54.61296433895083,0,1,0,0,0,1
4.1,10,22.652653009175975,110.6164239770453,0,1,0,0,0,0
4.1,10,22.7267049432036,99.7761516454042,0,1,0,0,0,1
4.1,10,22.770081573601125,243.4208776399183,0,1,0,0,0,1
4.1,10,22.82562418052444,94.29773220516972,0,1,0,0,0,1
4.1,10,22.709396986070963,53.489823586484725,0,1,0,0,0,1
4.1,10,22.935174533162574,310.4756827327067,0,1,0,0,0,1
4.1,10,22.882288515818235,75.95891824830728,0,1,0,0,0,0
4.1,10,22.78959495923814,116.70334921305054,0,1,0,0,0,1
4.1,10,22.793709337709792,116.63770651764392,0,1,0,0,0,1
4.1,10,22.747236341537405,10.158002496495769,0,1,0,0,0,0
4.1,10,22.724597721620366,104.10959827239115,0,1,0,0,0,0
4.1,10,22.32241764693182,10.980598599219263,0,0,0,1,0,1
4.1,10,22.332580935955885,11.5453558609021,0,0,0,1,0,1
4.1,10,22.50808138926812,225.56819313437435,0,1,0,0,0,0
4.1,10,22.54644748961781,226.58510146826856,0,1,0,0,0,0
4.1,10,22.792072124353588,220.89696614249047,0,1,0,0,0,0
4.1,10,22.62177457636064,247.68806370163884,0,1,0,0,0,0
4.1,10,22.71203880793665,247.8046554081185,0,1,0,0,0,0
4.1,10,22.66902465226455,245.43657173545955,0,1,0,0,0,0
4.1,10,22.665025783192025,247.71614489555668,0,1,0,0,0,0
4.1,10,22.75290213856089,222.32990793674028,0,1,0,0,0,0
4.1,10,23.05413445677993,261.28217381542026,0,0,0,1,0,1
4.1,10,23.03616565555188,104.55926440316526,0,1,0,0,0,0
4.1,10,23.07673633662566,155.1702375685863,0,1,0,0,0,0
4.1,10,22.98120199982611,164.5735409988647,0,1,0,0,0,0
4.1,10,22.934779655737916,146.0096823679477,0,1,0,0,0,0
4.1,10,22.782953088260204,568.7882092029527,0,0,0,1,0,1
4.1,10,22.07721724427549,227.179529311646,0,1,0,0,0,0
4.1,10,22.252641032964508,230.61164774442275,0,1,0,0,0,0
4.1,10,22.161650415684555,246.18337387742963,0,1,0,0,0,0
4.1,10,22.280143298144797,226.4583705351604,0,1,0,0,0,0
4.1,10,22.31807796322245,227.0893893714016,0,1,0,0,0,0
4.1,10,22.409090306453564,245.6203241972088,0,1,0,0,0,0
4.1,10,22.45590757932469,366.8145854981536,0,1,0,0,0,0
4.1,10,22.51386930636012,57.92634604100982,0,1,0,0,0,0
4.1,10,22.362366640089988,249.9144911518317,0,1,0,0,0,0
4.1,10,22.451586752396715,112.18777134806884,0,1,0,0,0,0
4.1,10,22.405180420195407,248.49640751857092,0,1,0,0,0,0
4.1,10,22.11812595892047,246.551405088048,0,1,0,0,0,0
4.1,10,22.44616976635132,30.66962632528418,0,1,0,0,0,0
4.1,10,21.919236931294808,42.35364165974346,0,0,0,1,0,1
4.1,10,21.87269889344766,119.87414093596412,0,0,0,1,0,1
4.1,10,21.90691480526058,14.584546515866396,0,0,0,1,0,0
4.1,10,21.886438167652965,76.53712986203533,0,0,0,1,0,1
4.1,10,21.881464398080077,93.34345263279398,0,0,0,1,0,1
4.1,10,21.86934020011492,92.19805065697224,0,0,0,1,0,1
4.1,10,22.59343815510369,33.1450623385572,0,1,0,0,0,0
4.1,10,21.909975192205543,23.389110941212827,0,0,0,1,0,1
4.1,10,22.30952571800784,1137.6003858049348,0,1,0,0,0,0
4.1,10,22.129046467560272,132.32235279855908,0,1,0,0,0,0
4.1,10,22.179027828245815,247.8459003660864,0,1,0,0,0,0
4.1,10,22.100675839199152,235.5926122283809,0,1,0,0,0,0
4.1,10,22.05760689293243,220.96440021833288,0,1,0,0,0,0
4.1,10,22.16610814166116,249.25415546431427,0,1,0,0,0,0
4.1,10,22.20931693137376,248.0396418981713,0,1,0,0,0,0
4.1,10,22.328753959130616,309.03455240139664,0,1,0,0,0,0
4.1,10,22.15675101486119,648.2048017535491,0,1,0,0,0,0
4.1,10,22.03146589705695,1106.99704189035,0,1,0,0,0,0
4.1,10,21.29413139516652,801.8959430605998,0,1,0,0,0,0
4.1,10,21.93704126173131,423.815118496895,0,1,0,0,0,0
4.1,10,22.462140449963396,131.5686154701172,0,1,0,0,0,0
4.1,10,22.50576070024415,132.45050269328647,0,1,0,0,0,0
4.1,10,22.41676977555241,246.4043029877172,0,1,0,0,0,0
4.1,10,22.37097828881571,318.5613398125939,0,1,0,0,0,0
4.1,10,22.31090110029513,284.05608854792774,0,1,0,0,0,0
4.1,10,22.373612908965598,245.84303176566308,0,1,0,0,0,0
4.1,10,22.51512793888564,288.5156275900139,0,1,0,0,0,0
4.1,10,22.5775796376705,225.96316838715123,0,1,0,0,0,0
4.1,10,22.413296505762176,688.550238128322,0,1,0,0,0,0
4.1,10,22.536208449171344,233.08154822822084,0,1,0,0,0,0
4.1,10,22.93071470641543,1429.0438627203737,0,1,0,0,0,0
4.1,10,21.854163061254656,430.2921308919063,0,1,0,0,0,0
4.1,10,21.86844791259045,548.4439970279692,0,0,0,1,0,1
4.1,10,21.886075008050923,520.5380468539837,0,0,0,1,0,1
4.1,10,21.2815816655099,789.8013748532004,0,0,0,1,0,1
4.1,10,22.75741923348397,1008.1717495359828,0,0,0,1,0,1
4.1,10,21.637841258228235,395.7850992389177,0,1,0,0,0,0
4.1,10,21.8783282055706,618.8393404270547,0,0,0,1,0,1
4.1,10,21.88467235498793,615.2765063450715,0,0,0,1,0,1
4.1,10,21.66692405060588,836.1519604348279,0,1,0,0,0,0
4.1,10,21.669135820034214,417.4797235192687,0,0,0,1,0,1
4.1,10,22.07034407415977,1522.2107394945451,0,0,0,1,0,1
4.1,10,22.078768672154236,1521.624751401402,0,0,0,1,0,1
4.1,10,21.952770934557645,264.7589206876436,0,1,0,0,0,0
4.1,10,21.984036502527605,251.4543368474347,0,1,0,0,0,0
4.1,10,21.42815714064736,727.684731020604,0,1,0,0,0,0
4.1,10,21.55060956206086,264.94248698389833,0,1,0,0,0,0
4.1,10,21.81564092560366,248.5103221771824,0,1,0,0,0,0
4.1,10,21.859946600745243,248.4781380762073,0,1,0,0,0,0
4.1,10,21.84511098466779,47.468973571348265,0,0,0,1,0,1
4.1,10,21.83475096984459,46.972994660772365,0,0,0,1,0,1
4.1,10,21.821894332804707,46.71925618528916,0,0,0,1,0,1
4.1,10,21.810823821572274,46.86517170482762,0,0,0,1,0,1
4.1,10,21.51116008719832,191.1160778341384,0,0,0,1,0,1
4.1,10,21.51918011026792,188.536215949148,0,0,0,1,0,1
4.1,10,21.58989142136827,265.65683301075853,0,1,0,0,0,0
4.1,10,21.73192855307042,90.68051575180706,0,1,0,0,0,0
4.1,10,22.31870379370939,141.363381427582,0,1,0,0,0,0
4.1,10,22.24861255546644,169.36752316018357,0,1,0,0,0,0
4.1,10,22.290763423995774,179.64492373981713,0,1,0,0,0,0
4.1,10,21.77999498790141,221.7956292189868,0,1,0,0,0,0
4.1,10,21.81822086405979,222.5076135739614,0,1,0,0,0,0
4.1,10,22.13476325950616,247.03897011965373,0,1,0,0,0,0
4.1,10,21.971013747021622,249.68427660914423,0,1,0,0,0,0
4.1,10,21.92705393675076,249.260641899219,0,1,0,0,0,0
4.1,10,22.01137738851737,230.29892228816607,0,1,0,0,0,0
4.1,10,22.049182858231223,230.87084469452725,0,1,0,0,0,0
4.1,10,21.91919756052721,244.76794096958028,0,1,0,0,0,0
4.1,10,21.87563725104808,245.1042581309592,0,1,0,0,0,0
4.1,10,21.837143423461765,227.99440685264528,0,1,0,0,0,0
4.1,10,22.037946641502607,227.10790945592709,0,1,0,0,0,0
4.1,10,21.812084050827004,187.24082312911523,0,0,0,1,0,1
4.1,10,21.68174003016731,357.53926836425074,0,1,0,0,0,0
4.1,10,21.679205524158245,416.8609546575837,0,0,0,1,0,1
4.1,10,21.799969499968302,228.12815682204985,0,1,0,0,0,0
4.1,10,21.73201833065248,143.31270274067393,0,1,0,0,0,0
4.1,10,21.725346200883184,244.71946309752607,0,1,0,0,0,0
4.1,10,21.63783347149891,101.74802221874111,0,1,0,0,0,0
4.1,10,21.69183014815693,244.58847820645065,0,1,0,0,0,0
4.1,10,21.613056773580407,78.34191176288715,0,0,0,1,0,1
4.1,10,21.620654324600288,79.88138024170178,0,0,0,1,0,1
4.1,10,21.784919821084063,260.92248686147286,0,1,0,0,0,0
4.1,10,21.83670366560689,313.0649075905794,0,1,0,0,0,0
4.1,10,21.71876978641975,355.25719251106455,0,1,0,0,0,0
4.1,10,21.89501132749537,127.22530677918787,0,1,0,0,0,0
4.1,10,21.96574302607771,130.67485973109862,0,1,0,0,0,0
4.1,10,21.899452895880493,730.7880517832672,0,1,0,0,0,0
4.1,10,21.973713247890394,478.0929296666675,0,1,0,0,0,0
4.1,10,21.73315894182277,262.8998574861602,0,1,0,0,0,0
4.1,10,21.93830374547511,778.4596955190843,0,0,1,0,0,1
4.1,10,21.91607347533728,244.71717912240416,0,1,0,0,0,0
4.1,10,21.819829873804757,269.83716285134665,0,1,0,0,0,0
4.1,10,21.64338722399874,794.3565087091185,0,1,0,0,0,0
4.1,10,21.738074044370617,448.38783802596834,0,1,0,0,0,0
4.1,10,21.267802713227155,212.3132364896045,0,1,0,0,0,0
4.1,10,21.31759072199077,527.4644937366955,0,1,0,0,0,0
4.1,10,21.56037561202452,360.65019507335165,0,1,0,0,0,0
4.1,10,21.768152849069125,262.9428434646358,0,1,0,0,0,0
4.1,10,21.730247838816183,246.4206247930444,0,1,0,0,0,0
4.1,10,21.71146198680465,294.9569628259614,0,1,0,0,0,0
4.1,10,21.931084011591864,348.27252337484776,0,1,0,0,0,0
4.1,10,21.895012483666235,347.8686423141569,0,1,0,0,0,0
4.1,10,21.343337787640632,454.1123682082477,0,1,0,0,0,0
4.1,10,21.56667100293691,785.45315726014,0,1,0,0,0,0
4.1,10,22.035061325510608,557.8818187149966,0,0,0,1,0,1
4.1,10,22.029115820813324,557.3366131268899,0,0,0,1,0,1
4.1,10,21.576031185056845,254.9369398077493,0,0,0,1,0,1
4.1,10,21.58488942262404,252.0222529358156,0,0,0,1,0,1
4.1,10,21.9163353109252,607.5210284884432,0,0,0,1,0,1
4.1,10,21.924846283864856,612.28709761282,0,0,0,1,0,1
4.1,10,21.952504361873856,481.3997824670992,0,1,0,0,0,0
4.1,10,21.55752563286052,103.6473015199873,0,1,0,0,0,0
4.1,10,21.232942522642897,142.7642297599618,0,1,0,0,0,0
4.1,10,22.44652551045329,647.1993960368553,0,0,1,0,0,1
4.1,10,21.94868957511513,777.8804485412265,0,0,1,0,0,1
4.1,10,22.45080515732487,639.2668376802603,0,0,1,0,0,1
4.1,10,21.253408491356424,292.0806899191252,0,0,0,1,0,0
4.1,10,22.011116013202177,226.28198306133183,0,1,0,0,0,0
4.1,10,22.0451709802212,218.85730394439432,0,1,0,0,0,0
4.1,10,21.93622277059508,41.62418146216248,0,0,0,1,0,1
4.1,10,22.16833672515648,68.3373080742785,0,1,0,0,0,0
4.1,10,21.44792729962788,100.10816298612414,0,1,0,0,0,0
4.1,10,21.41196080797307,99.53249452642596,0,1,0,0,0,0
4.1,10,21.37873450557689,99.9439408006502,0,1,0,0,0,0
4.1,10,21.34312476942004,99.13197998356928,0,1,0,0,0,0
4.1,10,21.653118854290952,104.4190026316398,0,1,0,0,0,0
4.1,10,21.751714830317106,169.8935287377654,0,1,0,0,0,0
4.1,10,21.689263905765177,104.69542719165835,0,1,0,0,0,0
4.1,10,21.812466496640425,90.94198614623843,0,0,0,1,0,1
4.1,10,21.73137508448721,122.394256528763,0,0,0,1,0,1
4.1,10,21.80571795310594,91.41197155472454,0,0,0,1,0,1
4.1,10,21.739060336046123,120.71009800532056,0,0,0,1,0,1
4.1,10,21.68152165660813,65.13416414636349,0,0,0,1,0,1
4.1,10,21.68152165660813,65.25890804650697,0,0,0,1,0,1
4.1,10,21.63895811821373,238.57493600690472,0,1,0,0,0,0
4.1,10,21.56413745997122,519.5961373851926,0,0,0,1,0,0
4.1,10,21.354656373394278,143.7361843215816,0,1,0,0,0,0
4.1,10,21.5585982508083,307.5344866721535,0,1,0,0,0,0
4.1,10,21.80712512167259,121.45287760722545,0,1,0,0,0,0
4.1,10,21.636190182877712,123.5653856367438,0,1,0,0,0,0
4.1,10,21.53004543479648,232.111318029287,0,1,0,0,0,0
4.1,10,21.59152161723668,97.74138654644211,0,1,0,0,0,0
4.1,10,20.89547696775504,133.42251518382542,0,1,0,0,0,0
4.1,10,20.96204505201688,15.450885129215468,0,1,0,0,0,0
4.1,10,20.976110530052267,13.489871069172011,0,1,0,0,0,0
4.1,10,20.69009711110952,13.13687919785574,0,1,0,0,0,0
4.1,10,20.820113455187613,51.24393220330757,0,1,0,0,0,0
4.1,10,19.871891505036505,1187.046168608776,0,0,0,1,0,0
4.1,10,20.55453636096206,747.5313440579326,0,0,0,1,0,0
4.1,10,21.362807223894997,769.9619607304982,0,1,0,0,0,0
4.1,10,20.565121817822863,171.1734775614018,0,1,0,0,0,0
4.1,10,20.727427698425284,334.9678178437784,0,1,0,0,0,0
4.1,10,20.55076885639006,411.18751093370406,0,1,0,0,0,0
4.1,10,20.6870605485386,407.102788710132,0,1,0,0,0,0
4.1,10,20.813813485802196,54.2445204920496,0,1,0,0,0,0
4.1,10,20.696300252058297,916.4268990592798,0,1,0,0,0,0
4.1,10,20.66541634020097,316.63835191233113,0,1,0,0,0,0
4.1,10,20.715968459030385,495.6710874864089,0,1,0,0,0,0
4.1,10,20.927682471882186,198.6019367055612,0,1,0,0,0,0
4.1,10,20.67023473757969,119.03675328779045,0,1,0,0,0,0
4.1,10,20.714433919976685,41.31239571139946,0,1,0,0,0,0
4.1,10,20.57307151014053,339.26294224917825,0,1,0,0,0,0
4.1,10,20.87747641769468,13.698035131360236,0,1,0,0,0,0
4.1,10,20.83297557317269,128.77996129876863,0,1,0,0,0,0
4.1,10,20.90469852963571,180.24233839721893,0,1,0,0,0,0
4.1,10,21.017822242059985,99.2498644110216,0,1,0,0,0,0
4.1,10,21.05382536399092,129.55732422407158,0,1,0,0,0,0
4.1,10,20.99498571533984,276.25228566117653,0,1,0,0,0,0
4.1,10,21.223156931543453,136.06629036382265,0,1,0,0,0,0
4.1,10,21.26910985820621,100.9470898002742,0,1,0,0,0,0
4.1,10,20.881863126937663,21.44792909648802,0,1,0,0,0,0
4.1,10,21.11674482065068,514.1411680009701,0,1,0,0,0,0
4.1,10,21.197250930119225,60.982999919924254,0,1,0,0,0,0
4.1,10,21.49415789072919,15.111157297998584,0,0,0,1,0,1
4.1,10,20.907573074644585,133.90614867287957,0,1,0,0,0,0
4.1,10,21.01590292502162,163.82462989892528,0,1,0,0,0,0
4.1,10,21.30998391810588,84.24327576902948,0,1,0,0,0,0
4.1,10,21.292827715879824,129.61859453045727,0,1,0,0,0,0
4.1,10,20.56016839914244,76.24010312462525,0,1,0,0,0,0
4.1,10,20.6347896520712,178.0630809675996,0,1,0,0,0,0
4.1,10,20.47708360020881,255.2195822720508,0,1,0,0,0,0
4.1,10,20.738580162598986,885.9919035661948,0,1,0,0,0,0
4.1,10,20.868809037903933,148.2584866110292,0,1,0,0,0,0
4.1,10,20.5861264313751,374.6173122755369,0,1,0,0,0,0
4.1,10,20.36580712290819,69.70291159032244,0,1,0,0,0,0
4.1,10,20.950571599776588,83.17573624950992,0,1,0,0,0,0
4.1,10,20.678830434629624,64.76223194849538,0,1,0,0,0,0
4.1,10,20.59939319655261,94.33007155828764,0,1,0,0,0,0
4.1,10,20.83014133498224,346.0959215535913,0,1,0,0,0,0
4.1,10,20.416465008515758,75.93712483102733,0,1,0,0,0,0
4.1,10,21.519263435517452,331.554603652956,0,0,0,1,0,0
4.1,10,21.865548775224603,315.7390817173245,0,1,0,0,0,0
4.1,10,21.99153066494608,32.56428721580276,0,1,0,0,0,0
4.1,10,21.40627370478285,44.11741526256323,0,0,0,1,0,0
4.1,10,21.458967736916485,31.72598781217374,0,0,0,1,0,0
4.1,10,21.52571410791764,404.19417318668746,0,0,1,0,0,1
4.1,10,21.391380471961373,51.4131648738046,0,0,1,0,0,1
4.1,10,21.5302170216832,353.16363512394764,0,0,1,0,0,1
4.1,10,21.665407197251632,40.20444519337948,0,0,1,0,0,1
4.1,10,21.77211576465209,35.00086031840798,0,1,0,0,0,0
4.1,10,21.686818593981517,27.340483666816485,0,0,0,1,0,1
4.1,10,21.665407197251632,40.21272661398304,0,0,1,0,0,1
4.1,10,21.17439839153812,129.19266190598557,0,1,0,0,0,0
4.1,10,21.17291073502505,64.9284344064769,0,0,0,1,0,1
4.1,10,21.17935208245485,65.13043903381312,0,0,0,1,0,1
4.1,10,21.2647782797647,9.320297629368602,0,0,0,1,0,0
4.1,10,21.35896525981771,10.436297276152713,0,1,0,0,0,0
4.1,10,21.12419271671704,14.992176649305009,0,0,0,1,0,0
4.1,10,21.39622854963342,102.47033130282892,0,1,0,0,0,0
4.1,10,21.000389654806224,224.6811941158504,0,1,0,0,0,0
4.1,10,20.90358995495069,190.27561546864044,0,1,0,0,0,0
4.1,10,20.98671825732783,192.5094739756776,0,1,0,0,0,0
4.1,10,21.482785008513694,445.5267249432695,0,1,0,0,0,0
4.1,10,21.625301392736564,242.70031060776896,0,1,0,0,0,0
4.1,10,21.3927273335016,584.5065356555798,0,1,0,0,0,0
4.1,10,21.16925185078953,532.3025448834971,0,1,0,0,0,0
4.1,10,20.964752266034395,448.9309502950244,0,1,0,0,0,0
4.1,10,20.668575088624728,362.52284962796375,0,0,0,1,0,1
4.1,10,21.24193968441515,788.5675386573193,0,1,0,0,0,0
4.1,10,20.924590052671952,316.705556542717,0,0,0,1,0,1
4.1,10,21.42296538861573,643.5928614428785,0,0,0,1,0,1
4.1,10,21.05084429983822,282.7840937171931,0,0,0,1,0,1
4.1,10,21.430454562846133,642.8961770912376,0,0,0,1,0,1
4.1,10,21.056391133713845,284.625764095446,0,0,0,1,0,1
4.1,10,20.93319895086204,317.52984256478544,0,0,0,1,0,1
4.1,10,20.657572094158983,363.70997014860257,0,0,0,1,0,1
4.1,10,20.939261203808165,1126.4744744292072,0,0,1,0,0,1
4.1,10,20.79336758406617,868.2248089879133,0,0,0,1,0,0
4.1,10,20.9975719263792,219.3477727307061,0,1,0,0,0,0
4.1,10,21.035319029614072,232.65771112706983,0,1,0,0,0,0
4.1,10,21.273780924435066,789.8022156042739,0,0,0,1,0,1
4.1,10,20.91725063565881,1120.4738027034032,0,0,1,0,0,1
4.1,10,21.352132664565165,64.94454752445316,0,0,1,0,0,1
4.1,10,21.366479718895967,62.50453250745959,0,0,1,0,0,1
4.1,10,20.33500434863548,533.8939857114128,0,1,0,0,0,0
4.1,10,20.48457855907301,102.87030171208376,0,1,0,0,0,0
4.1,10,21.19504561333077,49.77578655603914,0,1,0,0,0,0
4.1,10,20.42258344655055,367.7401531448594,0,1,0,0,0,0
4.1,10,20.888732749500544,64.9139489659875,0,1,0,0,0,0
4.1,10,20.88823993497246,199.3394868464553,0,1,0,0,0,0
4.1,10,21.296194719540782,154.94614079338885,0,1,0,0,0,0
4.1,10,20.97164199613153,412.8379336713797,0,1,0,0,0,0
4.1,10,21.56926599022268,373.5296428497567,0,1,0,0,0,0
4.1,10,21.43985502784538,701.620161749252,0,1,0,0,0,0
4.1,10,21.580187943087594,319.05224050944923,0,1,0,0,0,0
4.1,10,21.400548375361804,414.00384665086574,0,1,0,0,0,0
4.1,10,21.49093249312468,164.14496974224124,0,1,0,0,0,0
4.1,10,21.38119002463088,143.12164793001298,0,1,0,0,0,0
4.1,10,21.294324780667743,221.90821506300333,0,1,0,0,0,0
4.1,10,21.220093235727543,222.3774670374084,0,1,0,0,0,0
4.1,10,21.2732767160904,101.9494049771024,0,1,0,0,0,0
4.1,10,21.344862511980637,165.46230270563447,0,1,0,0,0,0
4.1,10,21.41085340089747,462.5933168635979,0,1,0,0,0,0
4.1,10,21.47180587951689,292.2554527404765,0,1,0,0,0,0
4.1,10,21.38466257857654,245.3041954858478,0,1,0,0,0,0
4.1,10,21.3072254868843,331.5559374045997,0,1,0,0,0,0
4.1,10,21.377729521009076,10.057928025065891,0,1,0,0,0,0
4.1,10,21.30335135528608,324.3552767445024,0,0,0,1,0,1
4.1,10,21.310014567634376,322.16284422909416,0,0,0,1,0,1
4.1,10,21.163000901155502,151.83959291089937,0,1,0,0,0,0
4.1,10,21.21657793503843,367.3976011025552,0,1,0,0,0,0
4.1,10,21.236753057010397,47.99885152573137,0,1,0,0,0,0
4.1,10,21.442828339563043,76.98464414136139,0,0,0,1,0,1
4.1,10,21.30724929258908,245.25710402327672,0,1,0,0,0,0
4.1,10,21.193720279393645,94.5274699262171,0,1,0,0,0,0
4.1,10,21.1722448609229,71.89241771136562,0,1,0,0,0,0
4.1,10,21.164131215852795,326.7709872930001,0,1,0,0,0,0
4.1,10,21.343600614484096,258.2724959038204,0,1,0,0,0,0
4.1,10,21.19835033346948,172.06815810864876,0,1,0,0,0,0
4.1,10,21.14496253876532,161.95122421944146,0,1,0,0,0,0
4.1,10,21.257239871905423,30.67602338377884,0,1,0,0,0,0
4.1,10,21.11247754023436,170.08206611835314,0,0,0,1,0,1
4.1,10,21.10505047621714,171.18281509499764,0,0,0,1,0,1
4.1,10,21.168402127006345,71.7426766025203,0,0,0,1,0,1
4.1,10,21.153942045048492,53.97260441241113,0,1,0,0,0,0
4.1,10,21.285377180494283,126.62384770000747,0,1,0,0,0,0
4.1,10,21.16694919895477,294.6452652703528,0,1,0,0,0,0
4.1,10,20.676964432547127,255.51795579965136,0,1,0,0,0,0
4.1,10,20.754294061612985,147.4361369461943,0,1,0,0,0,0
4.1,10,20.538452224748077,48.082004968690704,0,1,0,0,0,0
4.1,10,20.57359366171774,141.25205651085025,0,1,0,0,0,0
4.1,10,20.57031147844621,245.0210175107585,0,1,0,0,0,0
4.1,10,20.628792676293465,286.7942790979734,0,1,0,0,0,0
4.1,10,20.64815204567582,53.00276822097079,0,1,0,0,0,0
4.1,10,20.446926348825816,217.971612971166,0,1,0,0,0,0
4.1,10,20.75419147173421,243.02477513138183,0,1,0,0,0,0
4.1,10,20.695114687937213,81.14760562711908,0,1,0,0,0,0
4.1,10,20.62574536554527,187.4540803195179,0,1,0,0,0,0
4.1,10,20.70832369888934,53.79682823533998,0,1,0,0,0,0
4.1,10,20.642798303114283,141.9571379622363,0,1,0,0,0,0
4.1,10,20.78998620742953,242.3794492221995,0,1,0,0,0,0
4.1,10,20.933412160417127,154.19841631923757,0,1,0,0,0,0
4.1,10,20.905483124120348,55.48766188044418,0,1,0,0,0,0
4.1,10,20.92578665098385,108.43853404737727,0,1,0,0,0,0
4.1,10,20.845904900825545,100.2906784715034,0,1,0,0,0,0
4.1,10,20.88403405475403,119.30308758284664,0,1,0,0,0,0
4.1,10,20.95862591878561,56.49582538786116,0,1,0,0,0,0
4.1,10,20.436771420822662,89.39262039229854,0,1,0,0,0,0
4.1,10,20.49246117603865,141.07682318329458,0,1,0,0,0,0
4.1,10,21.11445330901531,172.62488384718085,0,1,0,0,0,0
4.1,10,21.079678438676996,190.1255406897863,0,1,0,0,0,0
4.1,10,20.645429466280408,531.1449472118136,0,1,0,0,0,0
4.1,10,20.818562960451512,234.6212838496077,0,1,0,0,0,0
4.1,10,20.85259163738813,242.3462626046213,0,1,0,0,0,0
4.1,10,20.92296985681584,49.6482261773561,0,1,0,0,0,0
4.1,10,20.6741277759315,87.35205894337838,0,1,0,0,0,0
4.1,10,20.959316898201696,50.70918931643571,0,1,0,0,0,0
4.1,10,20.77845016680693,41.50175387207327,0,1,0,0,0,0
4.1,10,20.748486134984887,45.52193033322545,0,1,0,0,0,0
4.1,10,20.71758686118802,45.93643107409793,0,1,0,0,0,0
4.1,10,20.928248171658087,9.454279351658084,0,1,0,0,0,0
4.1,10,20.601557957614368,245.81524950124705,0,1,0,0,0,0
4.1,10,20.803933104524702,88.87078504415545,0,0,0,1,0,1
4.1,10,20.379407803779653,16.421297550863546,0,1,0,0,0,0
4.1,10,20.75684258049527,190.01997829510816,0,1,0,0,0,0
4.1,10,20.86260003952961,66.54188029137103,0,1,0,0,0,0
4.1,10,20.999788978551088,92.88297699180112,0,1,0,0,0,0
4.1,10,20.456523761942357,138.931680885543,0,1,0,0,0,0
4.1,10,20.903774403960732,43.66191194056015,0,1,0,0,0,0
4.1,10,20.95420324575753,10.012622180216962,0,0,0,1,0,1
4.1,10,20.655499189870387,102.35028309612298,0,1,0,0,0,0
4.1,10,20.716451370942817,191.1641639205736,0,1,0,0,0,0
4.1,10,20.60706688967872,244.0278573321124,0,1,0,0,0,0
4.1,10,20.64279481718,246.7179241602205,0,1,0,0,0,0
4.1,10,20.521313396786844,207.10653736112607,0,1,0,0,0,0
4.1,10,20.79082489007254,17.80462200996548,0,1,0,0,0,0
4.1,10,20.84797879493389,146.71645004646592,0,1,0,0,0,0
4.1,10,20.81685740497148,56.48156595115452,0,1,0,0,0,0
4.1,10,20.937990739162164,51.57047702449298,0,1,0,0,0,0
4.1,10,20.701406062298773,9.988348466384789,0,1,0,0,0,0
4.1,10,20.640286156164574,199.50162791304783,0,1,0,0,0,0
4.1,10,20.7480799358888,103.8950929163343,0,1,0,0,0,0
4.1,10,19.775484813109376,251.838675199694,0,1,0,0,0,0
4.1,10,20.061489123265403,217.75062539124173,0,1,0,0,0,0
4.1,10,19.8664738548478,408.31078458733657,0,1,0,0,0,0
4.1,10,19.82409143141814,252.01843281488576,0,1,0,0,0,0
4.1,10,20.012200349939302,145.27030355970476,0,1,0,0,0,0
4.1,10,19.980514518056815,95.3148844064081,0,1,0,0,0,0
4.1,10,19.98030126127405,110.30188894761886,0,1,0,0,0,0
4.1,10,19.86813746768421,86.37789708518451,0,1,0,0,0,0
4.1,10,19.904575431277653,153.56652893413863,0,1,0,0,0,0
4.1,10,19.79796059374537,50.165926531953815,0,1,0,0,0,0
4.1,10,19.8388734360283,51.17887771223258,0,1,0,0,0,0
4.1,10,19.22159489119731,899.0035563781269,0,0,0,1,0,1
4.1,10,19.424497068248524,542.9756577682066,0,0,0,1,0,1
4.1,10,19.62344281258982,380.8873992987132,0,1,0,0,0,0
4.1,10,19.71946400127712,143.87816000950835,0,1,0,0,0,0
4.1,10,19.602180816458343,308.7702694699147,0,1,0,0,0,0
4.1,10,19.47763600874724,429.2024679520272,0,1,0,0,0,0
4.1,10,19.45274178600228,431.6016102903381,0,1,0,0,0,0
4.1,10,19.470053398430725,648.0568143586947,0,1,0,0,0,0
4.1,10,19.5750702052525,307.6580487134016,0,1,0,0,0,0
4.1,10,19.51226308077404,474.98918996679095,0,1,0,0,0,0
4.1,10,19.484481061100865,472.7345833647447,0,1,0,0,0,0
4.1,10,19.431631269621413,479.3197150857478,0,1,0,0,0,0
4.1,10,19.738224767835952,85.1044503882953,0,1,0,0,0,0
4.1,10,19.643763889540047,286.8522100470911,0,1,0,0,0,0
4.1,10,19.41565068072049,384.18212810651374,0,1,0,0,0,0
4.1,10,19.259194578862896,580.430312714662,0,1,0,0,0,0
4.1,10,19.198745544279905,326.0537625773193,0,1,0,0,0,0
4.1,10,19.27733882117013,333.3780281206402,0,1,0,0,0,0
4.1,10,19.553655231976148,786.0609490614431,0,1,0,0,0,0
4.1,10,19.771079332877356,295.5275314405337,0,1,0,0,0,0
4.1,10,19.78920765152725,404.6265890726759,0,1,0,0,0,0
4.1,10,19.763588077466604,403.7635116056796,0,1,0,0,0,0
4.1,10,19.735082568919147,402.7404886489337,0,1,0,0,0,0
4.1,10,19.688802105762925,365.6216884926444,0,1,0,0,0,0
4.1,10,19.73574883760497,323.96065858977124,0,1,0,0,0,0
4.1,10,19.60474617899904,271.1560083890394,0,1,0,0,0,0
4.1,10,19.629956165731095,271.5737051526084,0,1,0,0,0,0
4.1,10,19.65642247968125,271.9878234385009,0,1,0,0,0,0
4.1,10,20.18865620247067,659.0567543304383,0,1,0,0,0,0
4.1,10,20.137274752942755,435.2087073473136,0,1,0,0,0,0
4.1,10,19.80652254090076,478.6018740214645,0,1,0,0,0,0
4.1,10,19.606206490983983,406.4590318162548,0,1,0,0,0,0
4.1,10,19.672406337992403,199.26633250243444,0,1,0,0,0,0
4.1,10,19.73959645501226,406.1539597133449,0,0,0,1,0,1
4.1,10,19.70665490037069,50.231448552843375,0,1,0,0,0,0
4.1,10,19.479404496415512,492.7955557985834,0,1,0,0,0,0
4.1,10,19.77649185382161,144.18740635167208,0,1,0,0,0,0
4.1,10,19.957230640351703,136.13011329001966,0,1,0,0,0,0
4.1,10,20.026125529089317,193.9285186714241,0,1,0,0,0,0
4.1,10,19.948529591544748,159.56372194352153,0,1,0,0,0,0
4.1,10,19.952013747167666,201.26557865112315,0,1,0,0,0,0
4.1,10,19.97358127630269,199.4663043122431,0,1,0,0,0,0
4.1,10,20.01647186409128,151.25084609745494,0,1,0,0,0,0
4.1,10,19.963621226709726,349.0232773513684,0,1,0,0,0,0
4.1,10,20.326030554136555,383.0356055431566,0,1,0,0,0,0
4.1,10,19.531075880914276,361.8232614550508,0,1,0,0,0,0
4.1,10,19.900514961592133,85.30170104859621,0,1,0,0,0,0
4.1,10,19.18984594574224,1013.4040285346738,0,0,0,1,0,1
4.1,10,19.74736747720508,413.49496489928737,0,0,0,1,0,1
4.1,10,19.433521984236897,550.7597029039908,0,0,0,1,0,1
4.1,10,20.024148370705845,173.29270262121605,0,1,0,0,0,0
4.1,10,20.538680493459783,187.4060474542374,0,1,0,0,0,0
4.1,10,20.06242748093476,91.00239885488214,0,1,0,0,0,0
4.1,10,20.462639059574016,153.4419729117976,0,1,0,0,0,0
4.1,10,20.16455778899911,662.3621793417724,0,0,0,1,0,1
4.1,10,19.93492231811056,109.58342598796187,0,1,0,0,0,0
4.1,10,19.93742063293016,142.27085097726945,0,1,0,0,0,0
4.1,10,20.107005029737767,549.0119157076114,0,0,0,1,0,1
4.1,10,20.17247817615169,403.0195486695157,0,1,0,0,0,0
4.1,10,20.127913559267583,142.8172072570603,0,1,0,0,0,0
4.1,10,19.979395977260296,134.44169197583506,0,1,0,0,0,0
4.1,10,20.09657381414149,78.79435087787674,0,1,0,0,0,0
4.1,10,20.171638638499275,178.2257195390242,0,1,0,0,0,0
4.1,10,20.213853343467758,205.77528487920603,0,1,0,0,0,0
4.1,10,20.044840350626554,51.02395229273801,0,1,0,0,0,0
4.1,10,20.25806647655897,229.41595064700493,0,1,0,0,0,0
4.1,10,20.415343100310903,128.72217651300977,0,0,0,1,0,1
4.1,10,20.03464796862147,121.71001300373209,0,1,0,0,0,0
4.1,10,20.02368903143497,116.22869552595589,0,1,0,0,0,0
4.1,10,20.49585359036897,83.69186782408747,0,0,0,1,0,1
4.1,10,20.506303405377047,83.89559809916274,0,0,0,1,0,1
4.1,10,20.473285639361563,6.217325855061672,0,0,0,1,0,1
4.1,10,20.066161719108635,86.28834022873454,0,1,0,0,0,0
4.1,10,20.042706655756167,78.10920586011439,0,1,0,0,0,0
4.1,10,19.87625242729961,15.083537578835651,0,1,0,0,0,0
4.1,10,20.45840796126733,56.76679656268043,0,0,0,1,0,0
4.1,10,20.210498619846803,197.51045045341388,0,1,0,0,0,0
4.1,10,19.58517781949485,458.0099510924268,0,1,0,0,0,0
4.1,10,19.34035685533392,246.9136745595643,0,1,0,0,0,0
4.1,10,19.365679180490712,246.25136425183925,0,1,0,0,0,0
4.1,10,19.61631476349156,65.55453889122302,0,1,0,0,0,0
4.1,10,19.728269221210304,126.24410297353052,0,1,0,0,0,0
4.1,10,19.689033161068245,192.48538998425911,0,1,0,0,0,0
4.1,10,19.725624740395624,181.68164609045925,0,1,0,0,0,0
4.1,10,19.75605539757533,62.40315162211422,0,1,0,0,0,0
4.1,10,19.93612765159842,96.97052008513528,0,1,0,0,0,0
4.1,10,19.90903052637511,130.28210329027422,0,1,0,0,0,0
4.1,10,19.7370069471496,50.40398183719382,0,1,0,0,0,0
4.1,10,19.895615549405157,13.87086191970756,0,1,0,0,0,0
4.1,10,19.87963542701373,31.88140942087416,0,1,0,0,0,0
4.1,10,19.87723359207069,56.71530039759492,0,1,0,0,0,0
4.1,10,19.83458744222424,82.46417237983707,0,1,0,0,0,0
4.1,10,19.756377956958502,172.6161232170989,0,1,0,0,0,0
4.1,10,19.768111650449505,45.34640085010094,0,1,0,0,0,0
4.1,10,19.74520237989418,206.00641529141865,0,1,0,0,0,0
4.1,10,19.585754726696045,8.761477560805906,0,0,0,1,0,1
4.1,10,19.65997852014386,235.4621008947322,0,0,0,1,0,0
4.1,10,19.74758661585421,34.097650129589056,0,1,0,0,0,0
4.1,10,20.0286385353018,204.39995445533145,0,1,0,0,0,0
4.1,10,22.02879172141941,114.19768140748344,0,1,0,0,0,0
4.1,10,21.83674493241234,264.46540801503187,0,1,0,0,0,0
4.1,10,21.79470352724825,264.048287537012,0,1,0,0,0,0
4.1,10,21.921275958337045,187.88544109940167,0,1,0,0,0,0
4.1,10,21.67419476125351,11.87679803999491,0,1,0,0,0,0
4.1,10,21.94481583166653,205.6546404854465,0,1,0,0,0,0
4.1,10,21.913034833879284,140.57000709104057,0,1,0,0,0,0
4.1,10,21.489021545371426,244.053958616738,0,1,0,0,0,0
4.1,10,21.43106094407127,244.0464645110572,0,1,0,0,0,0
4.1,10,21.571140544561956,37.2979303025436,0,0,0,1,0,1
4.1,10,21.56979143670049,218.19755931096608,0,1,0,0,0,0
4.1,10,21.45996966600135,244.37461446846189,0,1,0,0,0,0
4.1,10,21.60781791562746,218.46507304616915,0,1,0,0,0,0
4.1,10,21.30582760954009,217.0606771164612,0,1,0,0,0,0
4.1,10,21.255127641662543,46.21531511347977,0,1,0,0,0,0
4.1,10,21.387185722422487,297.14263437022163,0,1,0,0,0,0
4.1,10,21.56832975100239,263.5920615424484,0,1,0,0,0,0
4.1,10,21.39945054078032,244.4583136930322,0,1,0,0,0,0
4.1,10,21.66057992468924,245.0317405459283,0,1,0,0,0,0
4.1,10,21.63090261301225,245.4708506287648,0,1,0,0,0,0
4.1,10,21.547098671353275,97.36997330728266,0,0,1,0,0,1
4.1,10,21.427380837092933,244.7156354122185,0,1,0,0,0,0
4.1,10,21.21599114545129,55.820994958328136,0,1,0,0,0,0
4.1,10,21.52115785456137,49.72883549286616,0,1,0,0,0,0
4.1,10,21.374882868227093,117.11829124722088,0,1,0,0,0,0
4.1,10,21.53047602872743,263.25188306202034,0,1,0,0,0,0
4.1,10,21.305035758832283,100.63249067870652,0,1,0,0,0,0
4.1,10,21.594611718230254,59.05191731219167,0,0,0,1,0,1
4.1,10,21.64027034967012,42.4550917675463,0,1,0,0,0,0
4.1,10,21.56532375936611,28.809513279536613,0,0,1,0,0,1
4.1,10,21.54411493437299,42.376746106207406,0,0,1,0,0,1
4.1,10,21.573531608897685,37.91031307075006,0,0,1,0,0,1
4.1,10,21.89477176128574,200.76320128289424,0,1,0,0,0,0
4.1,10,21.92571199511562,185.4945895445284,0,1,0,0,0,0
4.1,10,21.684816564261013,672.453239885764,0,1,0,0,0,0
4.1,10,20.6266805968595,309.4935534607309,0,1,0,0,0,0
4.1,10,21.281282213424344,636.2030794264614,0,0,1,0,0,1
4.1,10,21.271379484439414,732.246931114232,0,0,1,0,0,1
4.1,10,21.752046615483906,239.92838405783965,0,1,0,0,0,0
4.1,10,21.69121180108013,224.9446722683999,0,1,0,0,0,0
4.1,10,21.69146460697833,240.24064689098373,0,1,0,0,0,0
4.1,10,21.722931145226426,240.0826645383587,0,1,0,0,0,0
4.1,10,21.60511510466876,166.91708859424784,0,1,0,0,0,0
4.1,10,21.64637334865411,10.471565364424976,0,1,0,0,0,0
4.1,10,20.3377423407158,471.41808301673024,0,1,0,0,0,0
4.1,10,20.49325303363131,361.0621158602297,0,1,0,0,0,0
4.1,10,20.170573794260957,1075.3079286565464,0,1,0,0,0,0
4.1,10,20.021695330515342,186.10210107427443,0,1,0,0,0,0
4.1,10,20.100211533008927,694.6583876890359,0,1,0,0,0,0
4.1,10,20.84878442770679,378.0426131970976,0,1,0,0,0,0
4.1,10,21.00234959004453,119.41566520055883,0,0,1,0,0,1
4.1,10,20.923348996396157,84.35476600898936,0,1,0,0,0,0
4.1,10,20.882334658235106,83.36086563371009,0,1,0,0,0,0
4.1,10,20.96245094919396,80.70698102358016,0,1,0,0,0,0
4.1,10,20.97591708064945,55.8456231869791,0,1,0,0,0,0
4.1,10,21.006356986524388,39.6652556649684,0,1,0,0,0,0
4.1,10,20.96281284073788,11.539202773204668,0,1,0,0,0,0
4.1,10,20.87623693795326,52.848772194566536,0,1,0,0,0,0
4.1,10,20.84111090220023,83.17533190158613,0,1,0,0,0,0
4.1,10,20.79268278532764,58.82771953112463,0,1,0,0,0,0
4.1,10,20.75364697730003,51.86447017515467,0,1,0,0,0,0
4.1,10,20.805123179185884,106.79806249070587,0,1,0,0,0,0
4.1,10,20.92752238139016,81.37409394987117,0,1,0,0,0,0
4.1,10,20.835433581685447,53.30286676954589,0,1,0,0,0,0
4.1,10,21.27349250550823,31.446319879088392,0,1,0,0,0,0
4.1,10,20.99571458450348,18.29788639912347,0,1,0,0,0,0
4.1,10,20.981725442545493,33.31829643257721,0,1,0,0,0,0
4.1,10,21.03659451472465,14.335754367552674,0,0,1,0,0,0
4.1,10,20.963121375609514,12.850819625794609,0,0,1,0,0,0
4.1,10,20.35864299300572,79.99959880240341,0,1,0,0,0,0
4.1,10,20.340565100071352,95.5802322725434,0,1,0,0,0,0
4.1,10,20.345349271000934,51.44174600138202,0,1,0,0,0,0
4.1,10,20.53273409237165,289.4619074271157,0,1,0,0,0,0
4.1,10,20.32774401084685,512.1019317233206,0,1,0,0,0,0
4.1,10,20.47251108186648,329.4826849836558,0,0,1,0,0,1
4.1,10,20.322475861365675,76.32715277615408,0,1,0,0,0,0
4.1,10,20.040224379018845,28.85627074171481,0,1,0,0,0,0
4.1,10,20.125366458669195,96.62822442698148,0,1,0,0,0,0
4.1,10,20.155293821278494,28.9556733349078,0,1,0,0,0,0
4.1,10,20.243248817086965,27.84221241386296,0,1,0,0,0,0
4.1,10,20.219742498869334,50.54421960735315,0,1,0,0,0,0
4.1,10,20.31205714733523,292.8785626209772,0,1,0,0,0,0
4.1,10,20.404756621813195,23.03851182479792,0,1,0,0,0,0
4.1,10,20.301405806093925,49.46851428316447,0,1,0,0,0,0
4.1,10,20.46582253127564,44.5554203876351,0,1,0,0,0,0
4.1,10,20.4180680121254,27.23368004957509,0,1,0,0,0,0
4.1,10,20.393663530587457,23.24948346144852,0,1,0,0,0,0
4.1,10,20.40586549978479,27.205277085523605,0,1,0,0,0,0
4.1,10,20.467796750509525,62.58313720886182,0,1,0,0,0,0
4.1,10,20.41888859769522,47.55029301516164,0,1,0,0,0,0
4.1,10,20.35978991499558,100.2772670813651,0,1,0,0,0,0
4.1,10,19.452374514625777,893.1541605066424,0,1,0,0,0,0
4.1,10,20.10110118588897,487.2970117754178,0,1,0,0,0,0
4.1,10,20.751634843024537,570.0560839355832,0,0,1,0,0,1
4.1,10,20.10804790298269,818.114634637849,0,0,0,1,0,0
4.1,10,19.765582623474742,221.8338571895152,0,1,0,0,0,0
4.1,10,19.65385530564493,406.3657136786584,0,1,0,0,0,0
4.1,10,20.76084404268717,611.7397390899404,0,1,0,0,0,0
4.1,10,20.51897393688029,130.50191867408162,0,1,0,0,0,0
4.1,10,20.467741227608798,106.87651003869236,0,1,0,0,0,0
4.1,10,19.992443363137948,597.6456141687039,0,1,0,0,0,0
4.1,10,20.090268528602788,982.1445564370172,0,0,1,0,0,1
4.1,10,20.14222543906972,862.1747160565099,0,1,0,0,0,0
4.1,10,20.74206636812812,562.8242443444443,0,0,1,0,0,1
4.1,10,20.073326903230534,980.5873583570118,0,0,1,0,0,1
4.1,10,19.960491330893248,471.8841836527543,0,1,0,0,0,0
4.1,10,19.97811146633146,319.44948590111886,0,1,0,0,0,0
4.1,10,20.43643664355729,80.66939676464774,0,1,0,0,0,0
4.1,10,20.29215502906884,729.7013711902121,0,1,0,0,0,0
4.1,10,20.421609838063763,413.97819468045066,0,1,0,0,0,0
4.1,10,20.344862102729007,470.75391214852135,0,1,0,0,0,0
4.1,10,20.363328146309723,90.99690791030886,0,1,0,0,0,0
4.1,10,20.301401871033946,291.15854519198734,0,1,0,0,0,0
4.1,10,19.73209476022417,202.379036466918,0,1,0,0,0,0
4.1,10,19.691092299030984,160.24613937278292,0,1,0,0,0,0
4.1,10,19.96622926054689,207.16539591749145,0,1,0,0,0,0
4.1,10,19.580939631034383,342.079427816233,0,1,0,0,0,0
4.1,10,19.51543810156524,176.3825255987698,0,1,0,0,0,0
4.1,10,19.535763826610395,109.98889515752528,0,1,0,0,0,0
4.1,10,20.77975127189321,69.90859397516445,0,1,0,0,0,0
4.1,10,20.63627709310225,817.462368836812,0,1,0,0,0,0
4.1,10,20.45539885206957,89.70860605890148,0,1,0,0,0,0
4.1,10,20.27390961477366,73.93220039562287,0,1,0,0,0,0
4.1,10,20.42530323551496,96.43822521934496,0,1,0,0,0,0
4.1,10,20.28705916660237,120.37671831563196,0,1,0,0,0,0
4.1,10,20.237090166214173,135.17065698416746,0,1,0,0,0,0
4.1,10,20.28601174650731,45.03329584849755,0,1,0,0,0,0
4.1,10,20.40948600503324,91.6865128817842,0,1,0,0,0,0
4.1,10,19.890460973617923,367.4650814826636,0,1,0,0,0,0
4.1,10,19.799564566343832,50.54223865034507,0,1,0,0,0,0
4.1,10,19.888028579429477,260.80379045887673,0,1,0,0,0,0
4.1,10,19.90278451211528,573.9386975330156,0,1,0,0,0,0
4.1,10,19.94124550593846,144.33908526238798,0,1,0,0,0,0
4.1,10,20.037615043614625,300.36938202901746,0,1,0,0,0,0
4.1,10,20.18706084086577,102.01738217256316,0,1,0,0,0,0
4.1,10,19.80406625906236,305.91097547168613,0,1,0,0,0,0
4.1,10,19.76194707263389,69.41577018038316,0,1,0,0,0,0
4.1,10,19.52149346148304,134.90154119866236,0,1,0,0,0,0
4.1,10,19.563657420712264,132.05918250868115,0,1,0,0,0,0
4.1,10,19.88542140251793,30.22986281338782,0,1,0,0,0,0
4.1,10,19.72685506277008,91.00218908685709,0,1,0,0,0,0
4.1,10,19.75241669112123,28.26913731630865,0,1,0,0,0,0
4.1,10,19.859371271820685,46.5828831172477,0,1,0,0,0,0
4.1,10,19.77433321786848,147.37931221445731,0,1,0,0,0,0
4.1,10,19.685408499257026,324.776723723229,0,1,0,0,0,0
4.1,10,19.883710161151,203.9755409177465,0,1,0,0,0,0
4.1,10,19.67725235317305,78.19758455998179,0,0,1,0,0,1
4.1,10,19.62283537428649,54.16969615113719,0,0,1,0,0,1
4.1,10,19.647475882383155,27.76453652823825,0,0,1,0,0,1
4.1,10,19.691577641687505,75.69114509622894,0,0,1,0,0,1
4.1,10,19.468166803209964,21.03902005078229,0,1,0,0,0,0
4.1,10,19.474898443741434,4.132342319004735,0,1,0,0,0,0
4.1,10,19.462968800756794,1.8744537752159347,0,1,0,0,0,0
4.1,10,20.063792530411675,133.03650926439838,0,1,0,0,0,0
4.1,10,20.00150323116032,25.57034603595447,0,1,0,0,0,0
4.1,10,20.10248355045765,168.4516590557837,0,1,0,0,0,0
4.1,10,19.87628344732465,23.427677842640943,0,1,0,0,0,0
4.1,10,19.95722668525113,26.08679394718236,0,1,0,0,0,0
4.1,10,19.80066568546514,72.69867829422496,0,1,0,0,0,0
4.1,10,20.1019608148251,51.1190504263312,0,1,0,0,0,0
4.1,10,19.853318940382515,63.88091430830356,0,1,0,0,0,0
4.1,10,19.120985139557085,233.8629467635245,0,1,0,0,0,0
4.1,10,19.01131507170633,49.584599704234,0,1,0,0,0,0
4.1,10,18.90036035916153,47.27535797076176,0,1,0,0,0,0
4.1,10,19.285107291801,245.62067230764188,0,1,0,0,0,0
4.1,10,19.08652273449845,42.163342673176174,0,1,0,0,0,0
4.1,10,19.233684074529176,244.9548186485173,0,1,0,0,0,0
4.1,10,19.52207100088931,92.40428493856724,0,1,0,0,0,0
4.1,10,19.24219486693884,119.77197107711746,0,1,0,0,0,0
4.1,10,19.17290280657665,125.21371390299556,0,1,0,0,0,0
4.1,10,19.442919435362743,61.25161546569736,0,1,0,0,0,0
4.1,10,19.23200932561938,43.2535597212823,0,1,0,0,0,0
4.1,10,19.21210870526945,98.70249495381726,0,1,0,0,0,0
4.1,10,19.1789920992733,279.09398025829216,0,0,0,1,0,0
4.1,10,19.14204221416056,93.08453897350836,0,1,0,0,0,0
4.1,10,19.07745661126744,56.627548840093255,0,1,0,0,0,0
4.1,10,19.07208952206421,340.27747462200284,0,1,0,0,0,0
4.1,10,19.119833765818083,88.80970041827598,0,1,0,0,0,0
4.1,10,19.509552930854,69.13151400047118,0,1,0,0,0,0
4.1,10,19.13986957929773,1113.8511541118462,0,0,1,0,0,1
4.1,10,18.364652639229547,365.64058158029206,0,1,0,0,0,0
4.1,10,18.578257658416213,267.96018620176386,0,1,0,0,0,0
4.1,10,19.51372305785068,365.1871400956596,0,1,0,0,0,0
4.1,10,18.946796533213444,689.4027669901633,0,1,0,0,0,0
4.1,10,18.895232486722943,636.0539900092799,0,1,0,0,0,0
4.1,10,18.89761625419386,567.9755112173814,0,1,0,0,0,0
4.1,10,18.83978148420356,575.3128646854993,0,1,0,0,0,0
4.1,10,18.815263495537447,574.7529353104052,0,1,0,0,0,0
4.1,10,18.773376712590004,540.1669721257488,0,1,0,0,0,0
4.1,10,18.704960346812285,436.8499428942665,0,1,0,0,0,0
4.1,10,19.069497089536817,695.9560480267629,0,1,0,0,0,0
4.1,10,19.0946540295008,577.6698545616057,0,1,0,0,0,0
4.1,10,19.22335742492336,335.22960069142937,0,1,0,0,0,0
4.1,10,19.03829379106904,696.1786365277121,0,1,0,0,0,0
4.1,10,19.00856454206024,696.3421948597148,0,1,0,0,0,0
4.1,10,19.37228974862369,371.1215325833661,0,1,0,0,0,0
4.1,10,19.371771115141613,308.45263110990464,0,1,0,0,0,0
4.1,10,19.39749540928388,309.0971036729504,0,1,0,0,0,0
4.1,10,19.55035358089712,395.3833305671154,0,1,0,0,0,0
4.1,10,19.525456598217698,269.850851830783,0,1,0,0,0,0
4.1,10,19.55137107569437,270.0867376542883,0,1,0,0,0,0
4.1,10,19.60590747321388,202.95513702110767,0,1,0,0,0,0
4.1,10,18.49336454869334,480.5993067445032,0,1,0,0,0,0
4.1,10,18.83760396603492,677.0056827811665,0,1,0,0,0,0
4.1,10,19.11755634832236,294.09364391176683,0,1,0,0,0,0
4.1,10,18.39503655325064,236.5121894100809,0,1,0,0,0,0
4.1,10,18.74760203471536,215.92521397608635,0,1,0,0,0,0
4.1,10,18.48935292912505,85.58510939368301,0,1,0,0,0,1
4.1,10,19.222248165525848,1140.9176808463385,0,1,0,0,0,0
4.1,10,18.639134007175965,107.5512141636794,0,1,0,0,0,0
4.1,10,19.616477861253195,1089.568008853888,0,1,0,0,0,0
4.1,10,19.471104731787968,334.59848703598726,0,1,0,0,0,0
4.1,10,18.6819475774109,28.385297681192583,0,1,0,0,0,0
4.1,10,18.870121099786378,567.1465731811318,0,1,0,0,0,0
4.1,10,18.70743787830463,92.74746145535966,0,1,0,0,0,0
4.1,10,19.01965048154221,228.36961989001304,0,1,0,0,0,0
4.1,10,19.394364525304887,254.70050304578703,0,1,0,0,0,0
4.1,10,18.889672853048378,1016.9636271395376,0,1,0,0,0,0
4.1,10,19.08697292283722,85.68664356395496,0,1,0,0,0,0
4.1,10,19.23613934776877,177.29661764545756,0,1,0,0,0,0
4.1,10,18.705977393280712,47.89412665502419,0,1,0,0,0,0
4.1,10,19.15988290886817,1145.0665308117518,0,0,1,0,0,1
4.1,10,18.8690304704352,207.8307273507556,0,1,0,0,0,0
4.1,10,18.546581083552887,159.94714305144652,0,1,0,0,0,0
4.1,10,18.453453252163413,99.44559028889792,0,1,0,0,0,0
4.1,10,19.58112264377571,255.5463066665477,0,1,0,0,0,0
4.1,10,19.2321972795737,90.99704585081024,0,1,0,0,0,0
4.1,10,19.377270041492995,196.00788780873137,0,1,0,0,0,0
4.1,10,19.02783480511824,167.35995366540533,0,1,0,0,0,0
4.1,10,19.062780320316897,167.19934341308138,0,1,0,0,0,0
4.1,10,18.98006750526628,96.6416411710695,0,1,0,0,0,0
4.1,10,19.354283349670556,274.6637791082936,0,1,0,0,0,0
4.1,10,19.77198613983233,137.04688419445134,0,1,0,0,0,0
4.1,10,19.2115696061032,34.03305275747826,0,1,0,0,0,0
4.1,10,19.357307070140397,156.76323288004022,0,1,0,0,0,0
4.1,10,19.350965003941614,158.00689483772993,0,1,0,0,0,0
4.1,10,19.28328680593616,279.2471374684297,0,1,0,0,0,0
4.1,10,19.260195187366246,626.182626684892,0,1,0,0,0,0
4.1,10,19.335761460221416,150.37827278922424,0,1,0,0,0,0
4.1,10,19.399670367917555,319.6097773391808,0,1,0,0,0,0
4.1,10,19.17758989721961,174.6947073483496,0,1,0,0,0,0
4.1,10,19.42404763667939,182.8723706910952,0,1,0,0,0,0
4.1,10,19.632397125178937,95.1571781591655,0,1,0,0,0,0
4.1,10,19.58385193923147,159.32359621683574,0,1,0,0,0,0
4.1,10,19.323075116005445,209.25018675548927,0,1,0,0,0,0
4.1,10,19.122732572117084,109.22252663560889,0,1,0,0,0,0
4.1,10,19.73773740557088,109.03418795763196,0,1,0,0,0,0
4.1,10,19.671920073647826,32.15380230084201,0,1,0,0,0,0
4.1,10,19.66583235044827,32.64770777076064,0,1,0,0,0,0
4.1,10,18.73360425221887,436.8478465019308,0,1,0,0,0,0
4.1,10,18.94591426597999,227.23487085076584,0,1,0,0,0,0
4.1,10,18.68824998502556,172.99903700253435,0,1,0,0,0,0
4.1,10,18.863191155564007,351.6862373132372,0,1,0,0,0,0
4.1,10,18.96834422088441,74.6131035105682,0,1,0,0,0,0
4.1,10,19.071528267812624,69.68496070580233,0,1,0,0,0,0
4.1,10,18.97371305959957,54.07112144871091,0,1,0,0,0,0
4.1,10,19.11535654795721,31.937224619393817,0,1,0,0,0,0
4.1,10,19.029751365115672,58.312806664206775,0,1,0,0,0,0
4.1,10,19.009889008909923,27.015194739222224,0,1,0,0,0,0
4.1,10,19.008304324646588,56.576996081587126,0,1,0,0,0,0
4.1,10,19.170789820141152,94.2362656584272,0,1,0,0,0,0
4.1,10,19.07779389490296,171.77667932183692,0,1,0,0,0,0
4.1,10,18.865993161642365,204.0842378773952,0,1,0,0,0,0
4.1,10,18.78563433558197,43.69911319642008,0,1,0,0,0,0
4.1,10,18.80109256475829,189.8703311806244,0,1,0,0,0,0
4.1,10,18.602951984659843,54.31677016947778,0,1,0,0,0,0
4.1,10,18.78208069395885,48.98321932558042,0,1,0,0,0,0
4.1,10,18.94392143437528,72.76683553684448,0,1,0,0,0,0
4.1,10,18.85681897167795,51.5365677994661,0,1,0,0,0,0
4.1,10,18.846516319367257,70.68655401911838,0,1,0,0,0,0
4.1,10,18.82134994247433,64.46686456253659,0,1,0,0,0,0
4.1,10,18.681870578576888,429.2517245917204,0,1,0,0,0,0
4.1,10,18.5131564669232,102.23043812250414,0,1,0,0,0,0
4.1,10,18.53283014189073,109.06679987004642,0,1,0,0,0,0
4.1,10,18.631397985904407,98.95604632474436,0,1,0,0,0,0
4.1,10,18.780131198072503,265.5589038451527,0,1,0,0,0,0
4.1,10,18.882101957091376,93.43806129677138,0,1,0,0,0,0
4.1,10,18.928859637841384,47.15578175262618,0,1,0,0,0,0
4.1,10,19.18783839236707,118.90692154529977,0,1,0,0,0,0
4.1,10,19.87655309240624,225.8528041125306,0,1,0,0,0,0
4.1,10,19.879466950025325,294.9915888447813,0,1,0,0,0,0
4.1,10,19.95706397410092,334.3188553864758,0,1,0,0,0,0
4.1,10,19.96629568713688,334.25934238511206,0,1,0,0,0,0
4.1,10,20.024635306367003,484.12736014571175,0,1,0,0,0,0
4.1,10,20.17000194181269,137.20560945840853,0,1,0,0,0,0
4.1,10,20.399538429458804,55.26479310489457,0,1,0,0,0,0
4.1,10,20.554008628058337,30.49501813572552,0,1,0,0,0,0
4.1,10,20.51903505431778,29.897726358552905,0,1,0,0,0,0
4.1,10,19.49652945154201,132.6131311872752,0,1,0,0,0,0
4.1,10,19.572252520057077,105.0392858119681,0,1,0,0,0,0
4.1,10,19.739765481652327,98.27573106947344,0,1,0,0,0,0
4.1,10,19.57311170869055,64.70010271962805,0,1,0,0,0,0
4.1,10,19.441706234272534,233.9750525527384,0,1,0,0,0,0
4.1,10,19.308467070399733,87.11285656179797,0,1,0,0,0,0
4.1,10,19.319613928353103,174.23070939831797,0,1,0,0,0,0
4.1,10,19.26223776791924,228.9196339526829,0,1,0,0,0,0
4.1,10,19.18298973568129,169.1001715315453,0,1,0,0,0,0
4.1,10,19.232899541906047,93.56340075340478,0,1,0,0,0,0
4.1,10,19.502114147345974,183.8928496966549,0,1,0,0,0,0
4.1,10,19.55185701224492,66.19700954893409,0,1,0,0,0,0
4.1,10,19.54663172734848,55.09770643770992,0,1,0,0,0,0
4.1,10,18.75048098657599,1666.867129286341,0,1,0,0,0,0
4.1,10,19.760230101505915,1399.4804229315232,0,1,0,0,0,0
4.1,10,19.070215846590408,333.8340435495894,0,1,0,0,0,0
4.1,10,19.187302917994494,383.58892752570847,0,1,0,0,0,0
4.1,10,19.50229753330669,508.8844278715315,0,1,0,0,0,0
4.1,10,19.22349630446282,121.112029339171,0,1,0,0,0,0
4.1,10,19.870301458858247,443.8545801027623,0,1,0,0,0,0
4.1,10,20.09456481530049,581.6741161068556,0,1,0,0,0,0
4.1,10,19.641242473170458,166.6042923485657,0,1,0,0,0,0
4.1,10,19.424233849090385,198.6452255996302,0,1,0,0,0,0
4.1,10,18.594490046756807,1767.6873942557947,0,1,0,0,0,0
4.1,10,19.11255656925559,132.7599672614834,0,1,0,0,0,0
4.1,10,19.87291929079913,252.67727933025728,0,1,0,0,0,0
4.1,10,19.72548714867733,74.4205621001059,0,1,0,0,0,0
4.1,10,19.616563905850143,50.24925123891645,0,1,0,0,0,0
4.1,10,19.994873292981744,143.31582057038375,0,1,0,0,0,0
4.1,10,19.314300535068718,86.71843425810566,0,1,0,0,0,0
4.1,10,19.20819131400565,102.514529610439,0,1,0,0,0,0
4.1,10,19.20641852843501,140.1156180099101,0,1,0,0,0,0
4.1,10,19.137851342838037,127.91191613038254,0,1,0,0,0,0
4.1,10,19.260255288197207,165.3455584482181,0,1,0,0,0,0
4.1,10,19.253877770022747,368.9956686512016,0,1,0,0,0,0
4.1,10,19.21474994374717,209.39629280997147,0,1,0,0,0,0
4.1,10,19.01184166143637,370.2095808821495,0,1,0,0,0,0
4.1,10,19.04420322848459,324.296997365628,0,1,0,0,0,0
4.1,10,18.58942915017584,113.74817273186736,0,1,0,0,0,0
4.1,10,19.09655675946193,98.67412922181956,0,1,0,0,0,0
4.1,10,19.152387756268435,113.6759414702521,0,1,0,0,0,0
4.1,10,19.035697979975293,134.31002521203362,0,1,0,0,0,0
4.1,10,19.023381548553587,136.91314480595824,0,1,0,0,0,0
4.1,10,18.922958678701708,86.94743254246251,0,1,0,0,0,0
4.1,10,18.924234888952988,98.19253648205284,0,1,0,0,0,0
4.1,10,18.922313971470107,68.30131320257374,0,1,0,0,0,0
4.1,10,18.962983869611524,200.4534789408692,0,1,0,0,0,0
4.1,10,18.9751713730437,38.43539556738425,0,1,0,0,0,0
4.1,10,18.91320336630454,149.37861789200838,0,1,0,0,0,0
4.1,10,18.78805321765289,160.62148321739795,0,1,0,0,0,0
4.1,10,18.8342799087931,139.12628009981336,0,1,0,0,0,0
4.1,10,18.831413874316357,52.150372511659896,0,1,0,0,0,0
4.1,10,18.85412800733114,84.40535952287763,0,1,0,0,0,0
4.1,10,18.830961701572704,83.54417794126374,0,1,0,0,0,0
4.1,10,18.807161128342585,86.48292994224903,0,1,0,0,0,0
4.1,10,18.72042205354746,36.567474265974994,0,1,0,0,0,0
4.1,10,19.297007138948388,244.4607534056381,0,1,0,0,0,0
4.1,10,19.180005511589528,52.653878975892674,0,1,0,0,0,0
4.1,10,19.28631241538985,62.063408012176495,0,1,0,0,0,0
4.1,10,18.73611900360397,122.58372350402496,0,1,0,0,0,0
4.1,10,18.802180142305797,87.34605639498929,0,1,0,0,0,0
4.1,10,18.658308696060807,107.15647088968042,0,1,0,0,0,0
4.1,10,18.7138740702474,81.80447136516437,0,1,0,0,0,0
4.1,10,18.937687266525693,86.38225410200425,0,1,0,0,0,0
4.1,10,18.274037311470902,302.3018674521137,0,1,0,0,0,0
4.1,10,18.622909701970343,546.370636363513,0,1,0,0,0,0
4.1,10,18.46215739673606,232.41995961876432,0,1,0,0,0,0
4.1,10,18.463707657629865,286.22677264435004,0,1,0,0,0,0
4.1,10,18.26637065077076,77.05004157664705,0,1,0,0,0,0
4.1,10,18.27232620336829,218.62910806704105,0,1,0,0,0,0
4.1,10,18.1569909641507,173.98134798136016,0,1,0,0,0,0
4.1,10,18.266074602149885,134.29161323846492,0,1,0,0,0,0
4.1,10,18.28206196438934,43.46660680425987,0,1,0,0,0,0
4.1,10,18.297735978860743,32.371081373428936,0,1,0,0,0,0
4.1,10,18.161088582309088,213.1296943017576,0,1,0,0,0,0
4.1,10,18.478884086838335,217.695915441297,0,1,0,0,0,0
4.1,10,18.451077567685168,216.6606995641929,0,1,0,0,0,0
4.1,10,18.39795738345291,188.7283200662565,0,1,0,0,0,0
4.1,10,18.61066324554533,211.3973574238922,0,1,0,0,0,0
4.1,10,18.603871169289096,141.25025746506358,0,1,0,0,0,0
4.1,10,18.529392933917567,51.24764635763868,0,1,0,0,0,0
4.1,10,18.396614206464143,98.48020469036484,0,1,0,0,0,0
4.1,10,18.352408677257557,227.48866528464083,0,1,0,0,0,0
4.1,10,18.332582420274544,359.3199554456741,0,1,0,0,0,0
4.1,10,18.339327849667907,88.83506379673443,0,1,0,0,0,0
4.1,10,18.2436299708607,85.52318047654609,0,1,0,0,0,0
4.1,10,18.24972728088185,22.1184038716978,0,1,0,0,0,0
4.1,10,18.508778390560177,156.82523020824732,0,1,0,0,0,0
4.1,10,17.953341198966424,209.7314551438328,0,1,0,0,0,0
4.1,10,18.2649561004113,246.58223885429328,0,1,0,0,0,0
4.1,10,18.7805514602246,718.3158894313178,0,1,0,0,0,0
4.1,10,18.74645697261617,874.9779021833535,0,1,0,0,0,0
4.1,10,18.108073790672808,212.91805755464927,0,1,0,0,0,0
4.1,10,18.340354824209143,91.39924333169732,0,0,0,1,0,0
4.1,10,18.844211974344784,299.25719496125475,0,1,0,0,0,0
4.1,10,18.984069453172012,201.11827346174968,0,1,0,0,0,0
4.1,10,18.75187835505722,957.7411175236568,0,1,0,0,0,0
4.1,10,17.891136134468212,262.7393162901635,0,1,0,0,0,0
4.1,10,18.22772264643189,485.28155880726416,0,1,0,0,0,0
4.1,10,17.83918408727293,274.0379877475513,0,1,0,0,0,0
4.1,10,17.960413137326643,143.38068989903758,0,1,0,0,0,0
4.1,10,17.946704216437837,138.42178288863644,0,1,0,0,0,0
4.1,10,17.99183881893125,172.81028675317953,0,1,0,0,0,0
4.1,10,17.974574212756405,290.3269745079592,0,1,0,0,0,0
4.1,10,18.990278937056583,106.8202283926314,0,1,0,0,0,0
4.1,10,18.977073724849937,40.22587196871698,0,1,0,0,0,0
4.1,10,18.313786121428063,191.6921386756426,0,1,0,0,0,0
4.1,10,17.92758317252843,110.298168850794,0,1,0,0,0,0
4.1,10,18.765783199988903,184.7610651392932,0,1,0,0,0,0
4.1,10,18.26115444307701,137.15988187039943,0,1,0,0,0,0
4.1,10,18.58013101666323,186.27097684509425,0,1,0,0,0,0
4.1,10,18.492257969713176,332.4428080119421,0,1,0,0,0,0
4.1,10,18.79190131188128,131.6636061750469,0,1,0,0,0,0
4.1,10,18.84786694135938,158.64067994312478,0,1,0,0,0,0
4.1,10,18.34267530603757,41.13517698292804,0,0,0,1,0,0
4.1,10,18.80051222344029,27.239387207181856,0,1,0,0,0,0
4.1,10,18.8230239699016,45.576067567607886,0,1,0,0,0,0
4.1,10,18.854824981428195,39.87222935105243,0,1,0,0,0,0
4.1,10,18.827651560099987,103.41198378229682,0,1,0,0,0,0
4.1,10,18.376658877552376,129.62104274640265,0,1,0,0,0,0
4.1,10,18.428301428246865,135.15079985293303,0,1,0,0,0,0
4.1,10,18.45829782856364,59.292377667343935,0,1,0,0,0,0
4.1,10,18.93147057932598,45.51053735390912,0,1,0,0,0,0
4.1,10,18.82031503222533,122.73569008734674,0,1,0,0,0,0
4.1,10,17.9642409594966,545.6584502390508,0,1,0,0,0,0
4.1,10,18.252289770586067,110.7998723156258,0,1,0,0,0,0
4.1,10,17.85960459415265,169.06587049405948,0,1,0,0,0,0
4.1,10,17.913769829377827,169.38606225186305,0,1,0,0,0,0
4.1,10,18.015687946517247,194.5038240019829,0,1,0,0,0,0
4.1,10,18.198950104293548,164.48167048461193,0,1,0,0,0,0
4.1,10,17.89671868300853,51.02466024302288,0,1,0,0,0,0
4.1,10,17.86335568169584,130.6360883646542,0,1,0,0,0,0
4.1,10,17.87705036273238,58.05206428985675,0,1,0,0,0,0
4.1,10,18.15612888087385,308.24564125887184,0,1,0,0,0,0
4.1,10,18.039812204419608,101.4975264230138,0,1,0,0,0,0
4.1,10,17.93225311559514,172.07136509935782,0,1,0,0,0,0
4.1,10,17.901313532403766,181.685717946981,0,1,0,0,0,0
4.1,10,18.263553391491698,162.2455291536184,0,1,0,0,0,0
4.1,10,18.34704173664033,108.3752301610993,0,1,0,0,0,0
4.1,10,18.32236712662184,110.2637172527019,0,1,0,0,0,0
4.1,10,18.17905600833613,206.7106326381937,0,1,0,0,0,0
4.1,10,18.1945711096941,86.7979376149772,0,1,0,0,0,0
4.1,10,20.065834342255684,503.8856262904735,0,1,0,0,0,0
4.1,10,19.97113461353036,173.08829512805153,0,1,0,0,0,0
4.1,10,20.144029063505847,96.02388977517344,0,1,0,0,0,0
4.1,10,19.48265534251815,614.173819587889,0,1,0,0,0,0
4.1,10,18.92098395867464,260.62023440777347,0,1,0,0,0,0
4.1,10,18.57973491574247,450.3289130201844,0,0,0,1,0,0
4.1,10,18.377871220812462,147.92426474750943,0,0,0,1,0,0
4.1,10,18.639894345633323,172.89042491637522,0,1,0,0,0,0
4.1,10,18.17955826886647,603.303605923747,0,1,0,0,0,0
4.1,10,17.764981699761687,559.3186672983068,0,1,0,0,0,0
4.1,10,18.049864705667247,288.44226930032187,0,1,0,0,0,0
4.1,10,18.187168844802017,1551.2810007385287,0,1,0,0,0,0
4.1,10,16.523458742132497,6323.53534976653,0,0,0,1,0,0
4.1,10,20.54168707579744,207.3395335873389,0,1,0,0,0,0
4.1,10,18.951167398567407,315.0799049298802,0,1,0,0,0,0
4.1,10,19.046160225326272,174.18991059376975,0,1,0,0,0,0
4.1,10,19.05189546024951,168.79104318281844,0,1,0,0,0,0
4.1,10,19.938695200862703,338.91539867889986,0,1,0,0,0,0
4.1,10,19.07681240703997,997.6156886305278,0,1,0,0,0,0
4.1,10,18.81137576796143,585.0426686455694,0,0,0,1,0,0
4.1,10,18.683403074700877,448.39062579001,0,1,0,0,0,0
4.1,10,18.414025243064305,297.0186360524183,0,1,0,0,0,0
4.1,10,18.270153566423957,351.3298038360153,0,1,0,0,0,0
4.1,10,18.70753153972044,1043.6146125061075,0,1,0,0,0,0
4.1,10,18.591142466037613,266.46329959554686,0,1,0,0,0,0
4.1,10,18.289022188345637,152.87051309941165,0,1,0,0,0,0
4.1,10,18.143937902132365,48.23436522752555,0,1,0,0,0,0
4.1,10,18.353375512740843,145.75905764797676,0,1,0,0,0,0
4.1,10,18.6170658660119,574.0222567871773,0,1,0,0,0,0
4.1,10,18.500558143064527,462.6985561103636,0,1,0,0,0,0
4.1,10,18.76386187317657,143.78908318548562,0,1,0,0,0,0
4.1,10,18.78799782136592,116.618385097975,0,1,0,0,0,0
4.1,10,18.51744673470769,109.66209422114962,0,1,0,0,0,0
4.1,10,18.342601369134613,178.05362514009795,0,1,0,0,0,0
4.1,10,18.129858307337223,94.9799257066089,0,1,0,0,0,0
4.1,10,18.778956356516925,407.2961524764308,0,1,0,0,0,1
4.1,10,19.060850045281818,166.87428003823243,0,1,0,0,0,0
4.1,10,19.066681536627005,164.69563476836967,0,1,0,0,0,0
4.1,10,19.068645820203034,151.8044452301573,0,1,0,0,0,0
4.1,10,19.06217983773901,125.799172938717,0,1,0,0,0,0
4.1,10,19.055968499615304,102.07686936591442,0,1,0,0,0,0
4.1,10,19.04918771644144,78.59678192172733,0,1,0,0,0,0
4.1,10,19.04488752392838,56.604786875761775,0,1,0,0,0,0
4.1,10,19.071691369401623,166.99392241318526,0,1,0,0,0,0
4.1,10,18.999646391570614,457.44205311413856,0,1,0,0,0,0
4.1,10,19.013542572768458,21.56738985700975,0,1,0,0,0,0
4.1,10,18.71544823368763,194.30567018005897,0,1,0,0,0,0
4.1,10,18.51577947393647,103.93256074075109,0,1,0,0,0,0
4.1,10,18.37050891660711,376.1553690785849,0,1,0,0,0,0
4.1,10,18.62822398444917,38.63805908388845,0,1,0,0,0,0
4.1,10,18.290261424303768,156.05617373151222,0,1,0,0,0,0
4.1,10,18.530859489648297,142.9996690651282,0,1,0,0,0,0
4.1,10,18.176976807938075,57.46002522020946,0,1,0,0,0,0
4.1,10,18.84822465164393,295.4167736768362,0,1,0,0,0,0
4.1,10,18.76783758503619,135.2092406081131,0,1,0,0,0,0
4.1,10,18.40413062558115,10.40211538141956,0,1,0,0,0,0
4.1,10,18.409749633985243,4.866864526148122,0,1,0,0,0,0
4.1,10,18.418753882995823,19.2567944936028,0,1,0,0,0,0
4.1,10,18.440861074356004,40.31044993573352,0,1,0,0,0,0
4.1,10,18.460252124274216,10.389974151149223,0,1,0,0,0,0
4.1,10,18.403951714896152,98.62059233657678,0,1,0,0,0,0
4.1,10,18.555699289678675,272.5263142274971,0,1,0,0,0,0
4.1,10,18.80944920218114,95.49417191660226,0,1,0,0,0,0
4.1,10,18.77934694778082,73.4104335421966,0,1,0,0,0,0
4.1,10,18.21402083118905,61.350936850647344,0,1,0,0,0,0
4.1,10,18.706107838186487,53.34747988423379,0,1,0,0,0,0
4.1,10,18.693359756390947,110.45204355891543,0,1,0,0,0,0
4.1,10,18.69158126956869,123.71803542977716,0,1,0,0,0,0
4.1,10,19.293141943125885,211.929286371033,0,1,0,0,0,0
4.1,10,19.253378532159918,55.05326640022229,0,1,0,0,0,0
4.1,10,19.33397581278562,160.08069279923853,0,1,0,0,0,0
4.1,10,19.321761688078908,107.88120366830402,0,1,0,0,0,0
4.1,10,19.369204408781368,141.93507301639997,0,1,0,0,0,0
4.1,10,19.428547144066304,218.9342208932392,0,1,0,0,0,0
4.1,10,19.460955173812465,318.2377257654758,0,1,0,0,0,0
4.1,10,19.42311190424292,65.50108076079371,0,1,0,0,0,0
4.1,10,19.496899737950137,169.93895702839015,0,1,0,0,0,0
4.1,10,19.25896355855264,31.91976116110396,0,1,0,0,0,0
4.1,10,19.351735899703705,146.747036092765,0,1,0,0,0,0
4.1,10,19.43499826696642,90.23944774360154,0,1,0,0,0,0
4.1,10,19.207764867417357,63.17486476395676,0,1,0,0,0,0
4.1,10,19.573653326911465,101.90765947580906,0,1,0,0,0,0
4.1,10,19.839117701448867,150.08706525981862,0,1,0,0,0,0
4.1,10,19.756361215703222,249.5550753227613,0,1,0,0,0,0
4.1,10,19.92522894064589,73.91366809835739,0,1,0,0,0,0
4.1,10,19.66970000709307,95.33840101389411,0,1,0,0,0,0
4.1,10,19.792079057560198,68.57956794773244,0,1,0,0,0,0
4.1,10,19.535695360916467,62.03404465179702,0,1,0,0,0,0
4.1,10,19.552949878307164,49.2548434956986,0,1,0,0,0,0
4.1,10,19.70675140447292,22.81853136014091,0,1,0,0,0,0
4.1,10,19.60861131885313,165.87665564796873,0,1,0,0,0,0
4.1,10,19.36951268610101,22.33084536757421,0,1,0,0,0,0
4.1,10,19.285340801699817,150.30045821377425,0,1,0,0,0,0
4.1,10,19.58183048812619,423.4407711162691,0,1,0,0,0,0
4.1,10,19.36300128695628,9.859346248894395,0,0,0,1,0,0
4.1,10,19.53269388283505,68.88191267253542,0,1,0,0,0,0
4.1,10,19.68591745076387,11.708724725380728,0,1,0,0,0,0
4.1,10,19.538410075121924,29.67434973031985,0,1,0,0,0,0
4.1,10,19.384692969191587,113.9213491750493,0,1,0,0,0,0
4.1,10,18.85641949129348,74.69605329948737,0,1,0,0,0,0
4.1,10,19.071678602252888,84.70025013354173,0,1,0,0,0,0
4.1,10,19.05278034340296,126.85804608194988,0,1,0,0,0,0
4.1,10,19.029756308529315,179.79611784042334,0,1,0,0,0,0
4.1,10,19.029653010613128,189.1263887777078,0,1,0,0,0,0
4.1,10,19.21230019071491,345.29160170564785,0,1,0,0,0,0
4.1,10,19.12806108159276,364.2503418785335,0,1,0,0,0,0
4.1,10,19.09660871242895,115.95617069839597,0,1,0,0,0,0
4.1,10,19.053731459846247,246.79967411889223,0,1,0,0,0,0
4.1,10,19.005453040531567,392.4555722476625,0,1,0,0,0,0
4.1,10,18.944261041534904,314.1727972726157,0,1,0,0,0,0
4.1,10,18.897367184149942,323.38148950406867,0,1,0,0,0,0
4.1,10,18.867352918771267,396.50576048301264,0,1,0,0,0,0
4.1,10,18.83297230749752,403.71766391510096,0,1,0,0,0,0
4.1,10,18.832534761741496,101.56159646997015,0,1,0,0,0,0
4.1,10,18.777606998563137,312.21308619453544,0,1,0,0,0,0
4.1,10,19.121952972157164,476.30222233959415,0,1,0,0,0,0
4.1,10,19.167232234108575,237.2429327688839,0,1,0,0,0,0
4.1,10,18.994132917298227,168.25362510688723,0,1,0,0,0,0
4.1,10,18.88949551729598,133.63115267247608,0,1,0,0,0,0
4.1,10,18.961699112165835,367.5474099397966,0,1,0,0,0,0
4.1,10,18.813794785634865,80.57724163097706,0,1,0,0,0,0
4.1,10,19.019441596215124,20.025454639654978,0,1,0,0,0,0
4.1,10,19.092153239872125,238.3460675613329,0,1,0,0,0,0
4.1,10,18.84490412699127,52.804678422687495,0,1,0,0,0,0
4.1,10,18.81740092458001,53.72604755025077,0,1,0,0,0,0
4.1,10,18.78290368486856,55.17555053962507,0,1,0,0,0,0
4.1,10,18.745870332204323,51.096573757085736,0,1,0,0,0,0
4.1,10,18.71022020992578,53.771021460201446,0,1,0,0,0,0
4.1,10,19.32295837253616,10.445665613296756,0,0,0,1,0,0
4.1,10,18.266258374804345,386.7491547556504,0,1,0,0,0,0
4.1,10,18.05605939133697,301.7835977606509,0,1,0,0,0,0
4.1,10,18.545453057121264,488.9865688872009,0,1,0,0,0,0
4.1,10,18.40256098678644,333.29012402655985,0,1,0,0,0,0
4.1,10,19.038679599554303,180.41861717259505,0,1,0,0,0,0
4.1,10,19.0435210945614,183.9335980304108,0,1,0,0,0,0
4.1,10,19.02070122353635,289.2477097719881,0,1,0,0,0,0
4.1,10,19.20439986972306,57.547915113973154,0,1,0,0,0,0
4.1,10,19.133701230589,680.616141132548,0,0,0,1,0,1
4.1,10,18.91433108764937,297.99887526911454,0,1,0,0,0,0
4.1,10,19.015491646725597,289.66793650378384,0,1,0,0,0,0
4.1,10,18.25408412963081,68.06059896218883,0,1,0,0,0,0
4.1,10,18.38155057787844,555.9518879153019,0,1,0,0,0,0
4.1,10,19.31130973124902,523.1309353832849,0,1,0,0,0,0
4.1,10,19.116334127811957,392.3361174753392,0,1,0,0,0,0
4.1,10,19.16700641096533,478.4916138863943,0,1,0,0,0,0
4.1,10,18.792109673028158,542.8424193136254,0,1,0,0,0,0
4.1,10,18.771482629280573,474.4672894092341,0,1,0,0,0,0
4.1,10,18.711642519571715,397.5723706551664,0,1,0,0,0,0
4.1,10,18.944392024202408,380.903853154518,0,1,0,0,0,0
4.1,10,19.141981600155585,281.0557684969808,0,1,0,0,0,0
4.1,10,18.40607981257846,582.189103061495,0,1,0,0,0,0
4.1,10,18.522153714155788,482.19580486910814,0,1,0,0,0,0
4.1,10,18.52147185217755,154.62420219474447,0,1,0,0,0,0
4.1,10,18.14128090717122,743.3319287736381,0,1,0,0,0,0
4.1,10,18.58652427254116,487.3751643053101,0,1,0,0,0,0
4.1,10,19.386460907015323,53.66399837083236,0,1,0,0,0,0
4.1,10,18.835777389455775,114.6642656107552,0,1,0,0,0,0
4.1,10,18.65425217909995,821.8158112148539,0,1,0,0,0,0
4.1,10,18.720318112525863,359.07737553963443,0,1,0,0,0,0
4.1,10,19.541387396223435,78.61868759385733,0,1,0,0,0,0
4.1,10,18.796649408240924,67.10995836785781,0,0,0,1,0,1
4.1,10,19.49886710608145,61.41516001032839,0,1,0,0,0,0
4.1,10,19.57704300629603,49.86721095144765,0,1,0,0,0,0
4.1,10,19.140472484878018,689.6010761785077,0,0,0,1,0,1
4.1,10,18.76428608772568,85.9770618776419,0,0,0,1,0,1
4.1,10,18.859383265031312,236.35683555229724,0,0,0,1,0,1
4.1,10,18.89225960171797,356.26545088737,0,1,0,0,0,0
4.1,10,18.82517978088263,84.4156753707633,0,1,0,0,0,0
4.1,10,18.79517747731457,96.07442198720288,0,1,0,0,0,0
4.1,10,18.763217177900017,103.29012530347288,0,1,0,0,0,0
4.1,10,18.725557962754333,99.5413444351358,0,1,0,0,0,0
4.1,10,18.691034219236435,98.08845487247012,0,1,0,0,0,0
4.1,10,18.65571531342176,96.13900458624732,0,1,0,0,0,0
4.1,10,18.57911608613429,383.8949740362336,0,0,0,1,0,0
4.1,10,19.16541564177624,59.787142427840045,0,1,0,0,0,0
4.1,10,18.857967244084563,543.2516528974855,0,0,0,1,0,1
4.1,10,18.84591783738932,543.4183923755063,0,0,0,1,0,1
4.1,10,19.343562921110035,357.47276325067133,0,1,0,0,0,0
4.1,10,19.113199546419963,425.2612203791378,0,1,0,0,0,0
4.1,10,19.307309017488517,167.9387380391797,0,1,0,0,0,0
4.1,10,19.1523658032034,253.4696294309571,0,1,0,0,0,0
4.1,10,19.0187529542752,50.24979079494046,0,1,0,0,0,0
4.1,10,19.09770321699398,248.63148001158788,0,1,0,0,0,0
4.1,10,19.069627622934,247.8655308862033,0,1,0,0,0,0
4.1,10,19.042857076168698,247.136623703596,0,1,0,0,0,0
4.1,10,19.234481615144052,286.3001836567529,0,1,0,0,0,0
4.1,10,19.417093220163554,102.00847846943032,0,1,0,0,0,0
4.1,10,19.36395365264445,103.71541525585263,0,1,0,0,0,0
4.1,10,19.38853374815463,66.17318224454047,0,1,0,0,0,0
4.1,10,19.088755343709156,48.967517615998354,0,1,0,0,0,0
4.1,10,19.20448586441369,147.5863031340748,0,1,0,0,0,0
4.1,10,18.954515341199368,142.63944724828372,0,1,0,0,0,0
4.1,10,19.233314173960235,72.54196598919837,0,1,0,0,0,0
4.1,10,19.292390287416165,137.2880183872037,0,1,0,0,0,0
4.1,10,19.25531356053552,90.84009547529092,0,1,0,0,0,0
4.1,10,19.226033495197544,58.58920510496765,0,1,0,0,0,0
4.1,10,18.84162389327546,49.47518556315697,0,0,0,1,0,1
4.1,10,19.387001753580783,325.74736812908213,0,1,0,0,0,0
4.1,10,19.28839181597228,16.85187433865937,0,1,0,0,0,0
4.1,10,19.09900339231971,374.1239986970682,0,1,0,0,0,0
4.1,10,19.29117715289069,68.38986699488058,0,1,0,0,1,0
4.1,10,19.21505709196142,268.2828216432546,0,1,0,0,0,0
4.1,10,19.193863823586646,45.14650021025669,0,1,0,0,0,0
4.1,10,19.179913666258223,253.26538336450253,0,1,0,0,0,0
4.1,10,19.058617028044623,47.22579580392896,0,1,0,0,0,0
4.1,10,19.359926115578823,66.80912091258041,0,1,0,0,0,0
4.1,10,18.916825915360103,298.76943158125874,0,1,0,0,0,0
4.1,10,18.8428140553017,239.7548088158823,0,0,0,1,0,1
4.1,10,18.67805161473905,348.0486746073271,0,1,0,0,0,0
4.1,10,18.66803853861983,68.05637434431758,0,1,0,0,0,0
4.1,10,18.46111306339924,190.65664078200945,0,1,0,0,0,0
4.1,10,18.41135939226568,182.4416113542419,0,1,0,0,0,0
4.1,10,18.306403132607475,100.6726743955389,0,1,0,0,0,0
4.1,10,18.53206526483969,172.66747134732034,0,1,0,0,0,0
4.1,10,18.946589577017583,121.75201805521124,0,1,0,0,0,0
4.1,10,18.68294443621771,437.79949131037904,0,1,0,0,0,0
4.1,10,18.834168362624016,175.1871250667246,0,1,0,0,0,0
4.1,10,18.730688829421783,153.67726535448995,0,1,0,0,0,0
4.1,10,18.447670297389383,406.95522005389614,0,1,0,0,0,0
4.1,10,18.64424414141327,647.0151424227901,0,0,0,1,0,1
4.1,10,18.71193788357765,105.53030227134514,0,1,0,0,0,0
4.1,10,18.745450316242724,88.37707826612642,0,1,0,0,0,0
4.1,10,18.69271152815516,142.48892586436543,0,1,0,0,0,0
4.1,10,18.753027001586723,53.552563420753,0,0,0,1,0,1
4.1,10,18.608360619232464,230.48893074763456,0,1,0,0,0,0
4.1,10,18.63668256561215,176.66628962126845,0,1,0,0,0,0
4.1,10,18.614017959034083,280.1826914556504,0,1,0,0,0,0
4.1,10,18.55039530295071,227.93522660798703,0,1,0,0,0,0
4.1,10,18.275629836811824,337.78158944577865,0,1,0,0,0,0
4.1,10,18.301160854971307,198.0558581272249,0,1,0,0,0,0
4.1,10,18.296326353657616,92.9685533310696,0,1,0,0,0,0
4.1,10,18.58366394562761,132.09678376729846,0,1,0,0,0,0
4.1,10,18.35981476606645,239.87363905342303,0,1,0,0,0,0
4.1,10,18.54505615061842,132.24469282695796,0,1,0,0,0,0
4.1,10,18.787449308833978,82.6099235469845,0,1,0,0,0,0
4.1,10,18.341092315922708,116.55097864567163,0,1,0,0,0,0
4.1,10,18.441635889017054,129.88593860476365,0,1,0,0,0,0
4.1,10,18.5385789148951,206.3021102449385,0,1,0,0,0,0
4.1,10,18.60366114944662,67.14029293376628,0,1,0,0,0,0
4.1,10,18.62355219879449,102.44650753891383,0,1,0,0,0,0
4.1,10,18.75833296892095,125.84503582325672,0,1,0,0,0,0
4.1,10,18.68466483198097,165.48074019894648,0,1,0,0,0,0
4.1,10,18.247180015976134,93.12864883370308,0,1,0,0,0,0
4.1,10,18.652666599125368,142.47072825286,0,1,0,0,0,0
4.1,10,18.59354030620743,148.8245203558755,0,1,0,0,0,0
4.1,10,18.656225928679795,646.3106488757546,0,0,0,1,0,1
4.1,10,18.919965627920096,16.425038692552807,0,1,0,0,0,0
4.1,10,18.37344822735691,95.46136159965096,0,1,0,0,0,0
4.1,10,18.71526034881407,49.51408319660776,0,1,0,0,0,0
4.1,10,18.782334462918246,283.15376414831087,0,1,0,0,0,0
4.1,10,18.90978718182989,125.22091555911402,0,1,0,0,0,0
4.1,10,18.81758036558612,17.096434403531404,0,1,0,0,0,0
4.1,10,18.755615453618304,112.2659280971001,0,1,0,0,0,0
4.1,10,18.594268776004213,271.5266698576598,0,1,0,0,0,0
4.1,10,18.534302788272225,325.8557145796589,0,1,0,0,0,0
4.1,10,18.452946718684384,437.1304051534068,0,1,0,0,0,0
4.1,10,18.41906447609039,435.5210603149883,0,1,0,0,0,0
4.1,10,18.38628801296838,435.8743878639514,0,1,0,0,0,0
4.1,10,18.76200815853405,131.34217124867797,0,1,0,0,0,0
4.1,10,18.599463430090644,165.97591985358972,0,1,0,0,0,0
4.1,10,18.548678787837652,90.5586593081346,0,1,0,0,0,0
4.1,10,18.51258452447593,88.90754320872765,0,1,0,0,0,0
4.1,10,18.47221876222956,100.85997636962772,0,1,0,0,0,0
4.1,10,18.435567857402862,94.04267602050732,0,1,0,0,0,0
4.1,10,18.401455558729143,92.63296432265504,0,1,0,0,0,0
4.1,10,18.617075669074325,125.03965996132676,0,1,0,0,0,0
4.1,10,18.806646915209217,295.6495779284899,0,1,0,0,0,0
4.1,10,18.51453576499696,56.40569967148329,0,1,0,0,0,0
4.1,10,18.88609707639836,98.332438352889,0,1,0,0,0,0
4.1,10,18.36054069155665,105.01134720175348,0,1,0,0,0,0
4.1,10,18.840017444913617,230.4806001210848,0,1,0,0,0,0
4.1,10,18.659887038467183,60.93638653445986,0,1,0,0,0,0
4.1,10,18.771321138487515,135.75197256882086,0,1,0,0,0,0
4.1,10,18.732599877124137,143.05432985130176,0,1,0,0,0,0
4.1,10,18.83107933506176,82.57482320875746,0,1,0,0,0,0
4.1,10,18.82111688046655,48.36925148724523,0,1,0,0,0,0
4.1,10,18.897821117812384,164.7300202733869,0,1,0,0,0,0
4.1,10,18.557629189681823,323.7818974642692,0,1,0,0,0,0
4.1,10,18.85253998270433,62.30229373798456,0,1,0,0,0,0
4.1,10,18.77734511830543,47.03336235179359,0,1,0,0,0,0
4.1,10,18.56844453801111,160.40937956084534,0,1,0,0,0,0
4.1,10,18.741024200592648,51.704434440252975,0,1,0,0,0,0
4.1,10,18.705907804199427,53.99663088072204,0,1,0,0,0,0
4.1,10,18.674448665186876,40.53349282836283,0,1,0,0,0,0
4.1,10,18.669581982068557,150.93849806539748,0,1,0,0,0,0
4.1,10,18.64076130500636,54.62495135776423,0,1,0,0,0,0
4.1,10,18.657295766130147,11.382587706409172,0,1,0,0,0,0
4.1,10,18.63656132158198,51.97155604483359,0,1,0,0,0,0
4.1,10,18.589303471386188,93.62006806520868,0,1,0,0,0,0
4.1,10,18.810881657595544,53.224880051362405,0,1,0,0,0,0
4.1,10,18.740332192964395,58.087395579204426,0,1,0,0,0,0
4.1,10,18.7600274577454,5.178142638748127,0,1,0,0,0,0
4.1,10,18.75238135324042,107.24050846712194,0,1,0,0,0,0
4.1,10,18.828172260488664,49.677502900901416,0,1,0,0,0,0
4.1,10,18.850383864102817,100.14248576876382,0,1,0,0,0,0
4.1,10,18.802059607158427,29.074644220281005,0,1,0,0,0,0
4.1,10,18.77521813629213,416.2458352254769,0,1,0,0,0,1
4.1,10,18.70723822648265,131.0896041651655,0,1,0,0,0,0
4.1,10,18.666546880494064,130.68582651649203,0,1,0,0,0,0
4.1,10,18.372365815495197,58.94536063916712,0,1,0,0,0,0
4.1,10,18.80624576636654,59.60824589398626,0,1,0,0,0,0
4.1,10,17.830324934248406,281.61109898688323,0,1,0,0,0,0
4.1,10,18.15497975289649,602.9557959866142,0,1,0,0,0,0
4.1,10,17.828140403941642,258.21799833248,0,1,0,0,0,0
4.1,10,18.41917053485205,60.51928415590423,0,1,0,0,0,0
4.1,10,17.76902949971808,247.7330965141468,0,1,0,0,0,0
4.1,10,17.92722648692626,136.04256683669345,0,1,0,0,0,0
4.1,10,17.662946395596187,82.6523683544678,0,1,0,0,0,0
4.1,10,18.06841126183036,158.37435305811198,0,1,0,0,0,0
4.1,10,18.108844400023045,245.121806126932,0,1,0,0,0,0
4.1,10,18.21761109014036,191.3953272796469,0,1,0,0,0,0
4.1,10,18.355846115846973,200.585222135854,0,1,0,0,0,0
4.1,10,18.137824345121548,107.93167809924756,0,1,0,0,0,0
4.1,10,17.85525212980231,186.1656889312268,0,1,0,0,0,0
4.1,10,18.40254330406764,309.04261617519586,0,1,0,0,0,0
4.1,10,18.35297205677739,309.03727025670383,0,1,0,0,0,0
4.1,10,18.27121174777612,205.28460810189583,0,1,0,0,0,0
4.1,10,18.406675267097132,666.1143299174937,0,1,0,0,0,0
4.1,10,17.843937872867166,1148.045406550121,0,0,0,1,0,0
4.1,10,17.516439951136885,392.7309410525936,0,1,0,0,0,0
4.1,10,17.05246446727274,925.7307077426668,0,1,0,0,0,0
4.1,10,17.567051718513788,213.01840796395075,0,1,0,0,0,0
4.1,10,17.285488671278216,224.2329700864817,0,1,0,0,0,0
4.1,10,17.539245199802494,714.0871947471072,0,1,0,0,0,0
4.1,10,17.570111691435258,320.8380498169634,0,1,0,0,0,0
4.1,10,17.130634069912354,162.8338030719243,0,1,0,0,0,0
4.1,10,17.99588638798806,275.5818422338842,0,1,0,0,0,0
4.1,10,17.175423001655936,158.08764843946688,0,1,0,0,0,0
4.1,10,17.601157983081382,143.145981715008,0,1,0,0,0,0
4.1,10,18.074334399177896,132.16615926092692,0,1,0,0,0,0
4.1,10,17.901360728169738,301.6410222913179,0,1,0,0,0,0
4.1,10,18.21036304347564,223.7028791361436,0,1,0,0,0,0
4.1,10,17.979892259578296,168.55270251788414,0,1,0,0,0,0
4.1,10,17.616673976729643,111.08851942197217,0,1,0,0,0,0
4.1,10,18.439502631268223,194.124153019082,0,1,0,0,0,0
4.1,10,18.13802941700993,621.71672649638,0,1,0,0,0,0
4.1,10,17.79300116996011,212.66978132061783,0,1,0,0,0,0
4.1,10,17.200027440516383,1817.6508429579208,0,0,1,0,0,0
4.1,10,18.32619987323024,611.8598564137336,0,1,0,0,0,0
4.1,10,17.20733909300083,106.89937375770512,0,1,0,0,0,0
4.1,10,17.812376254425182,174.2920873945938,0,1,0,0,0,0
4.1,10,17.85879213975247,108.7745855943763,0,1,0,0,0,0
4.1,10,17.72985597127482,164.32016643653935,0,1,0,0,0,0
4.1,10,18.4778889363514,75.58998478395304,0,1,0,0,0,0
4.1,10,17.815216485413956,107.41276377379911,0,1,0,0,0,0
4.1,10,18.019801508820823,274.9144518725509,0,1,0,0,0,1
4.1,10,18.150037589315744,529.1275393554573,0,0,1,0,0,1
4.1,10,18.181574457097582,342.5408694010042,0,1,0,0,0,0
4.1,10,17.95206432772519,325.86968158380296,0,1,0,0,0,0
4.1,10,18.10018921703746,281.4129280605958,0,1,0,0,0,0
4.1,10,18.03224473373669,197.0998987905971,0,1,0,0,0,0
4.1,10,18.033929205825768,109.96087369856204,0,1,0,0,0,0
4.1,10,18.00157456103823,111.82200397258042,0,1,0,0,0,0
4.1,10,18.05861677193182,167.08059692636547,0,1,0,0,0,0
4.1,10,17.91402048892964,137.2840716438854,0,1,0,0,0,0
4.1,10,17.848757793635215,185.82143848122053,0,1,0,0,0,0
4.1,10,18.28377662824228,449.659431729813,0,1,0,0,0,0
4.1,10,18.224710152478306,207.18844603480537,0,1,0,0,0,0
4.1,10,18.47467686761768,149.5819345464325,0,1,0,0,0,0
4.1,10,18.43051780684821,142.9497232316808,0,1,0,0,0,0
4.1,10,18.39479930167239,137.22066236118386,0,1,0,0,0,0
4.1,10,18.08884804570192,301.72083782815605,0,1,0,0,0,0
4.1,10,18.214787316924564,282.1303038827256,0,1,0,0,0,0
4.1,10,18.13090914380992,179.64139092792274,0,1,0,0,0,0
4.1,10,18.239139872561665,330.68472609443387,0,1,0,0,0,0
4.1,10,17.81451528047748,54.802228401595954,0,1,0,0,0,0
4.1,10,17.834021572934212,80.97804881921182,0,1,0,0,0,0
4.1,10,18.30224306887148,149.00924248235287,0,1,0,0,0,0
4.1,10,18.16040818090632,523.5179624720018,0,0,1,0,0,1
4.1,10,17.8500832541307,266.4159882802124,0,1,0,0,0,0
4.1,10,18.06472149138147,118.55938776410886,0,1,0,0,0,0
4.1,10,18.064244613273583,102.49271793862742,0,1,0,0,0,0
4.1,10,18.10336801486387,102.6313899373674,0,1,0,0,0,0
4.1,10,18.143545020457317,102.77762751378457,0,1,0,0,0,0
4.1,10,17.98717636033239,12.15642617461211,0,1,0,0,0,0
4.1,10,18.150749955805523,67.81008893039231,0,1,0,0,0,0
4.1,10,18.101713480009256,119.46277033426176,0,1,0,0,0,0
4.1,10,18.02910271148309,119.43775943390054,0,1,0,0,0,0
4.1,10,17.899429360532963,116.09807891110005,0,1,0,0,0,0
4.1,10,17.94825985886243,78.96923436332382,0,0,1,0,0,1
4.1,10,17.95163398877021,88.44148134280509,0,0,1,0,0,1
4.1,10,18.12928019807704,61.58987576453698,0,1,0,0,0,0
4.1,10,18.13958205530943,34.88195684675375,0,1,0,0,0,0
4.1,10,17.85177175595394,153.5471953992356,0,1,0,0,0,1
4.1,10,17.96402623795556,429.4785627863166,0,1,0,0,0,1
4.1,10,17.75822037179231,81.00903959715195,0,1,0,0,0,0
4.1,10,17.645108093521966,298.6594602187789,0,1,0,0,0,0
4.1,10,17.564725303529492,256.4437208865485,0,1,0,0,0,0
4.1,10,17.830366964181326,53.57540186367336,0,1,0,0,0,0
4.1,10,17.908212693833182,12.545835786546716,0,1,0,0,0,0
4.1,10,17.282833859338776,129.87589485358723,0,1,0,0,0,0
4.1,10,17.31077820508539,81.94751743566235,0,1,0,0,0,0
4.1,10,17.505564872223516,133.05287877601376,0,1,0,0,0,0
4.1,10,17.82369901419747,216.8691243446417,0,1,0,0,0,0
4.1,10,17.673167254255585,71.5820942487265,0,1,0,0,0,0
4.1,10,17.80381290358805,36.12950673959392,0,1,0,0,0,0
4.1,10,17.43936374609561,128.13799226984702,0,1,0,0,0,0
4.1,10,17.199144642567603,84.201082914343,0,1,0,0,0,0
4.1,10,17.625668026428645,89.04201621066241,0,1,0,0,0,0
4.1,10,18.404178649119995,294.1934567503435,0,1,0,0,0,0
4.1,10,18.02653891035369,694.6964989681711,0,1,0,0,0,0
4.1,10,18.461567513169975,230.3541069155013,0,1,0,0,0,0
4.1,10,18.014600600004293,102.30168665306276,0,1,0,0,0,0
4.1,10,18.29139457418144,1017.9854883298392,0,1,0,0,0,0
4.1,10,18.40175254736805,181.5559374902841,0,1,0,0,0,0
4.1,10,18.53788947317363,242.6403501865452,0,1,0,0,0,0
4.1,10,17.978351413983393,142.5925264018678,0,1,0,0,0,0
4.1,10,18.044976856932365,58.36349363387849,0,1,0,0,0,0
4.1,10,17.77523260926387,283.0203635891769,0,1,0,0,0,0
4.1,10,18.198902427800235,419.4911416956109,0,1,0,0,0,0
4.1,10,18.24707824017763,614.2935498188604,0,1,0,0,0,0
4.1,10,18.0422406106446,72.31286774709106,0,1,0,0,0,0
4.1,10,18.143504670622352,213.12298610037828,0,1,0,0,0,0
4.1,10,17.911951678870633,210.0187658190502,0,1,0,0,0,0
4.1,10,17.917281704984557,64.19275963302701,0,1,0,0,0,0
4.1,10,18.301023303098425,83.87739660582677,0,1,0,0,0,0
4.1,10,18.10007553589337,152.2918927187252,0,1,0,0,0,0
4.1,10,18.188986123702065,33.49287529119075,0,1,0,0,0,0
4.1,10,18.23321813463396,141.09310649467085,0,1,0,0,0,0
4.1,10,18.28385425649703,78.04780663940204,0,1,0,0,0,0
4.1,10,18.311852660984663,63.87397994045271,0,1,0,0,0,0
4.1,10,18.032944377333745,107.15288816484446,0,1,0,0,0,0
4.1,10,18.00855121390843,39.847945868662,0,1,0,0,0,0
4.1,10,17.855771596054115,176.42467690443075,0,1,0,0,0,0
4.1,10,17.68651832429123,481.4752330524368,0,1,0,0,0,0
4.1,10,17.38689959911251,185.7775000941765,0,1,0,0,0,0
4.1,10,17.4206222202038,50.9757371295788,0,1,0,0,0,0
4.1,10,17.48756534896361,173.77786849630203,0,1,0,0,0,0
4.1,10,17.548978148758835,72.98439750209786,0,1,0,0,0,0
4.1,10,17.40297564263406,121.10738065843267,0,1,0,0,0,0
4.1,10,17.51985403594133,204.24429862684343,0,1,0,0,0,0
4.1,10,17.39826790610427,69.00757033915414,0,1,0,0,0,0
4.1,10,17.36640901985894,55.78533442707851,0,1,0,0,0,0
4.1,10,17.887367277911547,106.5714477853353,0,1,0,0,0,0
4.1,10,17.294908958478057,115.16079400966468,0,1,0,0,0,0
4.1,10,17.357908557355653,51.01100433497244,0,1,0,0,0,0
4.1,10,17.38933938891767,46.09756085673724,0,1,0,0,0,0
4.1,10,16.662499922395327,1474.7363894818122,0,1,0,0,0,0
4.1,10,17.30534036765252,1215.6618341911148,0,1,0,0,0,0
4.1,10,17.477328270354825,626.1120437587484,0,1,0,0,0,0
4.1,10,17.44341463417325,223.58261896272955,0,1,0,0,0,0
4.1,10,17.104983116842007,160.38035425561233,0,1,0,0,0,0
4.1,10,16.86648525909066,417.534923952277,0,1,0,0,0,0
4.1,10,16.547687627946676,449.848065897236,0,1,0,0,0,0
4.1,10,16.93598706281246,449.8706148244356,0,1,0,0,0,0
4.1,10,17.250211311372723,139.7051874391766,0,1,0,0,0,0
4.1,10,17.32356889267306,92.31663071099445,0,1,0,0,0,0
4.1,10,17.099170975521716,191.87139755674843,0,1,0,0,0,0
4.1,10,17.09440613872504,330.8247985194811,0,1,0,0,0,0
4.1,10,17.210141295256317,68.64468911790178,0,1,0,0,0,0
4.1,10,17.343389435657432,11.159939262115236,0,1,0,0,0,0
4.1,10,17.176050843146953,27.550699658095485,0,1,0,0,0,0
4.1,10,17.159151265226665,79.80847881303457,0,1,0,0,0,0
4.1,10,17.151802502134505,51.40479866668604,0,1,0,0,0,0
4.1,10,16.941126224489057,156.98493751895327,0,1,0,0,0,0
4.1,10,16.99320120677956,45.09481145757334,0,1,0,0,0,0
4.1,10,17.098841243367676,114.5201459617018,0,1,0,0,0,0
4.1,10,18.550450778193007,237.69646317656893,0,1,0,0,0,0
4.1,10,18.42831635198893,205.4645489509765,0,1,0,0,0,0
4.1,10,18.615251418084704,67.00967213242843,0,1,0,0,0,0
4.1,10,18.61768961118824,137.3064331472332,0,1,0,0,0,0
4.1,10,19.015180185674403,246.4071770872771,0,1,0,0,0,0
4.1,10,19.00795492779927,140.02540141537708,0,1,0,0,0,0
4.1,10,18.954548955989992,164.99356869188884,0,1,0,0,0,0
4.1,10,18.901269246492998,51.152418679653934,0,1,0,0,0,0
4.1,10,18.82259831982248,58.32213802067682,0,1,0,0,0,0
4.1,10,18.78086347526813,52.03340288350751,0,1,0,0,0,0
4.1,10,18.42065523355259,80.72642453020312,0,1,0,0,0,0
4.1,10,18.542401419135054,70.60619378016499,0,1,0,0,0,0
4.1,10,18.372217189829662,63.18423385120579,0,1,0,0,0,0
4.1,10,18.335502149999837,62.72479161258372,0,1,0,0,0,0
4.1,10,18.80234531156693,48.81194818428415,0,1,0,0,0,0
4.1,10,19.0252026802345,53.92028453759548,0,1,0,0,0,0
4.1,10,19.05702995716045,55.109515223173794,0,1,0,0,0,0
4.1,10,18.40308410178042,62.4868829295388,0,1,0,0,0,0
4.1,10,18.58289796508766,13.240335613385932,0,1,0,0,0,0
4.1,10,18.97811375659717,13.087822616648644,0,1,0,0,0,0
4.1,10,18.785460021953583,51.66892677864487,0,1,0,0,0,0
4.1,10,18.66300502581466,91.58254736072382,0,1,0,0,0,0
4.1,10,18.632260017505804,9.399080867028282,0,1,0,0,0,0
4.1,10,18.141065751793423,272.0169600319415,0,1,0,0,0,0
4.1,10,18.220931801293023,206.48058875830995,0,1,0,0,0,0
4.1,10,18.24040779873348,344.3554770457837,0,1,0,0,0,0
4.1,10,18.097463585178847,208.1187400203355,0,1,0,0,0,0
4.1,10,18.161643532821014,271.89688646074046,0,1,0,0,0,0
4.1,10,18.139046385996323,207.08417998805385,0,1,0,0,0,0
4.1,10,18.476384207891748,106.53361044326772,0,1,0,0,0,0
4.1,10,18.348100258540207,228.1002147066157,0,1,0,0,0,0
4.1,10,18.491664219973064,173.37012021340817,0,1,0,0,0,0
4.1,10,18.41470816680408,201.47495458182777,0,1,0,0,0,0
4.1,10,18.434582640889275,132.58914909018057,0,1,0,0,0,0
4.1,10,18.366793330902585,120.9707855713036,0,1,0,0,0,0
4.1,10,17.998328587298563,182.27745010325967,0,1,0,0,0,0
4.1,10,17.952637588491726,198.63056773878475,0,1,0,0,0,0
4.1,10,17.91503980104075,199.2233148670939,0,1,0,0,0,0
4.1,10,17.878147720962655,200.88906491539635,0,1,0,0,0,0
4.1,10,17.838536603432942,200.9230542799732,0,1,0,0,0,0
4.1,10,17.851926226838557,342.5449768741253,0,1,0,0,0,0
4.1,10,18.015791413303653,213.4096086278959,0,1,0,0,0,0
4.1,10,17.983726193614533,209.2361766432288,0,1,0,0,0,0
4.1,10,18.096827508819764,263.3161893017041,0,1,0,0,0,0
4.1,10,18.26072465014545,184.88912082637376,0,1,0,0,0,0
4.1,10,18.214997695965305,131.31174000032772,0,1,0,0,0,0
4.1,10,18.17602807004797,97.15474770945626,0,1,0,0,0,0
4.1,10,18.229590805356843,42.37501100727946,0,1,0,0,0,0
4.1,10,17.991196334694486,72.76617795418048,0,1,0,0,0,0
4.1,10,18.13305766453701,228.93868612648365,0,1,0,0,0,0
4.1,10,18.45320586368326,53.54050112726448,0,1,0,0,0,0
4.1,10,18.07376632273948,100.3174083228885,0,1,0,0,0,0
4.1,10,18.233409133254916,107.14240103573287,0,1,0,0,0,0
4.1,10,18.362310763088377,81.57948940056859,0,1,0,0,0,0
4.1,10,18.231421924280383,47.12180881715854,0,1,0,0,0,0
4.1,10,17.956442665137505,57.24159487724784,0,1,0,0,0,0
4.1,10,18.18404474903375,40.54293909207514,0,1,0,0,0,0
4.1,10,18.281158020790397,42.98575230795183,0,1,0,0,0,0
4.1,10,18.349563756555508,44.916215847802505,0,1,0,0,0,0
4.1,10,18.027004544578254,24.69833902146019,0,1,0,0,0,0
4.1,10,18.04123072879016,71.50012802800863,0,1,0,0,0,0
4.1,10,18.006725069838346,43.64047543212418,0,1,0,0,0,0
4.1,10,18.410264619250608,54.86512261833524,0,1,0,0,0,0
4.1,10,18.24857667794945,115.69433454772886,0,1,0,0,0,0
4.1,10,18.298302226836388,99.5066837718433,0,1,0,0,0,0
4.1,10,17.964210499097717,73.97030516765714,0,0,1,0,0,1
4.1,10,18.035339874919124,103.029052849642,0,0,1,0,0,1
4.1,10,18.13636774662156,10.5425936525728,0,1,0,0,0,0
4.1,10,18.137874775433485,167.5549020675436,0,0,1,0,0,1
4.1,10,18.144375735783097,167.3752434843714,0,0,1,0,0,1
4.1,10,18.298446816786257,228.23500584067864,0,0,1,0,0,1
4.1,10,18.30439976268104,228.234174870188,0,0,1,0,0,1
4.1,10,18.41875149326762,53.37579696627734,0,0,1,0,0,1
4.1,10,18.198586754936645,46.768789990006766,0,1,0,0,0,0
4.1,10,18.53361481008985,549.0202845351527,0,0,0,1,0,1
4.1,10,18.07448482472285,806.7590137393063,0,1,0,0,0,0
4.1,10,18.132800946631093,813.3235913141173,0,1,0,0,0,0
4.1,10,18.147987214410765,549.9084411291689,0,1,0,0,0,0
4.1,10,18.19542523701909,550.1658788569189,0,1,0,0,0,0
4.1,10,18.258054074078675,226.54922816712653,0,1,0,0,0,1
4.1,10,18.49608276042953,352.6184421479955,0,1,0,0,0,0
4.1,10,18.364163188956944,363.4132506766686,0,1,0,0,0,0
4.1,10,18.275344083399364,341.89183251150894,0,1,0,0,0,0
4.1,10,18.317476053441844,315.3660766532886,0,1,0,0,0,0
4.1,10,18.31997626882305,252.50737387143928,0,1,0,0,0,0
4.1,10,18.34652439413959,252.5205538891507,0,1,0,0,0,0
4.1,10,18.373286366322816,252.15428489336333,0,1,0,0,0,0
4.1,10,18.392571455583376,361.56318422262063,0,1,0,0,0,0
4.1,10,18.44648621630934,299.0608698719447,0,1,0,0,0,0
4.1,10,18.854849880265768,421.2385377123496,0,1,0,0,0,0
4.1,10,18.53126244702957,336.2951611751132,0,1,0,0,0,0
4.1,10,17.79648527818917,323.1584820957938,0,1,0,0,0,0
4.1,10,17.91788865003755,321.4700481214695,0,1,0,0,0,0
4.1,10,17.78470952723903,433.19343853228577,0,1,0,0,0,0
4.1,10,17.958670265975343,604.1046560526394,0,1,0,0,0,0
4.1,10,17.734311977543616,225.06753138365195,0,1,0,0,0,0
4.1,10,17.726213127084932,299.01167880308685,0,1,0,0,0,0
4.1,10,17.558809823156444,206.90059193695885,0,1,0,0,0,0
4.1,10,17.862916849040808,220.7314459573919,0,1,0,0,0,0
4.1,10,17.88171486708011,203.91991336134217,0,1,0,0,0,0
4.1,10,18.02783523101017,311.7358409762222,0,1,0,0,0,0
4.1,10,18.230494370565992,260.1763864220309,0,1,0,0,0,0
4.1,10,18.58787832625043,78.10589928493849,0,1,0,0,0,0
4.1,10,17.730810565837757,88.88764997097209,0,1,0,0,0,0
4.1,10,17.92442477581027,116.08239040839686,0,1,0,0,0,0
4.1,10,18.527884524229727,549.9148677990386,0,0,0,1,0,1
4.1,10,18.537425944803505,359.8127789131646,0,0,1,0,0,1
4.1,10,18.56533332057564,306.32135818896097,0,0,1,0,0,1
4.1,10,17.969275781577405,247.86900838952408,0,0,1,0,0,1
4.1,10,18.036103724591108,124.2804587813928,0,1,0,0,0,0
4.1,10,17.91628487529534,45.70992539195886,0,0,1,0,0,1
4.1,10,18.2708788480432,319.312169528549,0,1,0,0,0,0
4.1,10,18.396032897357014,365.1217353063156,0,1,0,0,0,0
4.1,10,18.48849113765253,272.16433035628813,0,1,0,0,0,0
4.1,10,18.472359086888986,272.0163912318812,0,1,0,0,0,0
4.1,10,18.36930103571107,45.33278166214385,0,1,0,0,0,0
4.1,10,18.617981990537405,289.3209174663069,0,1,0,0,0,0
4.1,10,18.550231259963063,187.0848529916184,0,1,0,0,0,0
4.1,10,18.64090887610304,41.500560341953694,0,1,0,0,0,0
4.1,10,18.374406351562147,59.584959202776254,0,1,0,0,0,1
4.1,10,18.41261024262477,364.8357767485388,0,1,0,0,0,0
4.1,10,18.381172670473703,365.3568899242287,0,1,0,0,0,0
4.1,10,18.29100617062546,187.79437248467008,0,0,0,1,0,0
4.1,10,18.338557866854487,161.31983577583907,0,1,0,0,0,0
4.1,10,18.72780794681082,34.55892669650736,0,1,0,0,0,0
4.1,10,18.214619321757173,126.07294270334646,0,1,0,0,0,0
4.1,10,18.64432093069036,55.212764815023256,0,1,0,0,0,0
4.1,10,18.667514727856727,25.19504571135133,0,1,0,0,0,0
4.1,10,18.510943714738424,88.389153965678,0,1,0,0,0,0
4.1,10,18.26859541414401,153.0712077432324,0,1,0,0,0,0
4.1,10,18.276384278038915,47.61300327802152,0,1,0,0,0,0
4.1,10,18.32733540887524,151.61969119205838,0,1,0,0,0,0
4.1,10,18.412936283151566,96.88653028392936,0,1,0,0,0,1
4.1,10,18.32210710977264,51.75489039893527,0,1,0,0,0,0
4.1,10,18.37659618607437,8.681168121255435,0,1,0,0,0,0
4.1,10,18.36071104261397,11.3316724517964,0,1,0,0,0,0
4.1,10,18.025499017521813,89.08886808192342,0,1,0,0,0,0
4.1,10,18.17534971609525,41.35258259917442,0,1,0,0,0,0
4.1,10,18.350708955388097,54.98193355892615,0,1,0,0,0,0
4.1,10,18.412658685478817,55.30709969151383,0,1,0,0,0,0
4.1,10,14.516996672977562,2368.842618159115,1,1,0,0,0,0
4.1,10,17.753660714073987,297.06765470619564,0,1,0,0,0,0
4.1,10,17.758537072961765,155.39892239935273,0,1,0,0,0,0
4.1,10,17.7141873468192,201.5422267321435,0,1,0,0,0,0
4.1,10,17.639406007565533,182.9040276965168,0,1,0,0,0,0
4.1,10,17.450091892149395,488.4149765884368,0,1,0,0,0,0
4.1,10,17.453383085871508,361.791911259742,0,1,0,0,0,0
4.1,10,17.64281458301751,411.6486193399218,0,1,0,0,0,0
4.1,10,17.880650104730876,78.13341453764693,0,1,0,0,0,0
4.1,10,17.924447438992438,341.5453122934724,0,1,0,0,0,0
4.1,10,17.64709652263507,85.2906816846407,0,1,0,0,0,0
4.1,10,17.61081993540392,240.61287323444287,0,1,0,0,0,0
4.1,10,17.515921733970906,48.510074201118826,0,1,0,0,0,0
4.1,10,17.582539979378197,299.30083005778624,0,1,0,0,0,1
4.1,10,17.736841876635967,503.5537506144755,0,1,0,0,0,0
4.1,10,17.718789253145303,464.6668539773904,0,1,0,0,0,0
4.1,10,17.893874211624986,194.9083635294973,0,1,0,0,0,0
4.1,10,17.815660896924843,109.2700536219034,0,1,0,0,0,0
4.1,10,17.713530962900137,107.53381080099334,0,1,0,0,0,0
4.1,10,17.65118940316488,154.7188698310543,0,1,0,0,0,0
4.1,10,17.843194569454003,492.1850448985846,0,1,0,0,0,0
4.1,10,17.879226189815686,495.87110474978886,0,1,0,0,0,0
4.1,10,17.686730273750303,125.29702313954714,0,1,0,0,0,0
4.1,10,17.645050409096456,48.609603796406255,0,1,0,0,0,0
4.1,10,17.71563925377649,55.267246160150805,0,1,0,0,0,0
4.1,10,17.67595002220884,72.6913691611667,0,1,0,0,0,0
4.1,10,17.478975440724568,258.5542351316012,0,1,0,0,0,1
4.1,10,17.346416283363386,77.8579852354303,0,1,0,0,0,0
4.1,10,17.81309832437681,481.5446498245617,0,1,0,0,0,0
4.1,10,17.909365428843227,10.627487685352031,0,1,0,0,0,0
4.1,10,17.275136437924665,23.40028011552937,0,1,0,0,0,0
4.1,10,17.293275729521984,60.716078753633774,0,1,0,0,0,0
4.1,10,17.50247895947086,119.6752690973332,0,1,0,0,0,0
4.1,10,17.753286852902885,115.8009060215782,0,1,0,0,0,0
4.1,10,17.68226082438724,535.1261254605566,0,1,0,0,0,1
4.1,10,17.63507740440918,118.84772670522288,0,1,0,0,0,0
4.1,10,17.65897653086601,132.6913211068016,0,1,0,0,0,0
4.1,10,17.69662156287315,119.537247817139,0,1,0,0,0,0
4.1,10,17.710087329536307,57.18076782697875,0,1,0,0,0,0
4.1,10,17.69532855527779,50.22801872304159,0,1,0,0,0,0
4.1,10,17.659509238167306,56.02567357996331,0,1,0,0,0,0
4.1,10,17.78318852222468,211.935250835756,0,1,0,0,0,1
4.1,10,17.634975608342852,111.21166590370169,0,1,0,0,0,0
4.1,10,17.66289090200088,48.38286179365727,0,1,0,0,0,0
4.1,10,17.651220371627627,52.229324809870334,0,1,0,0,0,0
4.1,10,17.64193108222288,18.716534851498835,0,1,0,0,0,0
4.1,10,17.63073750031385,8.921653469882258,0,1,0,0,0,0
4.1,10,17.61782878001681,44.84554390272624,0,1,0,0,0,0
4.1,10,17.774636658475767,64.33617642705225,0,1,0,0,0,0
4.1,10,17.767785968719217,102.27989947938302,0,1,0,0,0,0
4.1,10,17.748023309401745,49.88164245124876,0,1,0,0,0,0
4.1,10,17.728129404969003,87.88664977660555,0,1,0,0,0,0
4.1,10,17.489639567619854,86.35467818150414,0,1,0,0,0,0
4.1,10,17.511271072268645,96.7160555002517,0,1,0,0,0,0
4.1,10,17.480876923441134,46.40688440403962,0,1,0,0,0,0
4.1,10,17.46726201293459,43.95520622570661,0,1,0,0,0,0
4.1,10,17.455442081860642,42.3706826791879,0,1,0,0,0,0
4.1,10,17.44621473773276,42.024240099328914,0,1,0,0,0,0
4.1,10,17.485652014319314,54.51156115886617,0,1,0,0,0,0
4.1,10,17.491064477396925,28.428395740116947,0,1,0,0,0,0
4.1,10,17.25037643324521,398.8412402842428,0,1,0,0,0,0
4.1,10,17.402208532768398,78.09278204680156,0,1,0,0,0,0
4.1,10,16.782931133691577,13.541764279521704,0,1,0,0,0,0
4.1,10,16.82105706679836,92.5215654176896,0,1,0,0,0,0
4.1,10,16.973066241715816,257.9243569961675,0,1,0,0,0,0
4.1,10,17.088089204231327,11.260325041857117,0,1,0,0,0,0
4.1,10,17.127708284834032,119.43070009909312,0,1,0,0,0,0
4.1,10,17.100369931075274,58.82666459853316,0,1,0,0,0,0
4.1,10,17.372309746373617,25.238933556423618,0,1,0,0,0,0
4.1,10,17.347328062665696,95.42685498457988,0,1,0,0,0,0
4.1,10,17.162581574415,69.6920180309812,0,1,0,0,0,0
4.1,10,17.044567998463393,184.36103911473592,0,1,0,0,0,0
4.1,10,17.397081032089226,396.2286901177082,0,1,0,0,0,0
4.1,10,16.881102505663073,188.57609857887564,0,1,0,0,0,0
4.1,10,16.436743405737193,941.4311763222518,0,1,0,0,0,0
4.1,10,16.504516664915403,66.14538060480105,0,1,0,0,0,0
4.1,10,16.682753916953335,258.68565174479534,0,1,0,0,0,0
4.1,10,17.06555448010734,476.4802276769049,0,1,0,0,0,0
4.1,10,17.001533192480554,370.1088847797877,0,1,0,0,0,0
4.1,10,16.501476585506328,1039.3849432252696,0,1,0,0,0,0
4.1,10,16.705603515704556,111.62135684853372,0,1,0,0,0,0
4.1,10,16.698159480819292,2161.956222088133,0,0,1,0,0,0
4.1,10,16.663313275670504,1158.2022052796126,0,1,0,0,0,0
4.1,10,17.480838034815513,168.72602366166117,0,1,0,0,0,0
4.1,10,17.51935462480722,293.8366491006475,0,1,0,0,0,0
4.1,10,16.64510858263874,676.5704647557216,0,1,0,0,0,0
4.1,10,15.615937055371496,1528.3923582664338,0,1,0,0,0,0
4.1,10,16.990910521352525,165.93453618249322,0,1,0,0,0,0
4.1,10,17.185636883576976,217.74968002501595,0,1,0,0,0,0
4.1,10,17.579746511479946,418.0919477199212,0,1,0,0,0,0
4.1,10,16.943210807140677,113.87825423009936,0,1,0,0,0,0
4.1,10,17.228061154656825,169.39825578012167,0,1,0,0,0,0
4.1,10,17.16839523199683,412.1663908749614,0,1,0,0,0,0
4.1,10,17.10391058151464,133.02766415084173,0,1,0,0,0,0
4.1,10,16.938174872942685,218.41313357085755,0,1,0,0,0,0
4.1,10,16.95717397882007,173.240561202948,0,1,0,0,0,0
4.1,10,17.22840735886566,152.55222007068434,0,1,0,0,0,0
4.1,10,17.183909571806932,84.20408545740733,0,1,0,0,0,0
4.1,10,17.133883899692442,110.42258743062524,0,1,0,0,0,0
4.1,10,17.14200790554128,137.06488254019737,0,1,0,0,0,0
4.1,10,16.800563842186627,184.9246015209877,0,1,0,0,0,0
4.1,10,17.19602026695434,138.70516369302612,0,1,0,0,0,0
4.1,10,17.475182004481855,207.47758143371087,0,1,0,0,0,0
4.1,10,16.957470272006397,127.11701504253072,0,1,0,0,0,0
4.1,10,17.29386284641081,55.99167218745063,0,1,0,0,0,0
4.1,10,17.20366038742851,35.37923084780343,0,1,0,0,0,0
4.1,10,17.216537243862245,24.738859638196622,0,1,0,0,0,0
4.1,10,16.53332094174295,66.58917306605916,0,1,0,0,0,0
4.1,10,16.894013563595426,51.81624054664419,0,1,0,0,0,0
4.1,10,16.500637789923456,91.45648644084316,0,1,0,0,0,0
4.1,10,16.549170521498006,36.579361550523245,0,1,0,0,0,0
4.1,10,17.915363748685305,285.76003197158497,0,1,0,0,0,0
4.1,10,17.999440798501585,145.27826465844555,0,1,0,0,0,0
4.1,10,17.94666715694232,68.28590963060483,0,1,0,0,0,0
4.1,10,18.10166384444305,169.44855083568527,0,1,0,0,0,0
4.1,10,17.859730839639642,104.1901652994508,0,1,0,0,0,0
4.1,10,17.909635967259717,87.27985706715745,0,1,0,0,0,0
4.1,10,17.920815292527568,60.57657140516794,0,1,0,0,0,0
4.1,10,17.905191364861473,118.7480083225025,0,1,0,0,0,0
4.1,10,17.949259648884258,56.5049293659186,0,1,0,0,0,0
4.1,10,17.92294139333801,59.46252675780106,0,1,0,0,0,0
4.1,10,17.830749961742185,135.5797078558497,0,1,0,0,0,0
4.1,10,17.786582381849147,333.81951611622713,0,1,0,0,0,0
4.1,10,17.86247806186706,52.21823039939878,0,1,0,0,0,0
4.1,10,17.908880508632166,62.790770141753015,0,1,0,0,0,0
4.1,10,17.950836006455695,24.06639479632469,0,1,0,0,0,0
4.1,10,17.851956899382763,56.0104793196365,0,1,0,0,0,0
4.1,10,17.921846990180306,34.749423406612124,0,1,0,0,0,0
4.1,10,17.96035622288207,75.260816560972,0,1,0,0,0,0
4.1,10,17.94136429625472,147.0845818440159,0,1,0,0,0,0
4.1,10,17.991300656504666,59.79698862716651,0,1,0,0,0,0
4.1,10,17.51565511386653,103.77535189189076,0,1,0,0,0,0
4.1,10,17.309409361531184,14.917676840412044,0,1,0,0,0,0
4.1,10,17.125335074551323,1098.73433153548,0,0,0,0,0,1
4.1,10,17.838829823797685,24.63603159878757,0,1,0,0,0,0
4.1,10,17.013638411906435,1281.830382328833,0,1,0,0,0,0
4.1,10,17.84073173016105,79.76259792213831,0,1,0,0,0,1
4.1,10,17.12928970228136,1109.6330384331045,0,0,0,0,0,1
4.1,10,17.448457971072074,325.389144369883,0,1,0,0,0,0
4.1,10,17.790625188684253,74.3465328102391,0,0,0,0,0,1
4.1,10,17.701074652539912,107.59121964420422,0,0,0,0,0,1
4.1,10,17.57786009157151,349.2802806852583,0,1,0,0,0,0
4.1,10,17.855289170076546,49.57226458699576,0,1,0,0,0,0
4.1,10,17.792788276461017,77.10360317675708,0,0,0,0,0,1
4.1,10,17.706091111479488,98.78446445607382,0,0,0,0,0,1
4.1,10,16.84638804202645,103.76095695286396,0,1,0,0,0,0
4.1,10,16.878733880137798,202.0454029539593,0,1,0,0,0,0
4.1,10,16.96119479731372,273.2118739925085,0,1,0,0,0,0
4.1,10,16.88780123117257,69.46935782637519,0,1,0,0,0,0
4.1,10,16.697567383069984,105.36143544283712,0,1,0,0,0,0
4.1,10,16.565064184877482,134.46022725434216,0,1,0,0,0,0
4.1,10,16.635610141275954,111.2817626028721,0,1,0,0,0,0
4.1,10,16.838023801434275,126.55685671667784,0,1,0,0,0,0
4.1,10,16.59458241372122,125.00845411653911,0,1,0,0,0,0
4.1,10,16.71928710639763,197.97456710395656,0,1,0,0,0,0
4.1,10,16.436631255981503,44.86516829682192,0,1,0,0,0,0
4.1,10,15.997671492559457,138.6037347574711,0,1,0,0,0,0
4.1,10,16.31950741235252,175.6422671981436,0,1,0,0,0,0
4.1,10,16.489104271530323,467.4116858817729,0,1,0,0,0,0
4.1,10,16.249757008795182,208.06753886234023,0,1,0,0,0,0
4.1,10,16.04903450485093,395.2629371915156,0,1,0,0,0,0
4.1,10,16.29149314851018,124.85045548805108,0,1,0,0,0,0
4.1,10,16.022591949013233,489.8900940732228,0,1,0,0,0,0
4.1,10,16.06442670420591,113.60764307113364,0,1,0,0,0,0
4.1,10,16.13006057005209,206.36092524742045,0,1,0,0,0,0
4.1,10,16.3669794957706,195.4808797230698,0,1,0,0,0,0
4.1,10,16.226330367831828,132.62093203148746,0,1,0,0,0,0
4.1,10,16.08098466397962,15.023205413396218,0,1,0,0,0,0
4.1,10,16.188808300813726,95.8422279629704,0,1,0,0,0,0
4.1,10,16.255428287345026,108.42276895928396,0,1,0,0,0,0
4.1,10,16.319007521488892,89.08420743852336,0,1,0,0,0,0
4.1,10,15.917342943095797,209.6931776990901,0,1,0,0,0,0
4.1,10,16.087875287418687,212.59225517479547,0,1,0,0,0,0
4.1,10,15.719653913384295,297.36317176012744,0,1,0,0,0,0
4.1,10,15.67559601056174,338.3532357735159,0,1,0,0,0,0
4.1,10,16.113540854749193,269.11014266468715,0,1,0,0,0,0
4.1,10,16.065678474437803,689.1214180573675,0,1,0,0,0,0
4.1,10,16.551073120574667,357.9387705692982,0,1,0,0,0,0
4.1,10,15.837230160709687,137.30770891310573,0,0,0,1,0,0
4.1,10,16.371213516600687,106.13358944529472,0,1,0,0,0,0
4.1,10,15.731060827131232,194.8749086482792,0,0,0,0,0,0
4.1,10,15.99651418745906,403.290310163089,0,0,0,0,0,1
4.1,10,15.974820623298312,395.4446053047266,0,0,0,0,0,0
4.1,10,15.897268173003816,703.9379038564159,0,0,0,0,0,1
4.1,10,15.713503897250858,289.396135164542,0,0,0,0,0,1
4.1,10,15.836826783335422,124.13466794158974,0,1,0,0,0,0
4.1,10,16.207944543407493,350.6510165918256,0,1,0,0,0,0
4.1,10,16.173524459008764,328.93892299925545,0,1,0,0,0,0
4.1,10,16.187089044990742,81.09228075159443,0,1,0,0,0,0
4.1,10,16.293504201139974,83.70482281318795,0,1,0,0,0,0
4.1,10,16.37859266367045,439.16026896306033,0,0,0,0,0,1
4.1,10,16.157722523005432,4.128164244044728,0,0,0,0,0,0
4.1,10,16.381919958780436,446.3849814062942,0,0,0,0,0,1
4.1,10,16.48728600694789,262.7487196769193,0,1,0,0,0,0
4.1,10,16.27948266040605,123.26935581791813,0,1,0,0,0,0
4.1,10,16.287609861378215,70.39137763443942,0,1,0,0,0,0
4.1,10,16.42791409572727,136.1495599725195,0,1,0,0,0,0
4.1,10,16.223255521973726,106.1826040546957,0,1,0,0,0,0
4.1,10,16.349364576420005,182.0209941342428,0,1,0,0,0,0
4.1,10,16.56909665116524,52.22628232285292,0,1,0,0,0,0
4.1,10,16.537736458128247,95.67693474451272,0,1,0,0,0,0
4.1,10,16.57194718467194,56.334147786383326,0,1,0,0,0,0
4.1,10,15.85223342762913,473.6892755941423,0,1,0,0,0,0
4.1,10,15.696974282788814,518.963300281263,0,1,0,0,0,0
4.1,10,16.00949545636857,169.6446967189332,0,1,0,0,0,0
4.1,10,15.956360940137518,384.6849216464874,0,1,0,0,0,0
4.1,10,15.83971969861224,62.70811269359739,0,1,0,0,0,0
4.1,10,15.84346959948522,55.34360911812407,0,1,0,0,0,0
4.1,10,15.870691942482646,269.4858419636041,0,1,0,0,0,0
4.1,10,15.96113725388024,70.91853247357577,0,1,0,0,0,0
4.1,10,16.17099060439992,106.56126965225002,0,1,0,0,0,0
4.1,10,16.089551004710557,80.7573746712131,0,1,0,0,0,0
4.1,10,16.150484758137612,275.0146158212034,0,1,0,0,0,0
4.1,10,16.29667637860163,194.4224572618413,0,1,0,0,0,0
4.1,10,16.014519799812803,48.3978786226796,0,1,0,0,0,0
4.1,10,16.07341317019746,70.91980325672863,0,1,0,0,0,0
4.1,10,16.058989700380987,76.29097691028508,0,1,0,0,0,0
4.1,10,16.225149745661074,31.747210230175423,0,1,0,0,0,0
4.1,10,16.004655788572563,61.95385951914752,0,1,0,0,0,0
4.1,10,16.044930381419345,20.801119153674705,0,1,0,0,0,0
4.1,10,16.007773233401945,247.20961679548188,0,1,0,0,0,0
4.1,10,15.868909482681495,39.59989719770896,0,1,0,0,0,0
4.1,10,16.167469867158353,16.12606497976276,0,1,0,0,0,0
4.1,10,15.477079946165738,250.6116050890586,0,1,0,0,0,0
4.1,10,15.325981373714642,74.20692607826442,1,1,0,0,0,0
4.1,10,15.431520112449467,300.3166339101033,0,1,0,0,0,0
4.1,10,15.77680724795327,34.59168899330196,0,1,0,0,0,0
4.1,10,15.901306870476372,53.11183933803274,0,1,0,0,0,0
4.1,10,15.895162102468197,42.86610000799551,0,1,0,0,0,0
4.1,10,15.80558795761767,31.24902053928514,0,1,0,0,0,0
4.1,10,15.677625119146787,20.420550869041502,0,1,0,0,0,0
4.1,10,15.676100205642928,75.80303859536308,0,1,0,0,0,0
4.1,10,15.649785951999252,216.0269937118716,0,1,0,0,0,0
4.1,10,15.600158564862568,128.83168305550294,0,1,0,0,0,0
4.1,10,15.369887278178322,110.98358744445758,1,1,0,0,0,0
4.1,10,15.35500558096888,42.56292154367439,1,1,0,0,0,0
4.1,10,15.330629893529492,71.52681359438755,1,1,0,0,0,0
4.1,10,15.65222963610247,299.3251684762797,0,1,0,0,0,0
4.1,10,15.166176653030195,621.6751770613847,1,1,0,0,0,0
4.1,10,15.234766395048805,379.5485020973929,1,1,0,0,0,0
4.1,10,15.21400585900814,560.6839476629226,1,1,0,0,0,0
4.1,10,15.311532355651789,118.28516584966208,1,1,0,0,0,0
4.1,10,14.8307993168335,322.1714107283313,1,1,0,0,0,0
4.1,10,15.127879702902495,444.1980096567167,1,1,0,0,0,0
4.1,10,15.52819962192487,146.8527875966237,0,1,0,0,0,0
4.1,10,15.230627079196369,403.03735415336126,1,1,0,0,0,0
4.1,10,15.2549188763512,112.60214258596542,1,1,0,0,0,0
4.1,10,15.254455768064808,164.60334317701208,1,1,0,0,0,0
4.1,10,15.22704723880576,31.187859660505246,1,1,0,0,0,0
4.1,10,15.067604946710476,66.45418465043464,1,1,0,0,0,0
4.1,10,15.10115274848794,65.50627940419416,1,1,0,0,0,0
4.1,10,15.0551426444293,93.13103387391794,1,1,0,0,0,0
4.1,10,15.267138289749555,215.7712890192976,1,1,0,0,0,0
4.1,10,17.108320443217576,459.05482908402166,0,1,0,0,0,0
4.1,10,17.000462511840443,48.12716075747447,0,1,0,0,0,0
4.1,10,17.451337886819093,83.46531054661642,0,1,0,0,0,0
4.1,10,17.027014801237343,32.17265072782443,0,1,0,0,0,0
4.1,10,17.095755475667993,76.67831261212663,0,1,0,0,0,0
4.1,10,17.17607176069806,148.18534779302215,0,1,0,0,0,0
4.1,10,16.181012924569682,761.9269160955159,0,0,0,1,0,0
4.1,10,16.292672029753646,225.3030729559464,0,1,0,0,0,0
4.1,10,15.445082903269167,415.9189817861638,0,1,0,0,0,0
4.1,10,15.17518465147531,222.23700188955465,1,1,0,0,0,0
4.1,10,15.104737056783463,1440.763685266224,1,1,0,0,0,0
4.1,10,14.492302591185078,2540.4388180347005,1,0,0,0,0,0
4.1,10,14.963802040864977,197.2837599452997,1,1,0,0,0,0
4.3,10,15.206743846580151,304.3644674463369,1,1,0,0,0,1
4.3,10,15.086399482921497,334.854817788776,1,1,0,0,0,0
4.3,10,15.266523472423255,695.8516143659663,1,1,0,0,0,0
4.3,10,15.31839618842836,226.0831687403952,1,1,0,0,0,0
4.3,10,15.018497604785168,334.38094831616,1,1,0,0,0,0
4.3,10,14.965503571896352,86.6409247887356,1,1,0,0,0,0
4.3,10,15.211895988784644,608.3779301232823,1,0,0,1,0,1
4.3,10,15.194886000993211,589.8412924082332,1,0,0,1,0,1
4.3,10,14.806306692120524,514.7967337502447,1,0,0,1,0,1
4.3,10,14.784120060635228,555.7214270657979,1,0,0,1,0,1
4.3,10,15.389750608447416,743.6237152385429,1,0,0,1,0,1
4.3,10,15.319498263132786,338.7799712436523,1,1,0,0,0,1
4.3,10,15.23274429382532,571.8688928984491,1,1,0,0,0,1
4.3,10,15.085018656380266,72.76175702414321,1,0,0,1,0,1
4.3,10,15.621909113009066,201.0233467237804,1,0,0,1,0,1
4.3,10,15.258861985676312,442.0969465199373,1,1,0,0,0,1
4.3,10,15.387594190886762,700.6289300491355,1,1,0,0,0,0
4.3,10,14.67764340852958,28.564072210688124,1,1,0,0,0,0
4.3,10,15.727023220641572,1013.4438244598526,1,0,0,1,0,1
4.3,10,15.173020938695888,470.8485188768407,1,1,0,0,0,0
4.3,10,15.50748556138073,134.88620542085744,1,1,0,0,0,1
4.3,10,15.422478503616077,325.8406889755462,1,1,0,0,0,0
4.3,10,15.41677116983722,33.81804707509349,1,0,0,1,0,1
4.3,10,15.41677116983722,27.0057110383233,1,0,0,1,0,1
4.3,10,15.284028814441042,184.29153958651577,1,1,0,0,0,1
4.3,10,15.17334042468062,243.0595011305093,1,1,0,0,0,1
4.3,10,15.18502899194678,230.65386808968407,1,1,0,0,0,1
4.3,10,15.287551205933111,156.15608943176431,1,1,0,0,0,0
4.3,10,15.04714367272499,208.9568677098557,1,1,0,0,0,0
4.3,10,15.43360709001495,102.40924283206056,1,1,0,0,0,0
4.3,10,15.235602946863978,136.60985299431258,1,1,0,0,0,0
4.3,10,15.51350375232826,134.76024459742771,1,1,0,0,0,1
4.3,10,15.387953668189285,65.8490246342879,1,1,0,0,0,0
4.3,10,15.214837479557255,83.4233461372355,1,1,0,0,0,0
4.3,10,15.380175540223238,112.34559459757868,1,1,0,0,0,0
4.3,10,15.489112131962594,241.731053853642,1,0,0,1,0,1
4.3,10,15.56843001398292,8.105233444637209,1,1,0,0,0,0
4.3,10,15.38408027326119,137.22749182080418,1,1,0,0,0,1
4.3,10,15.65169849505024,169.41216413864896,1,1,0,0,0,0
4.3,10,15.325619968431154,94.23118380122268,1,1,0,0,0,0
4.3,10,15.36203050023476,164.32873932173572,1,1,0,0,0,1
4.3,10,15.354516025876544,160.0583684431548,1,1,0,0,0,1
4.3,10,15.427684056664845,142.763226755689,1,1,0,0,0,0
4.3,10,15.281519031468784,209.3735917233021,1,1,0,0,0,0
4.3,10,15.118934616982829,353.13016841652404,1,1,0,0,0,0
4.3,10,15.128462792003296,122.80593668108776,1,1,0,0,0,0
4.3,10,15.045265737868514,96.24729301508408,1,1,0,0,0,1
4.3,10,15.118436369072626,94.71429113672994,1,1,0,0,0,1
4.3,10,14.930131764747491,230.15905157321723,1,0,0,1,0,1
4.3,10,14.925929479855125,246.36663905119497,1,0,0,1,0,1
4.3,10,15.00934323379988,17.187901695007383,1,0,0,1,0,1
4.3,10,14.999972738632216,12.523101903261429,1,0,0,1,0,1
4.3,10,15.209880842577238,86.18600799610255,1,1,0,0,0,0
4.3,10,14.810019107737569,111.81526598282282,1,1,0,0,0,0
4.3,10,14.862650861872282,102.24791152574556,1,1,0,0,0,1
4.3,10,15.053279414001013,108.7993696701492,1,1,0,0,0,0
4.3,10,15.11092217209957,108.61872264479398,1,1,0,0,0,0
4.3,10,14.797535542784162,331.7609611801652,1,1,0,0,0,1
4.3,10,14.93939368865674,48.50636524753127,1,1,0,0,0,0
4.3,10,14.920022143579116,50.18546022346658,1,1,0,0,0,0
4.3,10,15.035837858688742,52.749742125932485,1,0,0,1,0,1
4.3,10,15.024057933181547,52.7317141798262,1,0,0,1,0,1
4.3,10,15.072054858783128,72.39469187386604,1,0,0,1,0,1
4.3,10,14.99910061527763,88.11659928511604,1,1,0,0,0,1
4.3,10,15.060326296410606,54.68411069150906,1,1,0,0,0,1
4.3,10,15.075589804110702,24.89461266748181,1,1,0,0,0,0
4.3,10,14.99910061527763,86.93604510604756,1,1,0,0,0,1
4.3,10,14.85990073953544,104.02801580486924,1,1,0,0,0,1
4.3,10,14.929244050895177,55.00920909677474,1,1,0,0,0,0
4.3,10,15.04845366967188,13.050284527613348,1,1,0,0,0,0
4.3,10,15.208479611715196,63.90600267693989,1,1,0,0,0,0
4.3,10,15.054303049267798,133.1816455706609,1,1,0,0,0,1
4.3,10,15.13035550604347,183.96219818047825,1,1,0,0,0,1
4.3,10,15.069326265770712,11.96579179772858,1,1,0,0,0,0
4.3,10,15.081544045008302,33.57557703966273,1,1,0,0,0,1
4.3,10,15.164098106055327,54.61296433895083,1,1,0,0,0,1
4.3,10,15.141224790587424,110.6164239770453,1,1,0,0,0,0
4.3,10,15.146465606110237,99.7761516454042,1,1,0,0,0,1
4.3,10,15.027346843666471,243.4208776399183,1,1,0,0,0,1
4.3,10,14.98562519473755,94.29773220516972,1,1,0,0,0,1
4.3,10,15.090710221413984,53.489823586484725,1,1,0,0,0,1
4.3,10,14.802540654922474,310.4756827327067,1,1,0,0,0,1
4.3,10,14.932031008629894,75.95891824830728,1,1,0,0,0,0
4.3,10,14.926072775320923,116.70334921305054,1,1,0,0,0,1
4.3,10,14.922411587677336,116.63770651764392,1,1,0,0,0,1
4.3,10,14.873113785781692,10.158002496495769,1,1,0,0,0,0
4.3,10,14.993380822950062,104.10959827239115,1,1,0,0,0,0
4.3,10,15.00943175239841,10.980598599219263,1,0,0,1,0,1
4.3,10,14.999885849183748,11.5453558609021,1,0,0,1,0,1
4.3,10,15.944591912872774,225.56819313437435,1,1,0,0,0,0
4.3,10,15.907786539936271,226.58510146826856,1,1,0,0,0,0
4.3,10,15.685901144334032,220.89696614249047,1,1,0,0,0,0
4.3,10,15.592333167751022,247.68806370163884,1,1,0,0,0,0
4.3,10,15.83962518328294,247.8046554081185,1,1,0,0,0,0
4.3,10,15.796316584489508,245.43657173545955,1,1,0,0,0,0
4.3,10,15.638281406213633,247.71614489555668,1,1,0,0,0,0
4.3,10,15.72041828708464,222.32990793674028,1,1,0,0,0,0
4.3,10,15.797689889702257,261.28217381542026,1,0,0,1,0,1
4.3,10,15.694854934539876,104.55926440316526,1,1,0,0,0,0
4.3,10,15.751106853819245,155.1702375685863,1,1,0,0,0,0
4.3,10,15.807654389407809,164.5735409988647,1,1,0,0,0,0
4.3,10,15.83605217266591,146.0096823679477,1,1,0,0,0,0
4.3,10,15.855711200260052,568.7882092029527,1,0,0,1,0,1
4.3,10,15.676250744083164,227.179529311646,1,1,0,0,0,0
4.3,10,15.682126775007903,230.61164774442275,1,1,0,0,0,0
4.3,10,15.59820039215736,246.18337387742963,1,1,0,0,0,0
4.3,10,15.478122412762854,226.4583705351604,1,1,0,0,0,0
4.3,10,15.44228204245232,227.0893893714016,1,1,0,0,0,0
4.3,10,15.523634184705625,245.6203241972088,1,1,0,0,0,0
4.3,10,15.612371588466589,366.8145854981536,1,1,0,0,0,0
4.3,10,15.46903093874044,57.92634604100982,1,1,0,0,0,0
4.3,10,15.318994862496892,249.9144911518317,1,1,0,0,0,0
4.3,10,15.402767850074849,112.18777134806884,1,1,0,0,0,0
4.3,10,15.364136842721887,248.49640751857092,1,1,0,0,0,0
4.3,10,15.553703537058151,246.551405088048,1,1,0,0,0,0
4.3,10,15.15699587396059,30.66962632528418,1,1,0,0,0,0
4.3,10,15.41475486028028,42.35364165974346,1,0,0,1,0,1
4.3,10,15.420252357171645,119.87414093596412,1,0,0,1,0,1
4.3,10,15.40754092905966,14.584546515866396,1,0,0,1,0,0
4.3,10,15.459265020411245,76.53712986203533,1,0,0,1,0,1
4.3,10,15.443898269055367,93.34345263279398,1,0,0,1,0,1
4.3,10,15.432117866589769,92.19805065697224,1,0,0,1,0,1
4.3,10,15.311934899533574,33.1450623385572,1,1,0,0,0,0
4.3,10,15.395627284800645,23.389110941212827,1,0,0,1,0,1
4.3,10,15.798440296151885,1137.6003858049348,1,1,0,0,0,0
4.3,10,16.60499574848244,132.32235279855908,0,1,0,0,0,0
4.3,10,16.09770969681808,247.8459003660864,1,1,0,0,0,0
4.3,10,16.18116885316856,235.5926122283809,1,1,0,0,0,0
4.3,10,16.213469691046484,220.96440021833288,0,1,0,0,0,0
4.3,10,15.758385346014665,249.25415546431427,1,1,0,0,0,0
4.3,10,15.802949052996055,248.0396418981713,1,1,0,0,0,0
4.3,10,16.010697154131186,309.03455240139664,1,1,0,0,0,0
4.3,10,15.913269172259422,648.2048017535491,1,1,0,0,0,0
4.3,10,15.55216689489951,1106.99704189035,1,1,0,0,0,0
4.3,10,16.092095380668756,801.8959430605998,1,1,0,0,0,0
4.3,10,15.060179466365248,423.815118496895,1,1,0,0,0,0
4.3,10,15.984169247501123,131.5686154701172,1,1,0,0,0,0
4.3,10,16.02885143058133,132.45050269328647,1,1,0,0,0,0
4.3,10,15.86107262829635,246.4043029877172,1,1,0,0,0,0
4.3,10,15.976747830198466,318.5613398125939,1,1,0,0,0,0
4.3,10,15.665085190716267,284.05608854792774,1,1,0,0,0,0
4.3,10,15.816538011059194,245.84303176566308,1,1,0,0,0,0
4.3,10,15.723639642845848,288.5156275900139,1,1,0,0,0,0
4.3,10,15.710891249440808,225.96316838715123,1,1,0,0,0,0
4.3,10,15.692367568993513,688.550238128322,1,1,0,0,0,0
4.3,10,15.413023036947614,233.08154822822084,1,1,0,0,0,0
4.3,10,15.722112505152078,1429.0438627203737,1,1,0,0,0,0
4.3,10,15.269738624977103,430.2921308919063,1,1,0,0,0,0
4.3,10,15.04912687928509,548.4439970279692,1,0,0,1,0,1
4.3,10,15.052286336980709,520.5380468539837,1,0,0,1,0,1
4.3,10,16.05763990327573,789.8013748532004,1,0,0,1,0,1
4.3,10,15.516606889073074,1008.1717495359828,1,0,0,1,0,1
4.3,10,15.619148331220243,395.7850992389177,1,1,0,0,0,0
4.3,10,16.128086540849125,618.8393404270547,1,0,0,1,0,1
4.3,10,16.120286938856676,615.2765063450715,1,0,0,1,0,1
4.3,10,16.450881827400092,836.1519604348279,0,1,0,0,0,0
4.3,10,15.635475796278964,417.4797235192687,1,0,0,1,0,1
4.3,10,16.444402797683587,1522.2107394945451,0,0,0,1,0,1
4.3,10,16.462065831528804,1521.624751401402,0,0,0,1,0,1
4.3,10,16.354802579406577,264.7589206876436,0,1,0,0,0,0
4.3,10,16.31263249444734,251.4543368474347,0,1,0,0,0,0
4.3,10,16.16972418203135,727.684731020604,1,1,0,0,0,0
4.3,10,16.116526973538296,264.94248698389833,1,1,0,0,0,0
4.3,10,16.382160446125635,248.5103221771824,0,1,0,0,0,0
4.3,10,16.424895904630258,248.4781380762073,0,1,0,0,0,0
4.3,10,15.500774858750386,47.468973571348265,1,0,0,1,0,1
4.3,10,15.49096732635519,46.972994660772365,1,0,0,1,0,1
4.3,10,15.4775548930774,46.71925618528916,1,0,0,1,0,1
4.3,10,15.46726716735244,46.86517170482762,1,0,0,1,0,1
4.3,10,15.773032861396144,191.1160778341384,1,0,0,1,0,1
4.3,10,15.76578399613092,188.536215949148,1,0,0,1,0,1
4.3,10,16.153799509134533,265.65683301075853,1,1,0,0,0,0
4.3,10,15.457345031024255,90.68051575180706,1,1,0,0,0,0
4.3,10,16.356696936253936,141.363381427582,0,1,0,0,0,0
4.3,10,16.156703451731286,169.36752316018357,1,1,0,0,0,0
4.3,10,16.12260321167281,179.64492373981713,1,1,0,0,0,0
4.3,10,16.176640906078415,221.7956292189868,1,1,0,0,0,0
4.3,10,16.21408002706717,222.5076135739614,0,1,0,0,0,0
4.3,10,16.053057029955646,247.03897011965373,1,1,0,0,0,0
4.3,10,16.042223396041457,249.68427660914423,1,1,0,0,0,0
4.3,10,15.999311718120168,249.260641899219,1,1,0,0,0,0
4.3,10,15.918531270281942,230.29892228816607,1,1,0,0,0,0
4.3,10,15.880551783511132,230.87084469452725,1,1,0,0,0,0
4.3,10,15.837061265027572,244.76794096958028,1,1,0,0,0,0
4.3,10,15.79402421443118,245.1042581309592,1,1,0,0,0,0
4.3,10,15.918107167190902,227.99440685264528,1,1,0,0,0,0
4.3,10,15.715098147733473,227.10790945592709,1,1,0,0,0,0
4.3,10,15.499681952830697,187.24082312911523,1,0,0,1,0,1
4.3,10,15.68738027910604,357.53926836425074,1,1,0,0,0,0
4.3,10,15.645715875172458,416.8609546575837,1,0,0,1,0,1
4.3,10,15.956282598490745,228.12815682204985,1,1,0,0,0,0
4.3,10,16.116683486150595,143.31270274067393,1,1,0,0,0,0
4.3,10,16.045802786776292,244.71946309752607,1,1,0,0,0,0
4.3,10,16.027481941299055,101.74802221874111,1,1,0,0,0,0
4.3,10,16.234848983964138,244.58847820645065,0,1,0,0,0,0
4.3,10,15.871331142394148,78.34191176288715,1,0,0,1,0,1
4.3,10,15.863747800280436,79.88138024170178,1,0,0,1,0,1
4.3,10,13.48003452077094,260.92248686147286,1,1,0,0,0,0
4.3,10,13.500309180814332,313.0649075905794,1,1,0,0,0,0
4.3,10,13.51438073156046,355.25719251106455,1,1,0,0,0,0
4.3,10,13.623206471105032,127.22530677918787,1,1,0,0,0,0
4.3,10,13.561081775732037,130.67485973109862,1,1,0,0,0,0
4.3,10,14.488422266089634,730.7880517832672,1,1,0,0,0,0
4.3,10,14.484664534077243,478.0929296666675,1,1,0,0,0,0
4.3,10,14.502924533880764,262.8998574861602,1,1,0,0,0,0
4.3,10,14.56317827235726,778.4596955190843,1,0,1,0,0,1
4.3,10,14.300749092879894,244.71717912240416,1,1,0,0,0,0
4.3,10,14.218142081079348,269.83716285134665,1,1,0,0,0,0
4.3,10,14.24302712114632,794.3565087091185,1,1,0,0,0,0
4.3,10,14.322818484402593,448.38783802596834,1,1,0,0,0,0
4.3,10,14.188674802696722,212.3132364896045,1,1,0,0,0,0
4.3,10,14.07062944134154,527.4644937366955,1,1,0,0,0,0
4.3,10,14.285686725047166,360.65019507335165,1,1,0,0,0,0
4.3,10,14.539575533719695,262.9428434646358,1,1,0,0,0,0
4.3,10,13.36239311420645,246.4206247930444,1,1,0,0,0,0
4.3,10,13.379086668878092,294.9569628259614,1,1,0,0,0,0
4.3,10,14.07150136340963,348.27252337484776,1,1,0,0,0,0
4.3,10,14.104598117648417,347.8686423141569,1,1,0,0,0,0
4.3,10,13.521843562505438,454.1123682082477,1,1,0,0,0,0
4.3,10,14.169492357817546,785.45315726014,1,1,0,0,0,0
4.3,10,14.10146749599871,557.8818187149966,1,0,0,1,0,1
4.3,10,14.107286838030811,557.3366131268899,1,0,0,1,0,1
4.3,10,13.611899695102467,254.9369398077493,1,0,0,1,0,1
4.3,10,13.604741500427163,252.0222529358156,1,0,0,1,0,1
4.3,10,13.499469210853476,607.5210284884432,1,0,0,1,0,1
4.3,10,13.511792299056824,612.28709761282,1,0,0,1,0,1
4.3,10,13.658061838956325,481.3997824670992,1,1,0,0,0,0
4.3,10,13.498948357257904,103.6473015199873,1,1,0,0,0,0
4.3,10,13.89302077445098,142.7642297599618,1,1,0,0,0,0
4.3,10,14.107592837300103,647.1993960368553,1,0,1,0,0,1
4.3,10,14.574793543201778,777.8804485412265,1,0,1,0,0,1
4.3,10,14.119075751280358,639.2668376802603,1,0,1,0,0,1
4.3,10,14.202711822964917,292.0806899191252,1,0,0,1,0,0
4.3,10,14.24212596616291,226.28198306133183,1,1,0,0,0,0
4.3,10,14.283588821223756,218.85730394439432,1,1,0,0,0,0
4.3,10,14.59458136581262,41.62418146216248,1,0,0,1,0,1
4.3,10,14.308992191473347,68.3373080742785,1,1,0,0,0,0
4.3,10,14.016073845854338,100.10816298612414,1,1,0,0,0,0
4.3,10,14.050430717430997,99.53249452642596,1,1,0,0,0,0
4.3,10,14.081590047657263,99.9439408006502,1,1,0,0,0,0
4.3,10,14.116059449062604,99.13197998356928,1,1,0,0,0,0
4.3,10,14.160646958414931,104.4190026316398,1,1,0,0,0,0
4.3,10,14.071874799725864,169.8935287377654,1,1,0,0,0,0
4.3,10,14.126615879844657,104.69542719165835,1,1,0,0,0,0
4.3,10,13.854074876911112,90.94198614623843,1,0,0,1,0,1
4.3,10,13.78130862582776,122.394256528763,1,0,0,1,0,1
4.3,10,13.860720292640664,91.41197155472454,1,0,0,1,0,1
4.3,10,13.77526797128342,120.71009800532056,1,0,0,1,0,1
4.3,10,13.716513809972604,65.13416414636349,1,0,0,1,0,1
4.3,10,13.716513809972604,65.25890804650697,1,0,0,1,0,1
4.3,10,13.58701498388046,238.57493600690472,1,1,0,0,0,0
4.3,10,13.976645683355768,519.5961373851926,1,0,0,1,0,0
4.3,10,13.940474305080894,143.7361843215816,1,1,0,0,0,0
4.3,10,13.947429155497357,307.5344866721535,1,1,0,0,0,0
4.3,10,13.70145180036494,121.45287760722545,1,1,0,0,0,0
4.3,10,13.212784677755083,123.5653856367438,1,1,0,0,0,0
4.3,10,13.296782268264495,232.111318029287,1,1,0,0,0,0
4.3,10,13.255606369533874,97.74138654644211,1,1,0,0,0,0
4.3,10,12.765062911138228,133.42251518382542,1,1,0,0,0,0
4.3,10,12.784450417248268,15.450885129215468,1,1,0,0,0,0
4.3,10,12.785221845603331,13.489871069172011,1,1,0,0,0,0
4.3,10,12.53274795541343,13.13687919785574,1,1,0,0,0,0
4.3,10,12.759560018507395,51.24393220330757,1,1,0,0,0,0
4.3,10,13.12802540154948,1187.046168608776,1,0,0,1,0,0
4.3,10,12.70338462550797,747.5313440579326,1,0,0,1,0,0
4.3,10,13.279011101591088,769.9619607304982,1,1,0,0,0,0
4.3,10,13.728025654267908,171.1734775614018,1,1,0,0,0,0
4.3,10,13.770767224312149,334.9678178437784,1,1,0,0,0,0
4.3,10,13.811944015782442,411.18751093370406,1,1,0,0,0,0
4.3,10,13.562567571640995,407.102788710132,1,1,0,0,0,0
4.3,10,13.819910922483256,54.2445204920496,1,1,0,0,0,0
4.3,10,13.660934552730316,916.4268990592798,1,1,0,0,0,0
4.3,10,12.730656676554892,316.63835191233113,1,1,0,0,0,0
4.3,10,13.411374518107545,495.6710874864089,1,1,0,0,0,0
4.3,10,13.272024175461238,198.6019367055612,1,1,0,0,0,0
4.3,10,12.544841300493452,119.03675328779045,1,1,0,0,0,0
4.3,10,13.522352631409245,41.31239571139946,1,1,0,0,0,0
4.3,10,13.86005749994144,339.26294224917825,1,1,0,0,0,0
4.3,10,13.63944729978526,13.698035131360236,1,1,0,0,0,0
4.3,10,13.580207773740725,128.77996129876863,1,1,0,0,0,0
4.3,10,13.713788817515304,180.24233839721893,1,1,0,0,0,0
4.3,10,13.914508852832707,99.2498644110216,1,1,0,0,0,0
4.3,10,13.811446961734193,129.55732422407158,1,1,0,0,0,0
4.3,10,13.822153592313027,276.25228566117653,1,1,0,0,0,0
4.3,10,13.59849716196043,136.06629036382265,1,1,0,0,0,0
4.3,10,13.550702213636916,100.9470898002742,1,1,0,0,0,0
4.3,10,13.622291674301607,21.44792909648802,1,1,0,0,0,0
4.3,10,13.653989889701377,514.1411680009701,1,1,0,0,0,0
4.3,10,13.25155129955644,60.982999919924254,1,1,0,0,0,0
4.3,10,13.51485142530352,15.111157297998584,1,0,0,1,0,1
4.3,10,13.382582996366516,133.90614867287957,1,1,0,0,0,0
4.3,10,13.37317431783212,163.82462989892528,1,1,0,0,0,0
4.3,10,13.63584043436338,84.24327576902948,1,1,0,0,0,0
4.3,10,13.684997485862633,129.61859453045727,1,1,0,0,0,0
4.3,10,13.575067467888898,76.24010312462525,1,1,0,0,0,0
4.3,10,13.571570093194474,178.0630809675996,1,1,0,0,0,0
4.3,10,13.324542482054325,255.2195822720508,1,1,0,0,0,0
4.3,10,12.978849581662017,885.9919035661948,1,1,0,0,0,0
4.3,10,13.175347987636693,148.2584866110292,1,1,0,0,0,0
4.3,10,13.367656861396895,374.6173122755369,1,1,0,0,0,0
4.3,10,13.221081342895316,69.70291159032244,1,1,0,0,0,0
4.3,10,13.029980161181165,83.17573624950992,1,1,0,0,0,0
4.3,10,13.314898687900524,64.76223194849538,1,1,0,0,0,0
4.3,10,13.006578317956784,94.33007155828764,1,1,0,0,0,0
4.3,10,13.10303910650624,346.0959215535913,1,1,0,0,0,0
4.3,10,13.314243290488838,75.93712483102733,1,1,0,0,0,0
4.3,10,14.919610114094075,331.554603652956,1,0,0,1,0,0
4.3,10,15.258886975808837,315.7390817173245,1,1,0,0,0,0
4.3,10,15.137674692110918,32.56428721580276,1,1,0,0,0,0
4.3,10,15.05129148897784,44.11741526256323,1,0,0,1,0,0
4.3,10,14.99942743877504,31.72598781217374,1,0,0,1,0,0
4.3,10,14.982141989785232,404.19417318668746,1,0,1,0,0,1
4.3,10,15.089225580326358,51.4131648738046,1,0,1,0,0,1
4.3,10,14.95129072318514,353.16363512394764,1,0,1,0,0,1
4.3,10,14.832686550440462,40.20444519337948,1,0,1,0,0,1
4.3,10,14.912443771837548,35.00086031840798,1,1,0,0,0,0
4.3,10,14.84840390524132,27.340483666816485,1,0,0,1,0,1
4.3,10,14.832686550440462,40.21272661398304,1,0,1,0,0,1
4.3,10,14.408246956247874,129.19266190598557,1,1,0,0,0,0
4.3,10,14.33288747135505,64.9284344064769,1,0,0,1,0,1
4.3,10,14.326472095789471,65.13043903381312,1,0,0,1,0,1
4.3,10,14.420508017651608,9.320297629368602,1,0,0,1,0,0
4.3,10,14.516334001671495,10.436297276152713,1,1,0,0,0,0
4.3,10,14.258813587465584,14.992176649305009,1,0,0,1,0,0
4.3,10,14.4070926576482,102.47033130282892,1,1,0,0,0,0
4.3,10,14.14649537988043,224.6811941158504,1,1,0,0,0,0
4.3,10,14.217077048732238,190.27561546864044,1,1,0,0,0,0
4.3,10,14.216225921134011,192.5094739756776,1,1,0,0,0,0
4.3,10,14.56743645540928,445.5267249432695,1,1,0,0,0,0
4.3,10,14.574812694142688,242.70031060776896,1,1,0,0,0,0
4.3,10,14.625093808763433,584.5065356555798,1,1,0,0,0,0
4.3,10,14.7039092477094,532.3025448834971,1,1,0,0,0,0
4.3,10,15.534353972435962,448.9309502950244,1,1,0,0,0,0
4.3,10,14.940368580762518,362.52284962796375,1,0,0,1,0,1
4.3,10,16.031858117367516,788.5675386573193,1,1,0,0,0,0
4.3,10,15.205248075418565,316.705556542717,1,0,0,1,0,1
4.3,10,14.591453922574011,643.5928614428785,1,0,0,1,0,1
4.3,10,14.207899486853188,282.7840937171931,1,0,0,1,0,1
4.3,10,14.583625918346762,642.8961770912376,1,0,0,1,0,1
4.3,10,14.20091019983654,284.625764095446,1,0,0,1,0,1
4.3,10,15.196118068028197,317.52984256478544,1,0,0,1,0,1
4.3,10,14.948936744230886,363.70997014860257,1,0,0,1,0,1
4.3,10,15.518976227538518,1126.4744744292072,1,0,1,0,0,1
4.3,10,14.505443888593048,868.2248089879133,1,0,0,1,0,0
4.3,10,15.18519641248764,219.3477727307061,1,1,0,0,0,0
4.3,10,15.15544678090174,232.65771112706983,1,1,0,0,0,0
4.3,10,16.05033791529141,789.8022156042739,1,0,0,1,0,1
4.3,10,15.49614001964963,1120.4738027034032,1,0,1,0,0,1
4.3,10,15.129652780883273,64.94454752445316,1,0,1,0,0,1
4.3,10,15.142044116848048,62.50453250745959,1,0,1,0,0,1
4.3,10,15.147366995687896,533.8939857114128,1,1,0,0,0,0
4.3,10,14.987094054889289,102.87030171208376,1,1,0,0,0,0
4.3,10,15.068637839413402,49.77578655603914,1,1,0,0,0,0
4.3,10,14.978420101163923,367.7401531448594,1,1,0,0,0,0
4.3,10,15.54846056934964,64.9139489659875,1,1,0,0,0,0
4.3,10,15.672338496436527,199.3394868464553,1,1,0,0,0,0
4.3,10,15.977659219561726,154.94614079338885,1,1,0,0,0,0
4.3,10,15.762191557047029,412.8379336713797,1,1,0,0,0,0
4.3,10,15.55564820870741,373.5296428497567,1,1,0,0,0,0
4.3,10,15.428726988818374,701.620161749252,1,1,0,0,0,0
4.3,10,15.506967312264177,319.05224050944923,1,1,0,0,0,0
4.3,10,15.468758414451814,414.00384665086574,1,1,0,0,0,0
4.3,10,15.520090367821275,164.14496974224124,1,1,0,0,0,0
4.3,10,15.48975460669245,143.12164793001298,1,1,0,0,0,0
4.3,10,15.398612797499844,221.90821506300333,1,1,0,0,0,0
4.3,10,15.324443574860387,222.3774670374084,1,1,0,0,0,0
4.3,10,15.14979882816701,101.9494049771024,1,1,0,0,0,0
4.3,10,15.297545945083964,165.46230270563447,1,1,0,0,0,0
4.3,10,15.313330852918654,462.5933168635979,1,1,0,0,0,0
4.3,10,15.32274545492311,292.2554527404765,1,1,0,0,0,0
4.3,10,15.562236894389594,245.3041954858478,1,1,0,0,0,0
4.3,10,15.642938099895108,331.5559374045997,1,1,0,0,0,0
4.3,10,15.947847996018352,10.057928025065891,1,1,0,0,0,0
4.3,10,15.569892571228774,324.3552767445024,1,0,0,1,0,1
4.3,10,15.563297251553106,322.16284422909416,1,0,0,1,0,1
4.3,10,15.316330185443444,151.83959291089937,1,1,0,0,0,0
4.3,10,15.082470013208065,367.3976011025552,1,1,0,0,0,0
4.3,10,15.096770140267347,47.99885152573137,1,1,0,0,0,0
4.3,10,15.681306155179977,76.98464414136139,1,0,0,1,0,1
4.3,10,15.642074184290252,245.25710402327672,1,1,0,0,0,0
4.3,10,15.728724361498614,94.5274699262171,1,1,0,0,0,0
4.3,10,15.769114876049972,71.89241771136562,1,1,0,0,0,0
4.3,10,15.73036653295428,326.7709872930001,1,1,0,0,0,0
4.3,10,15.788965917190907,258.2724959038204,1,1,0,0,0,0
4.3,10,15.170860049307215,172.06815810864876,1,1,0,0,0,0
4.3,10,15.298673385792702,161.95122421944146,1,1,0,0,0,0
4.3,10,15.264209122298912,30.67602338377884,1,1,0,0,0,0
4.3,10,15.370023981158424,170.08206611835314,1,0,0,1,0,1
4.3,10,15.378101103348625,171.18281509499764,1,0,0,1,0,1
4.3,10,15.439477263591018,71.7426766025203,1,0,0,1,0,1
4.3,10,15.468788201390318,53.97260441241113,1,1,0,0,0,0
4.3,10,15.773426791990326,126.62384770000747,1,1,0,0,0,0
4.3,10,15.239468897814104,294.6452652703528,1,1,0,0,0,0
4.3,10,15.143521953875643,255.51795579965136,1,1,0,0,0,0
4.3,10,15.238784786840192,147.4361369461943,1,1,0,0,0,0
4.3,10,15.004915600114389,48.082004968690704,1,1,0,0,0,0
4.3,10,15.07112760100827,141.25205651085025,1,1,0,0,0,0
4.3,10,14.999466190897412,245.0210175107585,1,1,0,0,0,0
4.3,10,15.11880792230848,286.7942790979734,1,1,0,0,0,0
4.3,10,14.884364467533208,53.00276822097079,1,1,0,0,0,0
4.3,10,15.101223418341291,217.971612971166,1,1,0,0,0,0
4.3,10,14.950776296908526,243.02477513138183,1,1,0,0,0,0
4.3,10,14.836719466463244,81.14760562711908,1,1,0,0,0,0
4.3,10,14.80147679887798,187.4540803195179,1,1,0,0,0,0
4.3,10,14.787879359002284,53.79682823533998,1,1,0,0,0,0
4.3,10,14.817802914677252,141.9571379622363,1,1,0,0,0,0
4.3,10,14.913686347772476,242.3794492221995,1,1,0,0,0,0
4.3,10,15.090448992611636,154.19841631923757,1,1,0,0,0,0
4.3,10,15.00765883788677,55.48766188044418,1,1,0,0,0,0
4.3,10,15.023572054568566,108.43853404737727,1,1,0,0,0,0
4.3,10,15.033875841819956,100.2906784715034,1,1,0,0,0,0
4.3,10,15.066685449370963,119.30308758284664,1,1,0,0,0,0
4.3,10,15.026726648510753,56.49582538786116,1,1,0,0,0,0
4.3,10,15.177172015351584,89.39262039229854,1,1,0,0,0,0
4.3,10,15.156053941174145,141.07682318329458,1,1,0,0,0,0
4.3,10,15.114922847441717,172.62488384718085,1,1,0,0,0,0
4.3,10,15.044964696729911,190.1255406897863,1,1,0,0,0,0
4.3,10,15.251016502592895,531.1449472118136,1,1,0,0,0,0
4.3,10,15.2350147560374,234.6212838496077,1,1,0,0,0,0
4.3,10,15.204538021181756,242.3462626046213,1,1,0,0,0,0
4.3,10,15.30428213212262,49.6482261773561,1,1,0,0,0,0
4.3,10,15.218229127730478,87.35205894337838,1,1,0,0,0,0
4.3,10,15.272861435614598,50.70918931643571,1,1,0,0,0,0
4.3,10,15.104885360065555,41.50175387207327,1,1,0,0,0,0
4.3,10,15.135714494252271,45.52193033322545,1,1,0,0,0,0
4.3,10,15.168707303326862,45.93643107409793,1,1,0,0,0,0
4.3,10,15.021204385742507,9.454279351658084,1,1,0,0,0,0
4.3,10,14.966550385540517,245.81524950124705,1,1,0,0,0,0
4.3,10,15.095024604921544,88.87078504415545,1,0,0,1,0,1
4.3,10,15.184207732571092,16.421297550863546,1,1,0,0,0,0
4.3,10,14.286875556349711,190.01997829510816,1,1,0,0,0,0
4.3,10,14.133697738187584,66.54188029137103,1,1,0,0,0,0
4.3,10,14.023703248806216,92.88297699180112,1,1,0,0,0,0
4.3,10,14.38113955361911,138.931680885543,1,1,0,0,0,0
4.3,10,14.132695807043822,43.66191194056015,1,1,0,0,0,0
4.3,10,14.10352968088358,10.012622180216962,1,0,0,1,0,1
4.3,10,14.235414244539214,102.35028309612298,1,1,0,0,0,0
4.3,10,14.24675661809281,191.1641639205736,1,1,0,0,0,0
4.3,10,14.030033584278994,244.0278573321124,1,1,0,0,0,0
4.3,10,14.314163366114062,246.7179241602205,1,1,0,0,0,0
4.3,10,14.496403117342512,207.10653736112607,1,1,0,0,0,0
4.3,10,14.184687508574694,17.80462200996548,1,1,0,0,0,0
4.3,10,14.243091796549034,146.71645004646592,1,1,0,0,0,0
4.3,10,14.170554084847096,56.48156595115452,1,1,0,0,0,0
4.3,10,14.130350077030888,51.57047702449298,1,1,0,0,0,0
4.3,10,14.098612076644258,9.988348466384789,1,1,0,0,0,0
4.3,10,14.173395837671729,199.50162791304783,1,1,0,0,0,0
4.3,10,14.1422918197664,103.8950929163343,1,1,0,0,0,0
4.3,10,13.789954089817122,251.838675199694,1,1,0,0,0,0
4.3,10,13.545561237205233,217.75062539124173,1,1,0,0,0,0
4.3,10,13.771517547640968,408.31078458733657,1,1,0,0,0,0
4.3,10,13.781461243877548,252.01843281488576,1,1,0,0,0,0
4.3,10,13.701676976187796,145.27030355970476,1,1,0,0,0,0
4.3,10,13.458983536556795,95.3148844064081,1,1,0,0,0,0
4.3,10,13.59096739939023,110.30188894761886,1,1,0,0,0,0
4.3,10,13.93615287347551,86.37789708518451,1,1,0,0,0,0
4.3,10,13.76192512062852,153.56652893413863,1,1,0,0,0,0
4.3,10,13.99161398229002,50.165926531953815,1,1,0,0,0,0
4.3,10,13.94153275644998,51.17887771223258,1,1,0,0,0,0
4.3,10,14.26456329851878,899.0035563781269,1,0,0,1,0,1
4.3,10,14.709017667287876,542.9756577682066,1,0,0,1,0,1
4.3,10,13.693366222323966,380.8873992987132,1,1,0,0,0,0
4.3,10,13.697014808217526,143.87816000950835,1,1,0,0,0,0
4.3,10,13.899910658537625,308.7702694699147,1,1,0,0,0,0
4.3,10,13.994739291486503,429.2024679520272,1,1,0,0,0,0
4.3,10,14.03457479360875,431.6016102903381,1,1,0,0,0,0
4.3,10,14.106067659279908,648.0568143586947,1,1,0,0,0,0
4.3,10,13.942239982514092,307.6580487134016,1,1,0,0,0,0
4.3,10,14.189426067423437,474.98918996679095,1,1,0,0,0,0
4.3,10,14.229194737175623,472.7345833647447,1,1,0,0,0,0
4.3,10,14.309712675249374,479.3197150857478,1,1,0,0,0,0
4.3,10,13.954278536579404,85.1044503882953,1,1,0,0,0,0
4.3,10,13.821916669562968,286.8522100470911,1,1,0,0,0,0
4.3,10,14.617138665377482,384.18212810651374,1,1,0,0,0,0
4.3,10,14.357507839209562,580.430312714662,1,1,0,0,0,0
4.3,10,14.522210708831626,326.0537625773193,1,1,0,0,0,0
4.3,10,14.541682961643891,333.3780281206402,1,1,0,0,0,0
4.3,10,14.640101544333469,786.0609490614431,1,1,0,0,0,0
4.3,10,14.571020669207272,295.5275314405337,1,1,0,0,0,0
4.3,10,14.638862720841662,404.6265890726759,1,1,0,0,0,0
4.3,10,14.676479132238477,403.7635116056796,1,1,0,0,0,0
4.3,10,14.718424788925072,402.7404886489337,1,1,0,0,0,0
4.3,10,14.911175720984348,365.6216884926444,1,1,0,0,0,0
4.3,10,14.91537858702335,323.96065858977124,1,1,0,0,0,0
4.3,10,14.80012674702094,271.1560083890394,1,1,0,0,0,0
4.3,10,14.76218859792961,271.5737051526084,1,1,0,0,0,0
4.3,10,14.722478181660057,271.9878234385009,1,1,0,0,0,0
4.3,10,14.269646149198929,659.0567543304383,1,1,0,0,0,0
4.3,10,14.425258290723526,435.2087073473136,1,1,0,0,0,0
4.3,10,13.64601041990355,478.6018740214645,1,1,0,0,0,0
4.3,10,13.735942162465872,406.4590318162548,1,1,0,0,0,0
4.3,10,13.88287749052723,199.26633250243444,1,1,0,0,0,0
4.3,10,15.003050446345185,406.1539597133449,1,0,0,1,0,1
4.3,10,13.935986073695885,50.231448552843375,1,1,0,0,0,0
4.3,10,14.25428697053001,492.7955557985834,1,1,0,0,0,0
4.3,10,13.973541603327078,144.18740635167208,1,1,0,0,0,0
4.3,10,13.5034029100385,136.13011329001966,1,1,0,0,0,0
4.3,10,13.407991061218132,193.9285186714241,1,1,0,0,0,0
4.3,10,14.6119061703731,159.56372194352153,1,1,0,0,0,0
4.3,10,14.56438336262283,201.26557865112315,1,1,0,0,0,0
4.3,10,14.5252157635528,199.4663043122431,1,1,0,0,0,0
4.3,10,14.471239682221904,151.25084609745494,1,1,0,0,0,0
4.3,10,14.586119913268666,349.0232773513684,1,1,0,0,0,0
4.3,10,14.173589680840529,383.0356055431566,1,1,0,0,0,0
4.3,10,13.970594587153924,361.8232614550508,1,1,0,0,0,0
4.3,10,14.122238734742156,85.30170104859621,1,1,0,0,0,0
4.3,10,14.223324643892717,1013.4040285346738,1,0,0,1,0,1
4.3,10,15.012816078988124,413.49496489928737,1,0,0,1,0,1
4.3,10,14.711033712250533,550.7597029039908,1,0,0,1,0,1
4.3,10,14.355704697644263,173.29270262121605,1,1,0,0,0,0
4.3,10,14.533205453997576,187.4060474542374,1,1,0,0,0,0
4.3,10,13.303279066717332,91.00239885488214,1,1,0,0,0,0
4.3,10,13.91383333910235,153.4419729117976,1,1,0,0,0,0
4.3,10,14.797888739364732,662.3621793417724,1,0,0,1,0,1
4.3,10,14.67989046252985,109.58342598796187,1,1,0,0,0,0
4.3,10,14.770226608240783,142.27085097726945,1,1,0,0,0,0
4.3,10,14.793360579209878,549.0119157076114,1,0,0,1,0,1
4.3,10,14.747689519643474,403.0195486695157,1,1,0,0,0,0
4.3,10,14.81696356053495,142.8172072570603,1,1,0,0,0,0
4.3,10,14.805048827942436,134.44169197583506,1,1,0,0,0,0
4.3,10,14.843475910411298,78.79435087787674,1,1,0,0,0,0
4.3,10,14.784627084235776,178.2257195390242,1,1,0,0,0,0
4.3,10,14.747242971170497,205.77528487920603,1,1,0,0,0,0
4.3,10,14.43757296246264,51.02395229273801,1,1,0,0,0,0
4.3,10,14.70330429011675,229.41595064700493,1,1,0,0,0,0
4.3,10,14.757725848798284,128.72217651300977,1,0,0,1,0,1
4.3,10,14.831198608399928,121.71001300373209,1,1,0,0,0,0
4.3,10,14.744787169444924,116.22869552595589,1,1,0,0,0,0
4.3,10,14.79408566284425,83.69186782408747,1,0,0,1,0,1
4.3,10,14.786761706200776,83.89559809916274,1,0,0,1,0,1
4.3,10,14.75639816669334,6.217325855061672,1,0,0,1,0,1
4.3,10,14.648399968314925,86.28834022873454,1,1,0,0,0,0
4.3,10,14.681379147450402,78.10920586011439,1,1,0,0,0,0
4.3,10,14.81676338675578,15.083537578835651,1,1,0,0,0,0
4.3,10,14.728781888388676,56.76679656268043,1,0,0,1,0,0
4.3,10,15.097917772395572,197.51045045341388,1,1,0,0,0,0
4.3,10,14.19371871371267,458.0099510924268,1,1,0,0,0,0
4.3,10,14.521539738242268,246.9136745595643,1,1,0,0,0,0
4.3,10,14.48234374652366,246.25136425183925,1,1,0,0,0,0
4.3,10,14.489519874299855,65.55453889122302,1,1,0,0,0,0
4.3,10,14.488306972162798,126.24410297353052,1,1,0,0,0,0
4.3,10,14.124317072247113,192.48538998425911,1,1,0,0,0,0
4.3,10,14.153771168577258,181.68164609045925,1,1,0,0,0,0
4.3,10,14.28613634302505,62.40315162211422,1,1,0,0,0,0
4.3,10,14.180248851425224,96.97052008513528,1,1,0,0,0,0
4.3,10,14.256525089608571,130.28210329027422,1,1,0,0,0,0
4.3,10,14.004358826866431,50.40398183719382,1,1,0,0,0,0
4.3,10,14.15969369406608,13.87086191970756,1,1,0,0,0,0
4.3,10,14.158759353055263,31.88140942087416,1,1,0,0,0,0
4.3,10,14.190730010953953,56.71530039759492,1,1,0,0,0,0
4.3,10,14.129052589339516,82.46417237983707,1,1,0,0,0,0
4.3,10,14.181877974067456,172.6161232170989,1,1,0,0,0,0
4.3,10,14.540960507781564,45.34640085010094,1,1,0,0,0,0
4.3,10,14.397849681675025,206.00641529141865,1,1,0,0,0,0
4.3,10,14.47307436404468,8.761477560805906,1,0,0,1,0,1
4.3,10,14.37138294407596,235.4621008947322,1,0,0,1,0,0
4.3,10,14.149491010548305,34.097650129589056,1,1,0,0,0,0
4.3,10,14.32418767032071,204.39995445533145,1,1,0,0,0,0
4.3,10,16.76954345719367,114.19768140748344,0,1,0,0,0,0
4.3,10,16.730440483451073,264.46540801503187,0,1,0,0,0,0
4.3,10,16.69025102851372,264.048287537012,0,1,0,0,0,0
4.3,10,16.93466991655881,187.88544109940167,0,1,0,0,0,0
4.3,10,16.87631391057386,11.87679803999491,0,1,0,0,0,0
4.3,10,17.020465460844772,205.6546404854465,0,1,0,0,0,0
4.3,10,17.001751866422858,140.57000709104057,0,1,0,0,0,0
4.3,10,16.29307835325787,244.053958616738,0,1,0,0,0,0
4.3,10,16.514980500647606,244.0464645110572,0,1,0,0,0,0
4.3,10,16.901827611649605,37.2979303025436,0,0,0,1,0,1
4.3,10,16.636719761195096,218.19755931096608,0,1,0,0,0,0
4.3,10,16.324350717981073,244.37461446846189,0,1,0,0,0,0
4.3,10,16.67285394806307,218.46507304616915,0,1,0,0,0,0
4.3,10,16.386127453166843,217.0606771164612,0,1,0,0,0,0
4.3,10,16.47900816756034,46.21531511347977,0,1,0,0,0,0
4.3,10,16.603664458091018,297.14263437022163,0,1,0,0,0,0
4.3,10,16.47552363092612,263.5920615424484,0,1,0,0,0,0
4.3,10,16.54929821078417,244.4583136930322,0,1,0,0,0,0
4.3,10,16.267450516363137,245.0317405459283,0,1,0,0,0,0
4.3,10,16.29856470603914,245.4708506287648,0,1,0,0,0,0
4.3,10,16.90047379036129,97.36997330728266,0,0,1,0,0,1
4.3,10,16.35958836726832,244.7156354122185,0,1,0,0,0,0
4.3,10,16.442126593673525,55.820994958328136,0,1,0,0,0,0
4.3,10,16.730433749340023,49.72883549286616,0,1,0,0,0,0
4.3,10,16.385958265533695,117.11829124722088,0,1,0,0,0,0
4.3,10,16.439535698338435,263.25188306202034,0,1,0,0,0,0
4.3,10,16.4609499431323,100.63249067870652,0,1,0,0,0,0
4.3,10,16.907651219638034,59.05191731219167,0,0,0,1,0,1
4.3,10,16.85796496866064,42.4550917675463,0,1,0,0,0,0
4.3,10,16.89207914884944,28.809513279536613,0,0,1,0,0,1
4.3,10,16.861802664911796,42.376746106207406,0,0,1,0,0,1
4.3,10,16.92468847087429,37.91031307075006,0,0,1,0,0,1
4.3,10,16.54418398917181,200.76320128289424,0,1,0,0,0,0
4.3,10,16.49983719755599,185.4945895445284,0,1,0,0,0,0
4.3,10,16.416709184917515,672.453239885764,0,1,0,0,0,0
4.3,10,17.069326404522712,309.4935534607309,0,1,0,0,0,0
4.3,10,16.614610902332537,636.2030794264614,0,0,1,0,0,1
4.3,10,16.673596941965254,732.246931114232,0,0,1,0,0,1
4.3,10,16.547244143597574,239.92838405783965,0,1,0,0,0,0
4.3,10,16.759911662432355,224.9446722683999,0,1,0,0,0,0
4.3,10,16.61258454705665,240.24064689098373,0,1,0,0,0,0
4.3,10,16.57857405242343,240.0826645383587,0,1,0,0,0,0
4.3,10,16.810029088446104,166.91708859424784,0,1,0,0,0,0
4.3,10,16.881966962735415,10.471565364424976,0,1,0,0,0,0
4.3,10,17.422365873627157,471.41808301673024,0,1,0,0,0,0
4.3,10,17.18133190075993,361.0621158602297,0,1,0,0,0,0
4.3,10,18.70605556366908,1075.3079286565464,0,1,0,0,0,0
4.3,10,18.50514734891504,186.10210107427443,0,1,0,0,0,0
4.3,10,17.441443216168462,694.6583876890359,0,1,0,0,0,0
4.3,10,15.914252553495292,378.0426131970976,1,1,0,0,0,0
4.3,10,16.357151821097723,119.41566520055883,0,0,1,0,0,1
4.3,10,16.116601221507093,84.35476600898936,1,1,0,0,0,0
4.3,10,16.079860355297274,83.36086563371009,1,1,0,0,0,0
4.3,10,16.135471195627105,80.70698102358016,1,1,0,0,0,0
4.3,10,16.184273949354562,55.8456231869791,1,1,0,0,0,0
4.3,10,16.150173495611128,39.6652556649684,1,1,0,0,0,0
4.3,10,16.20883233870074,11.539202773204668,0,1,0,0,0,0
4.3,10,16.12852816060741,52.848772194566536,1,1,0,0,0,0
4.3,10,16.0427309855355,83.17533190158613,1,1,0,0,0,0
4.3,10,16.052387820555055,58.82771953112463,1,1,0,0,0,0
4.3,10,16.050273288624876,51.86447017515467,1,1,0,0,0,0
4.3,10,15.993393897637636,106.79806249070587,1,1,0,0,0,0
4.3,10,16.175766616242278,81.37409394987117,1,1,0,0,0,0
4.3,10,16.09160995371309,53.30286676954589,1,1,0,0,0,0
4.3,10,16.026519623361793,31.446319879088392,1,1,0,0,0,0
4.3,10,16.314076180402843,18.29788639912347,0,1,0,0,0,0
4.3,10,16.279067730183222,33.31829643257721,0,1,0,0,0,0
4.3,10,16.394083537718767,14.335754367552674,0,0,1,0,0,0
4.3,10,16.329070313752513,12.850819625794609,0,0,1,0,0,0
4.3,10,15.668359609091327,79.99959880240341,1,1,0,0,0,0
4.3,10,15.628831081568013,95.5802322725434,1,1,0,0,0,0
4.3,10,15.727731641070678,51.44174600138202,1,1,0,0,0,0
4.3,10,15.636664492242268,289.4619074271157,1,1,0,0,0,0
4.3,10,15.678732748122473,512.1019317233206,1,1,0,0,0,0
4.3,10,15.848876540880964,329.4826849836558,1,0,1,0,0,1
4.3,10,15.872581338714896,76.32715277615408,1,1,0,0,0,0
4.3,10,15.632574885242498,28.85627074171481,1,1,0,0,0,0
4.3,10,15.695135998156296,96.62822442698148,1,1,0,0,0,0
4.3,10,15.574531324074892,28.9556733349078,1,1,0,0,0,0
4.3,10,15.654308021156131,27.84221241386296,1,1,0,0,0,0
4.3,10,15.6190946744339,50.54421960735315,1,1,0,0,0,0
4.3,10,15.576842222772717,292.8785626209772,1,1,0,0,0,0
4.3,10,15.79641557161148,23.03851182479792,1,1,0,0,0,0
4.3,10,16.002186567613855,49.46851428316447,1,1,0,0,0,0
4.3,10,15.831949404476722,44.5554203876351,1,1,0,0,0,0
4.3,10,15.77523181055906,27.23368004957509,1,1,0,0,0,0
4.3,10,15.786827590270867,23.24948346144852,1,1,0,0,0,0
4.3,10,15.76458003305438,27.205277085523605,1,1,0,0,0,0
4.3,10,15.977531416316054,62.58313720886182,1,1,0,0,0,0
4.3,10,15.91690709790066,47.55029301516164,1,1,0,0,0,0
4.3,10,15.83121162213076,100.2772670813651,1,1,0,0,0,0
4.3,10,16.676039707530766,893.1541605066424,0,1,0,0,0,0
4.3,10,15.263042949007437,487.2970117754178,1,1,0,0,0,0
4.3,10,16.126161517293358,570.0560839355832,1,0,1,0,0,1
4.3,10,16.074965506676165,818.114634637849,1,0,0,1,0,0
4.3,10,16.65484771158163,221.8338571895152,0,1,0,0,0,0
4.3,10,16.25127672425265,406.3657136786584,0,1,0,0,0,0
4.3,10,16.101773263259183,611.7397390899404,1,1,0,0,0,0
4.3,10,17.1394009767254,130.50191867408162,0,1,0,0,0,0
4.3,10,17.106677480196062,106.87651003869236,0,1,0,0,0,0
4.3,10,15.765773342007986,597.6456141687039,1,1,0,0,0,0
4.3,10,15.526889727630705,982.1445564370172,1,0,1,0,0,1
4.3,10,15.540993008886396,862.1747160565099,1,1,0,0,0,0
4.3,10,16.132687546525425,562.8242443444443,1,0,1,0,0,1
4.3,10,15.548698349365887,980.5873583570118,1,0,1,0,0,1
4.3,10,16.952744935394133,471.8841836527543,0,1,0,0,0,0
4.3,10,16.922013112486834,319.44948590111886,0,1,0,0,0,0
4.3,10,17.096940494947162,80.66939676464774,0,1,0,0,0,0
4.3,10,16.493699924713333,729.7013711902121,0,1,0,0,0,0
4.3,10,16.22598665572399,413.97819468045066,0,1,0,0,0,0
4.3,10,16.21167973202943,470.75391214852135,0,1,0,0,0,0
4.3,10,16.153359575242746,90.99690791030886,1,1,0,0,0,0
4.3,10,16.033514170714977,291.15854519198734,1,1,0,0,0,0
4.3,10,16.05205619129784,202.379036466918,1,1,0,0,0,0
4.3,10,16.09541210126327,160.24613937278292,1,1,0,0,0,0
4.3,10,15.631009775945875,207.16539591749145,1,1,0,0,0,0
4.3,10,16.449391529075903,342.079427816233,0,1,0,0,0,0
4.3,10,16.479022405075465,176.3825255987698,0,1,0,0,0,0
4.3,10,16.371649748765783,109.98889515752528,0,1,0,0,0,0
4.3,10,15.663681941270411,69.90859397516445,1,1,0,0,0,0
4.3,10,16.256096971630072,817.462368836812,0,1,0,0,0,0
4.3,10,16.154212383535203,89.70860605890148,1,1,0,0,0,0
4.3,10,16.61193484092404,73.93220039562287,0,1,0,0,0,0
4.3,10,16.972034277758908,96.43822521934496,0,1,0,0,0,0
4.3,10,16.795724530404776,120.37671831563196,0,1,0,0,0,0
4.3,10,16.832138112280884,135.17065698416746,0,1,0,0,0,0
4.3,10,16.89331661840507,45.03329584849755,0,1,0,0,0,0
4.3,10,16.390936743629993,91.6865128817842,0,1,0,0,0,0
4.3,10,16.61886623426735,367.4650814826636,0,1,0,0,0,0
4.3,10,16.390178632033145,50.54223865034507,0,1,0,0,0,0
4.3,10,16.333570993455094,260.80379045887673,0,1,0,0,0,0
4.3,10,16.18137726701386,573.9386975330156,1,1,0,0,0,0
4.3,10,16.457168450349002,144.33908526238798,0,1,0,0,0,0
4.3,10,16.422901005504592,300.36938202901746,0,1,0,0,0,0
4.3,10,16.43590556199214,102.01738217256316,0,1,0,0,0,0
4.3,10,16.140484928203325,305.91097547168613,1,1,0,0,0,0
4.3,10,16.007927317903913,69.41577018038316,1,1,0,0,0,0
4.3,10,15.192551507386188,134.90154119866236,1,1,0,0,0,0
4.3,10,15.21722323531357,132.05918250868115,1,1,0,0,0,0
4.3,10,15.38100106286038,30.22986281338782,1,1,0,0,0,0
4.3,10,15.287704317740555,91.00218908685709,1,1,0,0,0,0
4.3,10,15.318602733425186,28.26913731630865,1,1,0,0,0,0
4.3,10,15.172084292192563,46.5828831172477,1,1,0,0,0,0
4.3,10,15.133767485722734,147.37931221445731,1,1,0,0,0,0
4.3,10,15.426165599426971,324.776723723229,1,1,0,0,0,0
4.3,10,15.525430327535773,203.9755409177465,1,1,0,0,0,0
4.3,10,15.210160417155178,78.19758455998179,1,0,1,0,0,1
4.3,10,15.174955417629084,54.16969615113719,1,0,1,0,0,1
4.3,10,15.166832830012174,27.76453652823825,1,0,1,0,0,1
4.3,10,15.18937490061543,75.69114509622894,1,0,1,0,0,1
4.3,10,15.271430149452987,21.03902005078229,1,1,0,0,0,0
4.3,10,15.261245545083408,4.132342319004735,1,1,0,0,0,0
4.3,10,15.281917478172073,1.8744537752159347,1,1,0,0,0,0
4.3,10,15.417968296178566,133.03650926439838,1,1,0,0,0,0
4.3,10,15.432807922299729,25.57034603595447,1,1,0,0,0,0
4.3,10,15.431862280216103,168.4516590557837,1,1,0,0,0,0
4.3,10,15.321667780501246,23.427677842640943,1,1,0,0,0,0
4.3,10,15.392752657410457,26.08679394718236,1,1,0,0,0,0
4.3,10,15.263030134644511,72.69867829422496,1,1,0,0,0,0
4.3,10,15.246329300246694,51.1190504263312,1,1,0,0,0,0
4.3,10,15.253291112158498,63.88091430830356,1,1,0,0,0,0
4.3,10,15.068899930475554,233.8629467635245,1,1,0,0,0,0
4.3,10,15.17562971872322,49.584599704234,1,1,0,0,0,0
4.3,10,15.168918357759615,47.27535797076176,1,1,0,0,0,0
4.3,10,14.603971803916464,245.62067230764188,1,1,0,0,0,0
4.3,10,14.811812747904806,42.163342673176174,1,1,0,0,0,0
4.3,10,15.086198698495927,244.9548186485173,1,1,0,0,0,0
4.3,10,14.806231686125392,92.40428493856724,1,1,0,0,0,0
4.3,10,15.180362684019352,119.77197107711746,1,1,0,0,0,0
4.3,10,15.196064899176775,125.21371390299556,1,1,0,0,0,0
4.3,10,14.75460782960802,61.25161546569736,1,1,0,0,0,0
4.3,10,15.246265308275094,43.2535597212823,1,1,0,0,0,0
4.3,10,15.308626094597482,98.70249495381726,1,1,0,0,0,0
4.3,10,15.074737931743204,279.09398025829216,1,0,0,1,0,0
4.3,10,15.338168285486868,93.08453897350836,1,1,0,0,0,0
4.3,10,15.183596455782864,56.627548840093255,1,1,0,0,0,0
4.3,10,15.253521076450868,340.27747462200284,1,1,0,0,0,0
4.3,10,15.28683332046812,88.80970041827598,1,1,0,0,0,0
4.3,10,15.062811618982089,69.13151400047118,1,1,0,0,0,0
4.3,10,14.882441195720826,1113.8511541118462,1,0,1,0,0,1
4.3,10,15.45907965163125,365.64058158029206,1,1,0,0,0,0
4.3,10,15.361145916990475,267.96018620176386,1,1,0,0,0,0
4.3,10,15.023630373636545,365.1871400956596,1,1,0,0,0,0
4.3,10,14.828365908175334,689.4027669901633,1,1,0,0,0,0
4.3,10,14.861968797017717,636.0539900092799,1,1,0,0,0,0
4.3,10,14.916441568883556,567.9755112173814,1,1,0,0,0,0
4.3,10,14.997254215145718,575.3128646854993,1,1,0,0,0,0
4.3,10,15.034888336213294,574.7529353104052,1,1,0,0,0,0
4.3,10,15.069899112897197,540.1669721257488,1,1,0,0,0,0
4.3,10,15.086182149429405,436.8499428942665,1,1,0,0,0,0
4.3,10,14.64494128129006,695.9560480267629,1,1,0,0,0,0
4.3,10,14.604967530126414,577.6698545616057,1,1,0,0,0,0
4.3,10,14.623262520294537,335.22960069142937,1,1,0,0,0,0
4.3,10,14.692907671308326,696.1786365277121,1,1,0,0,0,0
4.3,10,14.738771389542658,696.3421948597148,1,1,0,0,0,0
4.3,10,15.191658974549805,371.1215325833661,1,1,0,0,0,0
4.3,10,15.146811920162763,308.45263110990464,1,1,0,0,0,0
4.3,10,15.107158164688794,309.0971036729504,1,1,0,0,0,0
4.3,10,14.993768862013384,395.3833305671154,1,1,0,0,0,0
4.3,10,14.920380531649862,269.850851830783,1,1,0,0,0,0
4.3,10,14.880693086824138,270.0867376542883,1,1,0,0,0,0
4.3,10,14.857846963440664,202.95513702110767,1,1,0,0,0,0
4.3,10,15.92346626381096,480.5993067445032,1,1,0,0,0,0
4.3,10,16.14633172580147,677.0056827811665,1,1,0,0,0,0
4.3,10,16.280294035180205,294.09364391176683,0,1,0,0,0,0
4.3,10,15.70422415763691,236.5121894100809,1,1,0,0,0,0
4.3,10,16.13165076727768,215.92521397608635,1,1,0,0,0,0
4.3,10,15.527581229693215,85.58510939368301,1,1,0,0,0,1
4.3,10,15.543826235323085,1140.9176808463385,1,1,0,0,0,0
4.3,10,15.312909795938332,107.5512141636794,1,1,0,0,0,0
4.3,10,15.785219287063832,1089.568008853888,1,1,0,0,0,0
4.3,10,16.407418245810096,334.59848703598726,0,1,0,0,0,0
4.3,10,15.237886410135976,28.385297681192583,1,1,0,0,0,0
4.3,10,14.95843305864327,567.1465731811318,1,1,0,0,0,0
4.3,10,15.278061631410914,92.74746145535966,1,1,0,0,0,0
4.3,10,16.072363987747266,228.36961989001304,1,1,0,0,0,0
4.3,10,15.3827044298637,254.70050304578703,1,1,0,0,0,0
4.3,10,15.162040142002212,1016.9636271395376,1,1,0,0,0,0
4.3,10,15.367298983683936,85.68664356395496,1,1,0,0,0,0
4.3,10,15.454187662111826,177.29661764545756,1,1,0,0,0,0
4.3,10,15.213810736724056,47.89412665502419,1,1,0,0,0,0
4.3,10,14.879074870059313,1145.0665308117518,1,0,1,0,0,1
4.3,10,16.20591366374167,207.8307273507556,0,1,0,0,0,0
4.3,10,15.916781838882162,159.94714305144652,1,1,0,0,0,0
4.3,10,15.85837395766972,99.44559028889792,1,1,0,0,0,0
4.3,10,15.644289279758372,255.5463066665477,1,1,0,0,0,0
4.3,10,16.33641085813916,90.99704585081024,0,1,0,0,0,0
4.3,10,16.41961201388479,196.00788780873137,0,1,0,0,0,0
4.3,10,15.323604292624774,167.35995366540533,1,1,0,0,0,0
4.3,10,15.324871298922703,167.19934341308138,1,1,0,0,0,0
4.3,10,15.349899211670913,96.6416411710695,1,1,0,0,0,0
4.3,10,15.308177349281069,274.6637791082936,1,1,0,0,0,0
4.3,10,15.786506398128244,137.04688419445134,1,1,0,0,0,0
4.3,10,15.59834993469147,34.03305275747826,1,1,0,0,0,0
4.3,10,15.435970144908213,156.76323288004022,1,1,0,0,0,0
4.3,10,15.444196266688373,158.00689483772993,1,1,0,0,0,0
4.3,10,16.127484026061786,279.2471374684297,1,1,0,0,0,0
4.3,10,15.892212759361868,626.182626684892,1,1,0,0,0,0
4.3,10,16.2785412808809,150.37827278922424,0,1,0,0,0,0
4.3,10,15.839600585466336,319.6097773391808,1,1,0,0,0,0
4.3,10,16.005011760177986,174.6947073483496,1,1,0,0,0,0
4.3,10,16.296843814535094,182.8723706910952,0,1,0,0,0,0
4.3,10,15.928850351881634,95.1571781591655,1,1,0,0,0,0
4.3,10,15.851892381766763,159.32359621683574,1,1,0,0,0,0
4.3,10,15.822866904194475,209.25018675548927,1,1,0,0,0,0
4.3,10,15.88681382656694,109.22252663560889,1,1,0,0,0,0
4.3,10,15.879120909184357,109.03418795763196,1,1,0,0,0,0
4.3,10,15.862452318482395,32.15380230084201,1,1,0,0,0,0
4.3,10,15.898244314137528,32.64770777076064,1,1,0,0,0,0
4.3,10,15.714033328088387,436.8478465019308,1,1,0,0,0,0
4.3,10,15.507656495403852,227.23487085076584,1,1,0,0,0,0
4.3,10,15.357897470792164,172.99903700253435,1,1,0,0,0,0
4.3,10,15.889199856566156,351.6862373132372,1,1,0,0,0,0
4.3,10,15.706900043598829,74.6131035105682,1,1,0,0,0,0
4.3,10,15.494810158554207,69.68496070580233,1,1,0,0,0,0
4.3,10,15.524186795442414,54.07112144871091,1,1,0,0,0,0
4.3,10,15.48865723296521,31.937224619393817,1,1,0,0,0,0
4.3,10,15.517043422173844,58.312806664206775,1,1,0,0,0,0
4.3,10,15.539847927163066,27.015194739222224,1,1,0,0,0,0
4.3,10,15.507377967707235,56.576996081587126,1,1,0,0,0,0
4.3,10,15.575706437662982,94.2362656584272,1,1,0,0,0,0
4.3,10,15.5967750276164,171.77667932183692,1,1,0,0,0,0
4.3,10,15.42378939430412,204.0842378773952,1,1,0,0,0,0
4.3,10,15.464702165893137,43.69911319642008,1,1,0,0,0,0
4.3,10,15.3541716224133,189.8703311806244,1,1,0,0,0,0
4.3,10,15.386427788538665,54.31677016947778,1,1,0,0,0,0
4.3,10,15.411822086684587,48.98321932558042,1,1,0,0,0,0
4.3,10,15.346311081170455,72.76683553684448,1,1,0,0,0,0
4.3,10,15.302973321140536,51.5365677994661,1,1,0,0,0,0
4.3,10,15.285704147764006,70.68655401911838,1,1,0,0,0,0
4.3,10,15.27535648509001,64.46686456253659,1,1,0,0,0,0
4.3,10,15.813343891154648,429.2517245917204,1,1,0,0,0,0
4.3,10,15.83261162244065,102.23043812250414,1,1,0,0,0,0
4.3,10,15.878132444095147,109.06679987004642,1,1,0,0,0,0
4.3,10,15.530457027167431,98.95604632474436,1,1,0,0,0,0
4.3,10,15.571376025669368,265.5589038451527,1,1,0,0,0,0
4.3,10,15.540540754480096,93.43806129677138,1,1,0,0,0,0
4.3,10,15.504238154446666,47.15578175262618,1,1,0,0,0,0
4.3,10,15.60329351244954,118.90692154529977,1,1,0,0,0,0
4.3,10,17.49759847437371,225.8528041125306,0,1,0,0,0,0
4.3,10,17.45629147502349,294.9915888447813,0,1,0,0,0,0
4.3,10,17.45447939859117,334.3188553864758,0,1,0,0,0,0
4.3,10,17.411310337084455,334.25934238511206,0,1,0,0,0,0
4.3,10,17.35448943988655,484.12736014571175,0,1,0,0,0,0
4.3,10,17.38885589394489,137.20560945840853,0,1,0,0,0,0
4.3,10,17.082159859086428,55.26479310489457,0,1,0,0,0,0
4.3,10,17.263846923588854,30.49501813572552,0,1,0,0,0,0
4.3,10,17.234941373041302,29.897726358552905,0,1,0,0,0,0
4.3,10,16.64747438012672,132.6131311872752,0,1,0,0,0,0
4.3,10,17.045902386183435,105.0392858119681,0,1,0,0,0,0
4.3,10,16.694793075311882,98.27573106947344,0,1,0,0,0,0
4.3,10,17.286325005368,64.70010271962805,0,1,0,0,0,0
4.3,10,17.124486169423992,233.9750525527384,0,1,0,0,0,0
4.3,10,16.895541283425867,87.11285656179797,0,1,0,0,0,0
4.3,10,16.878628824169233,174.23070939831797,0,1,0,0,0,0
4.3,10,16.82563737043606,228.9196339526829,0,1,0,0,0,0
4.3,10,17.00454707971222,169.1001715315453,0,1,0,0,0,0
4.3,10,17.030018534689667,93.56340075340478,0,1,0,0,0,0
4.3,10,17.099461966354635,183.8928496966549,0,1,0,0,0,0
4.3,10,17.1843166953334,66.19700954893409,0,1,0,0,0,0
4.3,10,17.244482523219208,55.09770643770992,0,1,0,0,0,0
4.3,10,16.717282727818976,1666.867129286341,0,1,0,0,0,0
4.3,10,17.40422902147557,1399.4804229315232,0,1,0,0,0,0
4.3,10,17.222811782475066,333.8340435495894,0,1,0,0,0,0
4.3,10,17.055125780082573,383.58892752570847,0,1,0,0,0,0
4.3,10,17.552918647653726,508.8844278715315,0,1,0,0,0,0
4.3,10,16.834315357726652,121.112029339171,0,1,0,0,0,0
4.3,10,17.363622763864335,443.8545801027623,0,1,0,0,0,0
4.3,10,17.417642292945096,581.6741161068556,0,1,0,0,0,0
4.3,10,17.39266988108552,166.6042923485657,0,1,0,0,0,0
4.3,10,17.238378032223366,198.6452255996302,0,1,0,0,0,0
4.3,10,17.168932490009343,1767.6873942557947,0,1,0,0,0,0
4.3,10,17.013100730178312,132.7599672614834,0,1,0,0,0,0
4.3,10,17.543510804672454,252.67727933025728,0,1,0,0,0,0
4.3,10,17.57372700278982,74.4205621001059,0,1,0,0,0,0
4.3,10,17.58933304775116,50.24925123891645,0,1,0,0,0,0
4.3,10,17.74516349792451,143.31582057038375,0,1,0,0,0,0
4.3,10,17.347701352681124,86.71843425810566,0,1,0,0,0,0
4.3,10,17.300206400241606,102.514529610439,0,1,0,0,0,0
4.3,10,17.40020441130363,140.1156180099101,0,1,0,0,0,0
4.3,10,17.37966316078663,127.91191613038254,0,1,0,0,0,0
4.3,10,17.642700005696287,165.3455584482181,0,1,0,0,0,0
4.3,10,16.404855255819964,368.9956686512016,0,1,0,0,0,0
4.3,10,16.651458172716783,209.39629280997147,0,1,0,0,0,0
4.3,10,16.616829057585942,370.2095808821495,0,1,0,0,0,0
4.3,10,16.686117877205564,324.296997365628,0,1,0,0,0,0
4.3,10,16.66725679055215,113.74817273186736,0,1,0,0,0,0
4.3,10,16.917827323049256,98.67412922181956,0,1,0,0,0,0
4.3,10,16.729813749980632,113.6759414702521,0,1,0,0,0,0
4.3,10,16.69860066258585,134.31002521203362,0,1,0,0,0,0
4.3,10,16.656578871887405,136.91314480595824,0,1,0,0,0,0
4.3,10,16.738684280352118,86.94743254246251,0,1,0,0,0,0
4.3,10,16.684429943680254,98.19253648205284,0,1,0,0,0,0
4.3,10,16.52640534742605,68.30131320257374,0,1,0,0,0,0
4.3,10,16.449975075503062,200.4534789408692,0,1,0,0,0,0
4.3,10,16.45954012558557,38.43539556738425,0,1,0,0,0,0
4.3,10,16.427778335134462,149.37861789200838,0,1,0,0,0,0
4.3,10,16.529250663374523,160.62148321739795,0,1,0,0,0,0
4.3,10,16.472364396409226,139.12628009981336,0,1,0,0,0,0
4.3,10,16.466940680834316,52.150372511659896,0,1,0,0,0,0
4.3,10,16.364234305797403,84.40535952287763,0,1,0,0,0,0
4.3,10,16.35306952045939,83.54417794126374,0,1,0,0,0,0
4.3,10,16.339306729741285,86.48292994224903,0,1,0,0,0,0
4.3,10,16.483013957654926,36.567474265974994,0,1,0,0,0,0
4.3,10,16.42765130482707,244.4607534056381,0,1,0,0,0,0
4.3,10,16.413769282190927,52.653878975892674,0,1,0,0,0,0
4.3,10,16.434675105632714,62.063408012176495,0,1,0,0,0,0
4.3,10,16.57806864760927,122.58372350402496,0,1,0,0,0,0
4.3,10,16.56166892734204,87.34605639498929,0,1,0,0,0,0
4.3,10,16.70355223369641,107.15647088968042,0,1,0,0,0,0
4.3,10,16.625130450752476,81.80447136516437,0,1,0,0,0,0
4.3,10,16.826371988385326,86.38225410200425,0,1,0,0,0,0
4.3,10,16.268951798348063,302.3018674521137,0,1,0,0,0,0
4.3,10,16.47434761380045,546.370636363513,0,1,0,0,0,0
4.3,10,15.956648232204486,232.41995961876432,1,1,0,0,0,0
4.3,10,16.437623346784466,286.22677264435004,0,1,0,0,0,0
4.3,10,16.48075795626719,77.05004157664705,0,1,0,0,0,0
4.3,10,16.37644385330091,218.62910806704105,0,1,0,0,0,0
4.3,10,16.267172391076624,173.98134798136016,0,1,0,0,0,0
4.3,10,16.445881703246656,134.29161323846492,0,1,0,0,0,0
4.3,10,16.410167702932767,43.46660680425987,0,1,0,0,0,0
4.3,10,16.255217253128336,32.371081373428936,0,1,0,0,0,0
4.3,10,16.383799637493414,213.1296943017576,0,1,0,0,0,0
4.3,10,16.354340163296147,217.695915441297,0,1,0,0,0,0
4.3,10,16.568748778038415,216.6606995641929,0,1,0,0,0,0
4.3,10,16.47997503842785,188.7283200662565,0,1,0,0,0,0
4.3,10,16.546544161335703,211.3973574238922,0,1,0,0,0,0
4.3,10,16.51217523565286,141.25025746506358,0,1,0,0,0,0
4.3,10,16.488316233189927,51.24764635763868,0,1,0,0,0,0
4.3,10,16.541442023902317,98.48020469036484,0,1,0,0,0,0
4.3,10,16.176177564647656,227.48866528464083,1,1,0,0,0,0
4.3,10,16.16695219482209,359.3199554456741,1,1,0,0,0,0
4.3,10,16.37420546140092,88.83506379673443,0,1,0,0,0,0
4.3,10,16.39833161636426,85.52318047654609,0,1,0,0,0,0
4.3,10,16.410527492224087,22.1184038716978,0,1,0,0,0,0
4.3,10,16.249638502658396,156.82523020824732,0,1,0,0,0,0
4.3,10,16.405957664506015,209.7314551438328,0,1,0,0,0,0
4.3,10,16.639445906277388,246.58223885429328,0,1,0,0,0,0
4.3,10,16.650753459886506,718.3158894313178,0,1,0,0,0,0
4.3,10,16.952641996534854,874.9779021833535,0,1,0,0,0,0
4.3,10,16.089883999744373,212.91805755464927,1,1,0,0,0,0
4.3,10,17.45339712380808,91.39924333169732,0,0,0,1,0,0
4.3,10,16.91243156532397,299.25719496125475,0,1,0,0,0,0
4.3,10,16.898123195361666,201.11827346174968,0,1,0,0,0,0
4.3,10,16.56963015673273,957.7411175236568,0,1,0,0,0,0
4.3,10,16.52872765169792,262.7393162901635,0,1,0,0,0,0
4.3,10,17.257034735554203,485.28155880726416,0,1,0,0,0,0
4.3,10,16.610055117017662,274.0379877475513,0,1,0,0,0,0
4.3,10,16.454415166842708,143.38068989903758,0,1,0,0,0,0
4.3,10,16.496459443428783,138.42178288863644,0,1,0,0,0,0
4.3,10,16.365035002450558,172.81028675317953,0,1,0,0,0,0
4.3,10,16.540508678171012,290.3269745079592,0,1,0,0,0,0
4.3,10,17.01151698828238,106.8202283926314,0,1,0,0,0,0
4.3,10,16.98326252853513,40.22587196871698,0,1,0,0,0,0
4.3,10,15.820742848802722,191.6921386756426,1,1,0,0,0,0
4.3,10,16.544689881917506,110.298168850794,0,1,0,0,0,0
4.3,10,16.36713605067708,184.7610651392932,0,1,0,0,0,0
4.3,10,16.602301051470867,137.15988187039943,0,1,0,0,0,0
4.3,10,16.824295080424985,186.27097684509425,0,1,0,0,0,0
4.3,10,17.253776545528478,332.4428080119421,0,1,0,0,0,0
4.3,10,17.053463076292093,131.6636061750469,0,1,0,0,0,0
4.3,10,17.07887808490139,158.64067994312478,0,1,0,0,0,0
4.3,10,17.431522499520145,41.13517698292804,0,0,0,1,0,0
4.3,10,17.297997740224705,27.239387207181856,0,1,0,0,0,0
4.3,10,17.303329089644443,45.576067567607886,0,1,0,0,0,0
4.3,10,17.306032429038527,39.87222935105243,0,1,0,0,0,0
4.3,10,17.212203600395465,103.41198378229682,0,1,0,0,0,0
4.3,10,17.253111335289923,129.62104274640265,0,1,0,0,0,0
4.3,10,17.13171217422936,135.15079985293303,0,1,0,0,0,0
4.3,10,17.039657672645188,59.292377667343935,0,1,0,0,0,0
4.3,10,17.009338371576185,45.51053735390912,0,1,0,0,0,0
4.3,10,16.99197137793568,122.73569008734674,0,1,0,0,0,0
4.3,10,17.001629698385226,545.6584502390508,0,1,0,0,0,0
4.3,10,17.190990871140098,110.7998723156258,0,1,0,0,0,0
4.3,10,16.82780100784416,169.06587049405948,0,1,0,0,0,0
4.3,10,16.818481998613127,169.38606225186305,0,1,0,0,0,0
4.3,10,16.901305917651428,194.5038240019829,0,1,0,0,0,0
4.3,10,17.31898058030622,164.48167048461193,0,1,0,0,0,0
4.3,10,16.90646211820258,51.02466024302288,0,1,0,0,0,0
4.3,10,16.963522292792607,130.6360883646542,0,1,0,0,0,0
4.3,10,16.739791547722888,58.05206428985675,0,1,0,0,0,0
4.3,10,16.971679066782883,308.24564125887184,0,1,0,0,0,0
4.3,10,16.938334911824068,101.4975264230138,0,1,0,0,0,0
4.3,10,16.97999381869364,172.07136509935782,0,1,0,0,0,0
4.3,10,16.958702903085506,181.685717946981,0,1,0,0,0,0
4.3,10,17.09196963250212,162.2455291536184,0,1,0,0,0,0
4.3,10,16.88964230400089,108.3752301610993,0,1,0,0,0,0
4.3,10,16.755489402065326,110.2637172527019,0,1,0,0,0,0
4.3,10,16.756426223052056,206.7106326381937,0,1,0,0,0,0
4.3,10,17.103911648436465,86.7979376149772,0,1,0,0,0,0
4.3,10,18.632762837620056,503.8856262904735,0,1,0,0,0,0
4.3,10,18.740189872444557,173.08829512805153,0,1,0,0,0,0
4.3,10,18.75886739977995,96.02388977517344,0,1,0,0,0,0
4.3,10,18.35397685568604,614.173819587889,0,1,0,0,0,0
4.3,10,18.198381634503576,260.62023440777347,0,1,0,0,0,0
4.3,10,17.760095363677923,450.3289130201844,0,0,0,1,0,0
4.3,10,17.567104680028685,147.92426474750943,0,0,0,1,0,0
4.3,10,17.911757543146315,172.89042491637522,0,1,0,0,0,0
4.3,10,17.766434871114825,603.303605923747,0,1,0,0,0,0
4.3,10,17.75687412081299,559.3186672983068,0,1,0,0,0,0
4.3,10,17.614045150754983,288.44226930032187,0,1,0,0,0,0
4.3,10,11.168095401283583,1551.2810007385287,1,1,0,0,0,0
4.3,10,11.474721827535957,6323.53534976653,1,0,0,1,0,0
4.3,10,12.472571428660368,207.3395335873389,1,1,0,0,0,0
4.3,10,12.67017040796827,315.0799049298802,1,1,0,0,0,0
4.3,10,12.651809036004927,174.18991059376975,1,1,0,0,0,0
4.3,10,12.59534885151429,168.79104318281844,1,1,0,0,0,0
4.3,10,13.376304376674131,338.91539867889986,1,1,0,0,0,0
4.3,10,12.525706097411884,997.6156886305278,1,1,0,0,0,0
4.3,10,12.087469533718073,585.0426686455694,1,0,0,1,0,0
4.3,10,11.610866318629917,448.39062579001,1,1,0,0,0,0
4.3,10,12.34210924881602,297.0186360524183,1,1,0,0,0,0
4.3,10,12.238320844433725,351.3298038360153,1,1,0,0,0,0
4.3,10,10.949236479139156,1043.6146125061075,1,1,0,0,0,0
4.3,10,11.437397555141397,266.46329959554686,1,1,0,0,0,0
4.3,10,11.793835254931611,152.87051309941165,1,1,0,0,0,0
4.3,10,11.97104808323044,48.23436522752555,1,1,0,0,0,0
4.3,10,11.723103030765374,145.75905764797676,1,1,0,0,0,0
4.3,10,11.905461923531362,574.0222567871773,1,1,0,0,0,0
4.3,10,12.476685110136472,462.6985561103636,1,1,0,0,0,0
4.3,10,12.000993547420729,143.78908318548562,1,1,0,0,0,0
4.3,10,12.022940010421571,116.618385097975,1,1,0,0,0,0
4.3,10,11.56396659445175,109.66209422114962,1,1,0,0,0,0
4.3,10,11.774661517016115,178.05362514009795,1,1,0,0,0,0
4.3,10,12.024371078672656,94.9799257066089,1,1,0,0,0,0
4.3,10,12.428308390858463,407.2961524764308,1,1,0,0,0,1
4.3,10,12.50053393038396,166.87428003823243,1,1,0,0,0,0
4.3,10,12.439355249547132,164.69563476836967,1,1,0,0,0,0
4.3,10,12.331265965394335,151.8044452301573,1,1,0,0,0,0
4.3,10,12.27663566525572,125.799172938717,1,1,0,0,0,0
4.3,10,12.22357007713307,102.07686936591442,1,1,0,0,0,0
4.3,10,12.171200430028492,78.59678192172733,1,1,0,0,0,0
4.3,10,12.118708731023936,56.604786875761775,1,1,0,0,0,0
4.3,10,12.384822603463396,166.99392241318526,1,1,0,0,0,0
4.3,10,12.28779321496198,457.44205311413856,1,1,0,0,0,0
4.3,10,12.063525933682778,21.56738985700975,1,1,0,0,0,0
4.3,10,12.173580571588548,194.30567018005897,1,1,0,0,0,0
4.3,10,11.881770193535242,103.93256074075109,1,1,0,0,0,0
4.3,10,11.94105712951094,376.1553690785849,1,1,0,0,0,0
4.3,10,11.709279293383595,38.63805908388845,1,1,0,0,0,0
4.3,10,11.89047303703168,156.05617373151222,1,1,0,0,0,0
4.3,10,11.900305868593298,142.9996690651282,1,1,0,0,0,0
4.3,10,11.950832207516315,57.46002522020946,1,1,0,0,0,0
4.3,10,11.807806200888844,295.4167736768362,1,1,0,0,0,0
4.3,10,11.925760505420303,135.2092406081131,1,1,0,0,0,0
4.3,10,11.74988439395734,10.40211538141956,1,1,0,0,0,0
4.3,10,11.745723655542632,4.866864526148122,1,1,0,0,0,0
4.3,10,11.737643685084352,19.2567944936028,1,1,0,0,0,0
4.3,10,11.735603407968073,40.31044993573352,1,1,0,0,0,0
4.3,10,11.738172644962182,10.389974151149223,1,1,0,0,0,0
4.3,10,12.077939346739662,98.62059233657678,1,1,0,0,0,0
4.3,10,11.997530041041152,272.5263142274971,1,1,0,0,0,0
4.3,10,11.87965430909798,95.49417191660226,1,1,0,0,0,0
4.3,10,11.99883843793703,73.4104335421966,1,1,0,0,0,0
4.3,10,11.89348426708293,61.350936850647344,1,1,0,0,0,0
4.3,10,11.992606242030403,53.34747988423379,1,1,0,0,0,0
4.3,10,11.900773409110185,110.45204355891543,1,1,0,0,0,0
4.3,10,11.91098191449936,123.71803542977716,1,1,0,0,0,0
4.3,10,13.33723565537476,211.929286371033,1,1,0,0,0,0
4.3,10,13.569103772273712,55.05326640022229,1,1,0,0,0,0
4.3,10,13.583892858661583,160.08069279923853,1,1,0,0,0,0
4.3,10,13.508395595351097,107.88120366830402,1,1,0,0,0,0
4.3,10,13.51624974915898,141.93507301639997,1,1,0,0,0,0
4.3,10,13.504589600864511,218.9342208932392,1,1,0,0,0,0
4.3,10,13.532041215675376,318.2377257654758,1,1,0,0,0,0
4.3,10,13.667639151062692,65.50108076079371,1,1,0,0,0,0
4.3,10,13.565673250350422,169.93895702839015,1,1,0,0,0,0
4.3,10,13.537867801002571,31.91976116110396,1,1,0,0,0,0
4.3,10,13.3212123748546,146.747036092765,1,1,0,0,0,0
4.3,10,13.4968022581697,90.23944774360154,1,1,0,0,0,0
4.3,10,13.459032161562522,63.17486476395676,1,1,0,0,0,0
4.3,10,13.448824236839355,101.90765947580906,1,1,0,0,0,0
4.3,10,13.299650050692632,150.08706525981862,1,1,0,0,0,0
4.3,10,13.583425858807397,249.5550753227613,1,1,0,0,0,0
4.3,10,13.358546124473577,73.91366809835739,1,1,0,0,0,0
4.3,10,13.726300846908725,95.33840101389411,1,1,0,0,0,0
4.3,10,13.504330890415202,68.57956794773244,1,1,0,0,0,0
4.3,10,13.740711849373964,62.03404465179702,1,1,0,0,0,0
4.3,10,13.681769403324331,49.2548434956986,1,1,0,0,0,0
4.3,10,13.675798059966388,22.81853136014091,1,1,0,0,0,0
4.3,10,13.33678771414228,165.87665564796873,1,1,0,0,0,0
4.3,10,13.246487532442991,22.33084536757421,1,1,0,0,0,0
4.3,10,13.461758272365277,150.30045821377425,1,1,0,0,0,0
4.3,10,13.255005320822628,423.4407711162691,1,1,0,0,0,0
4.3,10,13.239687356814676,9.859346248894395,1,0,0,1,0,0
4.3,10,13.593590242907814,68.88191267253542,1,1,0,0,0,0
4.3,10,13.670365390102022,11.708724725380728,1,1,0,0,0,0
4.3,10,13.44686573054752,29.67434973031985,1,1,0,0,0,0
4.3,10,13.361019219831496,113.9213491750493,1,1,0,0,0,0
4.3,10,13.158409695450995,74.69605329948737,1,1,0,0,0,0
4.3,10,12.915968694513978,84.70025013354173,1,1,0,0,0,0
4.3,10,12.870618151296574,126.85804608194988,1,1,0,0,0,0
4.3,10,12.81960776549594,179.79611784042334,1,1,0,0,0,0
4.3,10,12.763975103255108,189.1263887777078,1,1,0,0,0,0
4.3,10,13.360451472799008,345.29160170564785,1,1,0,0,0,0
4.3,10,13.299059993117998,364.2503418785335,1,1,0,0,0,0
4.3,10,13.435513899391273,115.95617069839597,1,1,0,0,0,0
4.3,10,13.237455801482191,246.79967411889223,1,1,0,0,0,0
4.3,10,13.210285365556196,392.4555722476625,1,1,0,0,0,0
4.3,10,13.191597872765184,314.1727972726157,1,1,0,0,0,0
4.3,10,13.157892021973346,323.38148950406867,1,1,0,0,0,0
4.3,10,13.09462395895389,396.50576048301264,1,1,0,0,0,0
4.3,10,13.06974455151787,403.71766391510096,1,1,0,0,0,0
4.3,10,13.064951224201195,101.56159646997015,1,1,0,0,0,0
4.3,10,13.2932614797921,312.21308619453544,1,1,0,0,0,0
4.3,10,13.118456394013744,476.30222233959415,1,1,0,0,0,0
4.3,10,13.329659290258126,237.2429327688839,1,1,0,0,0,0
4.3,10,13.357870014101533,168.25362510688723,1,1,0,0,0,0
4.3,10,13.271714646870215,133.63115267247608,1,1,0,0,0,0
4.3,10,13.431247417131166,367.5474099397966,1,1,0,0,0,0
4.3,10,13.214042829578768,80.57724163097706,1,1,0,0,0,0
4.3,10,12.924465711493736,20.025454639654978,1,1,0,0,0,0
4.3,10,13.264726379997686,238.3460675613329,1,1,0,0,0,0
4.3,10,12.903797126581471,52.804678422687495,1,1,0,0,0,0
4.3,10,12.95489712977916,53.72604755025077,1,1,0,0,0,0
4.3,10,13.004023853600073,55.17555053962507,1,1,0,0,0,0
4.3,10,13.050234913028683,51.096573757085736,1,1,0,0,0,0
4.3,10,13.096450916730769,53.771021460201446,1,1,0,0,0,0
4.3,10,13.202644971972484,10.445665613296756,1,0,0,1,0,0
4.3,10,13.968955003054274,386.7491547556504,1,1,0,0,0,0
4.3,10,14.039132387080896,301.7835977606509,1,1,0,0,0,0
4.3,10,14.234911950689025,488.9865688872009,1,1,0,0,0,0
4.3,10,14.16305792233457,333.29012402655985,1,1,0,0,0,0
4.3,10,12.708547580984524,180.41861717259505,1,1,0,0,0,0
4.3,10,13.551467028654944,183.9335980304108,1,1,0,0,0,0
4.3,10,13.68172839327122,289.2477097719881,1,1,0,0,0,0
4.3,10,13.41785861420647,57.547915113973154,1,1,0,0,0,0
4.3,10,13.038412807373254,680.616141132548,1,0,0,1,0,1
4.3,10,13.590057430149608,297.99887526911454,1,1,0,0,0,0
4.3,10,13.642391874536749,289.66793650378384,1,1,0,0,0,0
4.3,10,14.004964951106158,68.06059896218883,1,1,0,0,0,0
4.3,10,14.106799751844347,555.9518879153019,1,1,0,0,0,0
4.3,10,13.639403663066943,523.1309353832849,1,1,0,0,0,0
4.3,10,13.766919754563007,392.3361174753392,1,1,0,0,0,0
4.3,10,13.851273485059007,478.4916138863943,1,1,0,0,0,0
4.3,10,14.349634327816895,542.8424193136254,1,1,0,0,0,0
4.3,10,14.294224758451882,474.4672894092341,1,1,0,0,0,0
4.3,10,14.341223750877775,397.5723706551664,1,1,0,0,0,0
4.3,10,14.339685234458118,380.903853154518,1,1,0,0,0,0
4.3,10,14.46087844728829,281.0557684969808,1,1,0,0,0,0
4.3,10,13.082622194097064,582.189103061495,1,1,0,0,0,0
4.3,10,13.32859668236924,482.19580486910814,1,1,0,0,0,0
4.3,10,13.219378217491734,154.62420219474447,1,1,0,0,0,0
4.3,10,13.885550986531149,743.3319287736381,1,1,0,0,0,0
4.3,10,14.257976425547264,487.3751643053101,1,1,0,0,0,0
4.3,10,13.719682043288367,53.66399837083236,1,1,0,0,0,0
4.3,10,13.43171551088066,114.6642656107552,1,1,0,0,0,0
4.3,10,13.190033925440307,821.8158112148539,1,1,0,0,0,0
4.3,10,13.487130433112076,359.07737553963443,1,1,0,0,0,0
4.3,10,13.812798917440146,78.61868759385733,1,1,0,0,0,0
4.3,10,14.01282118882482,67.10995836785781,1,0,0,1,0,1
4.3,10,13.794885465622697,61.41516001032839,1,1,0,0,0,0
4.3,10,13.853180641411802,49.86721095144765,1,1,0,0,0,0
4.3,10,13.024970782102551,689.6010761785077,1,0,0,1,0,1
4.3,10,14.010131804554328,85.9770618776419,1,0,0,1,0,1
4.3,10,13.87516541203335,236.35683555229724,1,0,0,1,0,1
4.3,10,12.700566788886851,356.26545088737,1,1,0,0,0,0
4.3,10,12.860123790665767,84.4156753707633,1,1,0,0,0,0
4.3,10,12.909160571510917,96.07442198720288,1,1,0,0,0,0
4.3,10,12.95779570896792,103.29012530347288,1,1,0,0,0,0
4.3,10,13.005647412004713,99.5413444351358,1,1,0,0,0,0
4.3,10,13.051478553045031,98.08845487247012,1,1,0,0,0,0
4.3,10,13.098589602796176,96.13900458624732,1,1,0,0,0,0
4.3,10,13.418407742507313,383.8949740362336,1,0,0,1,0,0
4.3,10,13.474376866139425,59.787142427840045,1,1,0,0,0,0
4.3,10,14.373327769483009,543.2516528974855,1,0,0,1,0,1
4.3,10,14.366340406542704,543.4183923755063,1,0,0,1,0,1
4.3,10,13.726952837227582,357.47276325067133,1,1,0,0,0,0
4.3,10,13.853532189347188,425.2612203791378,1,1,0,0,0,0
4.3,10,13.809738136822714,167.9387380391797,1,1,0,0,0,0
4.3,10,14.082904943879448,253.4696294309571,1,1,0,0,0,0
4.3,10,13.952638445713518,50.24979079494046,1,1,0,0,0,0
4.3,10,14.318296239380684,248.63148001158788,1,1,0,0,0,0
4.3,10,14.360075926806084,247.8655308862033,1,1,0,0,0,0
4.3,10,14.400082321138935,247.136623703596,1,1,0,0,0,0
4.3,10,13.839502940387325,286.3001836567529,1,1,0,0,0,0
4.3,10,13.83580045767392,102.00847846943032,1,1,0,0,0,0
4.3,10,13.804243748537411,103.71541525585263,1,1,0,0,0,0
4.3,10,13.822933889581224,66.17318224454047,1,1,0,0,0,0
4.3,10,13.844481848186836,48.967517615998354,1,1,0,0,0,0
4.3,10,13.835259666824529,147.5863031340748,1,1,0,0,0,0
4.3,10,14.00445974210452,142.63944724828372,1,1,0,0,0,0
4.3,10,13.91474046105774,72.54196598919837,1,1,0,0,0,0
4.3,10,13.910804228704247,137.2880183872037,1,1,0,0,0,0
4.3,10,14.142946603821034,90.84009547529092,1,1,0,0,0,0
4.3,10,14.219144567450142,58.58920510496765,1,1,0,0,0,0
4.3,10,14.04098037653082,49.47518556315697,1,0,0,1,0,1
4.3,10,13.966731456766592,325.74736812908213,1,1,0,0,0,0
4.3,10,14.107562629867296,16.85187433865937,1,1,0,0,0,0
4.3,10,14.142717228885983,374.1239986970682,1,1,0,0,0,0
4.3,10,14.33626709504495,68.38986699488058,1,1,0,0,1,0
4.3,10,14.00597202338976,268.2828216432546,1,1,0,0,0,0
4.3,10,13.93583043018793,45.14650021025669,1,1,0,0,0,0
4.3,10,14.043033408850404,253.26538336450253,1,1,0,0,0,0
4.3,10,13.973891578144912,47.22579580392896,1,1,0,0,0,0
4.3,10,13.865376845133946,66.80912091258041,1,1,0,0,0,0
4.3,10,13.548033561601772,298.76943158125874,1,1,0,0,0,0
4.3,10,13.890377646327709,239.7548088158823,1,0,0,1,0,1
4.3,10,13.763213005958429,348.0486746073271,1,1,0,0,0,0
4.3,10,13.71444267794214,68.05637434431758,1,1,0,0,0,0
4.3,10,13.653426351983674,190.65664078200945,1,1,0,0,0,0
4.3,10,13.671311281303977,182.4416113542419,1,1,0,0,0,0
4.3,10,13.792561432986805,100.6726743955389,1,1,0,0,0,0
4.3,10,14.113192373668332,172.66747134732034,1,1,0,0,0,0
4.3,10,13.640157973561578,121.75201805521124,1,1,0,0,0,0
4.3,10,13.578617701469542,437.79949131037904,1,1,0,0,0,0
4.3,10,13.567117276658273,175.1871250667246,1,1,0,0,0,0
4.3,10,13.354940664309732,153.67726535448995,1,1,0,0,0,0
4.3,10,13.817326044909985,406.95522005389614,1,1,0,0,0,0
4.3,10,13.66439024417116,647.0151424227901,1,0,0,1,0,1
4.3,10,13.849513295254248,105.53030227134514,1,1,0,0,0,0
4.3,10,13.871337285915416,88.37707826612642,1,1,0,0,0,0
4.3,10,13.904236841607958,142.48892586436543,1,1,0,0,0,0
4.3,10,14.018225602783748,53.552563420753,1,0,0,1,0,1
4.3,10,13.96027521750407,230.48893074763456,1,1,0,0,0,0
4.3,10,13.983466599796271,176.66628962126845,1,1,0,0,0,0
4.3,10,13.901819529772125,280.1826914556504,1,1,0,0,0,0
4.3,10,14.04219325726094,227.93522660798703,1,1,0,0,0,0
4.3,10,13.759798165224614,337.78158944577865,1,1,0,0,0,0
4.3,10,13.871295368571712,198.0558581272249,1,1,0,0,0,0
4.3,10,13.927544211943273,92.9685533310696,1,1,0,0,0,0
4.3,10,13.791713602065224,132.09678376729846,1,1,0,0,0,0
4.3,10,13.757119961755269,239.87363905342303,1,1,0,0,0,0
4.3,10,13.769223815667928,132.24469282695796,1,1,0,0,0,0
4.3,10,13.775722660162112,82.6099235469845,1,1,0,0,0,0
4.3,10,13.820614218348616,116.55097864567163,1,1,0,0,0,0
4.3,10,13.726583063565078,129.88593860476365,1,1,0,0,0,0
4.3,10,13.848450733489434,206.3021102449385,1,1,0,0,0,0
4.3,10,13.843635772961086,67.14029293376628,1,1,0,0,0,0
4.3,10,13.81329285052662,102.44650753891383,1,1,0,0,0,0
4.3,10,13.538378247945042,125.84503582325672,1,1,0,0,0,0
4.3,10,13.410349667092207,165.48074019894648,1,1,0,0,0,0
4.3,10,13.89879255525853,93.12864883370308,1,1,0,0,0,0
4.3,10,13.481273156345564,142.47072825286,1,1,0,0,0,0
4.3,10,13.451666790151643,148.8245203558755,1,1,0,0,0,0
4.3,10,13.648416992943824,646.3106488757546,1,0,0,1,0,1
4.3,10,13.777809760985049,16.425038692552807,1,1,0,0,0,0
4.3,10,13.84818644084749,95.46136159965096,1,1,0,0,0,0
4.3,10,14.028827274494722,49.51408319660776,1,1,0,0,0,0
4.3,10,13.890656935460813,283.15376414831087,1,1,0,0,0,0
4.3,10,13.694717049943218,125.22091555911402,1,1,0,0,0,0
4.3,10,13.7310339664882,17.096434403531404,1,1,0,0,0,0
4.3,10,12.80748520602519,112.2659280971001,1,1,0,0,0,0
4.3,10,12.830675714805617,271.5266698576598,1,1,0,0,0,0
4.3,10,12.874303362798887,325.8557145796589,1,1,0,0,0,0
4.3,10,12.90596889891706,437.1304051534068,1,1,0,0,0,0
4.3,10,12.953372658635946,435.5210603149883,1,1,0,0,0,0
4.3,10,13.000556657676505,435.8743878639514,1,1,0,0,0,0
4.3,10,12.702261096229105,131.34217124867797,1,1,0,0,0,0
4.3,10,12.505701916466473,165.97591985358972,1,1,0,0,0,0
4.3,10,12.54613788855913,90.5586593081346,1,1,0,0,0,0
4.3,10,12.59668851507124,88.90754320872765,1,1,0,0,0,0
4.3,10,12.643469870256952,100.85997636962772,1,1,0,0,0,0
4.3,10,12.696163448407528,94.04267602050732,1,1,0,0,0,0
4.3,10,12.750123248293333,92.63296432265504,1,1,0,0,0,0
4.3,10,12.43550289706487,125.03965996132676,1,1,0,0,0,0
4.3,10,12.555713007901456,295.6495779284899,1,1,0,0,0,0
4.3,10,12.69837989535391,56.40569967148329,1,1,0,0,0,0
4.3,10,12.54095999307098,98.332438352889,1,1,0,0,0,0
4.3,10,12.79391769952804,105.01134720175348,1,1,0,0,0,0
4.3,10,12.57080232251188,230.4806001210848,1,1,0,0,0,0
4.3,10,12.585584872447631,60.93638653445986,1,1,0,0,0,0
4.3,10,12.58985321502195,135.75197256882086,1,1,0,0,0,0
4.3,10,12.567725440128578,143.05432985130176,1,1,0,0,0,0
4.3,10,12.624988499136531,82.57482320875746,1,1,0,0,0,0
4.3,10,12.672261499070798,48.36925148724523,1,1,0,0,0,0
4.3,10,12.66450588677228,164.7300202733869,1,1,0,0,0,0
4.3,10,12.68342967833709,323.7818974642692,1,1,0,0,0,0
4.3,10,12.80865623631524,62.30229373798456,1,1,0,0,0,0
4.3,10,12.863392154306808,47.03336235179359,1,1,0,0,0,0
4.3,10,13.0677703540401,160.40937956084534,1,1,0,0,0,0
4.3,10,12.912207206584418,51.704434440252975,1,1,0,0,0,0
4.3,10,12.959564964075344,53.99663088072204,1,1,0,0,0,0
4.3,10,13.001880062819888,40.53349282836283,1,1,0,0,0,0
4.3,10,12.926595345276189,150.93849806539748,1,1,0,0,0,0
4.3,10,13.007523269359242,54.62495135776423,1,1,0,0,0,0
4.3,10,13.025190413917304,11.382587706409172,1,1,0,0,0,0
4.3,10,13.053750698684947,51.97155604483359,1,1,0,0,0,0
4.3,10,13.119595154701123,93.62006806520868,1,1,0,0,0,0
4.3,10,12.81860593420448,53.224880051362405,1,1,0,0,0,0
4.3,10,12.871370413046344,58.087395579204426,1,1,0,0,0,0
4.3,10,12.886793188263631,5.178142638748127,1,1,0,0,0,0
4.3,10,12.733273254956044,107.24050846712194,1,1,0,0,0,0
4.3,10,12.708203722599771,49.677502900901416,1,1,0,0,0,0
4.3,10,12.75087976565124,100.14248576876382,1,1,0,0,0,0
4.3,10,12.743644068320974,29.074644220281005,1,1,0,0,0,0
4.3,10,12.440019106218548,416.2458352254769,1,1,0,0,0,1
4.3,10,12.475317705397604,131.0896041651655,1,1,0,0,0,0
4.3,10,12.45261095444584,130.68582651649203,1,1,0,0,0,0
4.3,10,12.682415124866116,58.94536063916712,1,1,0,0,0,0
4.3,10,12.782285890959807,59.60824589398626,1,1,0,0,0,0
4.3,10,12.645400509249557,281.61109898688323,1,1,0,0,0,0
4.3,10,12.626662295752672,602.9557959866142,1,1,0,0,0,0
4.3,10,12.557593712216464,258.21799833248,1,1,0,0,0,0
4.3,10,12.289457090843523,60.51928415590423,1,1,0,0,0,0
4.3,10,12.730657138659948,247.7330965141468,1,1,0,0,0,0
4.3,10,12.356967673867617,136.04256683669345,1,1,0,0,0,0
4.3,10,12.700016271969362,82.6523683544678,1,1,0,0,0,0
4.3,10,12.315589580404025,158.37435305811198,1,1,0,0,0,0
4.3,10,12.448984089045553,245.121806126932,1,1,0,0,0,0
4.3,10,12.263393612282464,191.3953272796469,1,1,0,0,0,0
4.3,10,12.400989468166426,200.585222135854,1,1,0,0,0,0
4.3,10,12.12132922214467,107.93167809924756,1,1,0,0,0,0
4.3,10,13.798781395950174,186.1656889312268,1,1,0,0,0,0
4.3,10,13.273037683952364,309.04261617519586,1,1,0,0,0,0
4.3,10,13.247387642577609,309.03727025670383,1,1,0,0,0,0
4.3,10,13.130766584058732,205.28460810189583,1,1,0,0,0,0
4.3,10,12.818908669826929,666.1143299174937,1,1,0,0,0,0
4.3,10,12.619467355373684,1148.045406550121,1,0,0,1,0,0
4.3,10,13.356116377424891,392.7309410525936,1,1,0,0,0,0
4.3,10,13.679462306480085,925.7307077426668,1,1,0,0,0,0
4.3,10,12.841592211636154,213.01840796395075,1,1,0,0,0,0
4.3,10,13.162585668571568,224.2329700864817,1,1,0,0,0,0
4.3,10,13.841362473849731,714.0871947471072,1,1,0,0,0,0
4.3,10,13.562808152888298,320.8380498169634,1,1,0,0,0,0
4.3,10,13.30154159032542,162.8338030719243,1,1,0,0,0,0
4.3,10,13.043599526122366,275.5818422338842,1,1,0,0,0,0
4.3,10,13.2451486248875,158.08764843946688,1,1,0,0,0,0
4.3,10,12.655671646592056,143.145981715008,1,1,0,0,0,0
4.3,10,12.97384612694941,132.16615926092692,1,1,0,0,0,0
4.3,10,12.397759403208184,301.6410222913179,1,1,0,0,0,0
4.3,10,12.77822014682004,223.7028791361436,1,1,0,0,0,0
4.3,10,12.931768662146586,168.55270251788414,1,1,0,0,0,0
4.3,10,12.777513391771413,111.08851942197217,1,1,0,0,0,0
4.3,10,12.507069370947884,194.124153019082,1,1,0,0,0,0
4.3,10,12.974077849326614,621.71672649638,1,1,0,0,0,0
4.3,10,13.31067822174095,212.66978132061783,1,1,0,0,0,0
4.3,10,13.102801789634464,1817.6508429579208,1,0,1,0,0,0
4.3,10,13.137752156859374,611.8598564137336,1,1,0,0,0,0
4.3,10,13.431172641034674,106.89937375770512,1,1,0,0,0,0
4.3,10,13.36020640124966,174.2920873945938,1,1,0,0,0,0
4.3,10,13.290856118453268,108.7745855943763,1,1,0,0,0,0
4.3,10,13.505786417635058,164.32016643653935,1,1,0,0,0,0
4.3,10,12.462234053488595,75.58998478395304,1,1,0,0,0,0
4.3,10,13.35728775404706,107.41276377379911,1,1,0,0,0,0
4.3,10,13.774312553238316,274.9144518725509,1,1,0,0,0,1
4.3,10,13.43605358578986,529.1275393554573,1,0,1,0,0,1
4.3,10,13.644675427509677,342.5408694010042,1,1,0,0,0,0
4.3,10,13.54043884114062,325.86968158380296,1,1,0,0,0,0
4.3,10,13.537948381217896,281.4129280605958,1,1,0,0,0,0
4.3,10,13.57354999530338,197.0998987905971,1,1,0,0,0,0
4.3,10,13.638709257301752,109.96087369856204,1,1,0,0,0,0
4.3,10,13.686219730011247,111.82200397258042,1,1,0,0,0,0
4.3,10,13.689987144464329,167.08059692636547,1,1,0,0,0,0
4.3,10,13.491625111346346,137.2840716438854,1,1,0,0,0,0
4.3,10,13.576486238221774,185.82143848122053,1,1,0,0,0,0
4.3,10,13.404416051598028,449.659431729813,1,1,0,0,0,0
4.3,10,13.063724979761895,207.18844603480537,1,1,0,0,0,0
4.3,10,13.2810258920496,149.5819345464325,1,1,0,0,0,0
4.3,10,13.340501995097137,142.9497232316808,1,1,0,0,0,0
4.3,10,13.38970027847274,137.22066236118386,1,1,0,0,0,0
4.3,10,13.289039635667384,301.72083782815605,1,1,0,0,0,0
4.3,10,13.134335967057734,282.1303038827256,1,1,0,0,0,0
4.3,10,13.17887479956935,179.64139092792274,1,1,0,0,0,0
4.3,10,13.682197319245311,330.68472609443387,1,1,0,0,0,0
4.3,10,13.584338235437691,54.802228401595954,1,1,0,0,0,0
4.3,10,13.535436827095834,80.97804881921182,1,1,0,0,0,0
4.3,10,13.303687021664,149.00924248235287,1,1,0,0,0,0
4.3,10,13.424844739866977,523.5179624720018,1,0,1,0,0,1
4.3,10,13.385295494790768,266.4159882802124,1,1,0,0,0,0
4.3,10,13.306072490599478,118.55938776410886,1,1,0,0,0,0
4.3,10,13.457200015483613,102.49271793862742,1,1,0,0,0,0
4.3,10,13.476322885341698,102.6313899373674,1,1,0,0,0,0
4.3,10,13.496095241869774,102.77762751378457,1,1,0,0,0,0
4.3,10,13.3496059753457,12.15642617461211,1,1,0,0,0,0
4.3,10,13.231479262413096,67.81008893039231,1,1,0,0,0,0
4.3,10,13.323213455340117,119.46277033426176,1,1,0,0,0,0
4.3,10,13.288633203299408,119.43775943390054,1,1,0,0,0,0
4.3,10,13.43113234792438,116.09807891110005,1,1,0,0,0,0
4.3,10,13.30465154837634,78.96923436332382,1,0,1,0,0,1
4.3,10,13.29698078734788,88.44148134280509,1,0,1,0,0,1
4.3,10,13.587315657939566,61.58987576453698,1,1,0,0,0,0
4.3,10,13.34307090452262,34.88195684675375,1,1,0,0,0,0
4.3,10,13.691585532415957,153.5471953992356,1,1,0,0,0,1
4.3,10,13.738205995917468,429.4785627863166,1,1,0,0,0,1
4.3,10,13.65050618145242,81.00903959715195,1,1,0,0,0,0
4.3,10,13.312309870746692,298.6594602187789,1,1,0,0,0,0
4.3,10,12.96881966731052,256.4437208865485,1,1,0,0,0,0
4.3,10,13.249018623022955,53.57540186367336,1,1,0,0,0,0
4.3,10,12.9495227139693,12.545835786546716,1,1,0,0,0,0
4.3,10,13.292177896268122,129.87589485358723,1,1,0,0,0,0
4.3,10,13.350040874348176,81.94751743566235,1,1,0,0,0,0
4.3,10,13.19923649573138,133.05287877601376,1,1,0,0,0,0
4.3,10,13.077401432856997,216.8691243446417,1,1,0,0,0,0
4.3,10,13.453405033777084,71.5820942487265,1,1,0,0,0,0
4.3,10,13.29182268372798,36.12950673959392,1,1,0,0,0,0
4.3,10,13.334924078837968,128.13799226984702,1,1,0,0,0,0
4.3,10,13.30940841305231,84.201082914343,1,1,0,0,0,0
4.3,10,13.474257979506149,89.04201621066241,1,1,0,0,0,0
4.3,10,11.059524207145415,294.1934567503435,1,1,0,0,0,0
4.3,10,11.376835875952535,694.6964989681711,1,1,0,0,0,0
4.3,10,11.364837736713678,230.3541069155013,1,1,0,0,0,0
4.3,10,11.982612594888032,102.30168665306276,1,1,0,0,0,0
4.3,10,10.93827773994319,1017.9854883298392,1,1,0,0,0,0
4.3,10,11.235887476777448,181.5559374902841,1,1,0,0,0,0
4.3,10,11.397929273905966,242.6403501865452,1,1,0,0,0,0
4.3,10,11.936970968600075,142.5925264018678,1,1,0,0,0,0
4.3,10,12.022838307350924,58.36349363387849,1,1,0,0,0,0
4.3,10,11.857894874247505,283.0203635891769,1,1,0,0,0,0
4.3,10,11.605495597481632,419.4911416956109,1,1,0,0,0,0
4.3,10,11.50181811308325,614.2935498188604,1,1,0,0,0,0
4.3,10,11.361103360951375,72.31286774709106,1,1,0,0,0,0
4.3,10,11.237589895186312,213.12298610037828,1,1,0,0,0,0
4.3,10,11.687049735387593,210.0187658190502,1,1,0,0,0,0
4.3,10,11.757519334234852,64.19275963302701,1,1,0,0,0,0
4.3,10,11.53848300018196,83.87739660582677,1,1,0,0,0,0
4.3,10,11.926949857143166,152.2918927187252,1,1,0,0,0,0
4.3,10,11.355140094141436,33.49287529119075,1,1,0,0,0,0
4.3,10,11.30053601740848,141.09310649467085,1,1,0,0,0,0
4.3,10,11.31113500440986,78.04780663940204,1,1,0,0,0,0
4.3,10,11.287355263215591,63.87397994045271,1,1,0,0,0,0
4.3,10,11.872590786978352,107.15288816484446,1,1,0,0,0,0
4.3,10,11.836159474366893,39.847945868662,1,1,0,0,0,0
4.3,10,12.10407017883394,176.42467690443075,1,1,0,0,0,0
4.3,10,12.400627798404548,481.4752330524368,1,1,0,0,0,0
4.3,10,12.305252326329596,185.7775000941765,1,1,0,0,0,0
4.3,10,12.174555046329012,50.9757371295788,1,1,0,0,0,0
4.3,10,12.179427007998012,173.77786849630203,1,1,0,0,0,0
4.3,10,12.63080570042608,72.98439750209786,1,1,0,0,0,0
4.3,10,12.46119743099193,121.10738065843267,1,1,0,0,0,0
4.3,10,12.051951135044291,204.24429862684343,1,1,0,0,0,0
4.3,10,12.499011564064809,69.00757033915414,1,1,0,0,0,0
4.3,10,12.2596652751279,55.78533442707851,1,1,0,0,0,0
4.3,10,12.138073807704671,106.5714477853353,1,1,0,0,0,0
4.3,10,12.344153401735214,115.16079400966468,1,1,0,0,0,0
4.3,10,12.229006447878884,51.01100433497244,1,1,0,0,0,0
4.3,10,12.221892643437636,46.09756085673724,1,1,0,0,0,0
4.3,10,13.64359708664383,1474.7363894818122,1,1,0,0,0,0
4.3,10,12.5261937825832,1215.6618341911148,1,1,0,0,0,0
4.3,10,12.264137044493868,626.1120437587484,1,1,0,0,0,0
4.3,10,12.733043450971758,223.58261896272955,1,1,0,0,0,0
4.3,10,12.495369887021436,160.38035425561233,1,1,0,0,0,0
4.3,10,13.365510807179298,417.534923952277,1,1,0,0,0,0
4.3,10,13.22771852505597,449.848065897236,1,1,0,0,0,0
4.3,10,12.643102033958655,449.8706148244356,1,1,0,0,0,0
4.3,10,12.305081527281068,139.7051874391766,1,1,0,0,0,0
4.3,10,12.201623268111067,92.31663071099445,1,1,0,0,0,0
4.3,10,12.83768287369102,191.87139755674843,1,1,0,0,0,0
4.3,10,13.11473190716392,330.8247985194811,1,1,0,0,0,0
4.3,10,12.62680470254766,68.64468911790178,1,1,0,0,0,0
4.3,10,13.04627074504996,11.159939262115236,1,1,0,0,0,0
4.3,10,12.654098414152436,27.550699658095485,1,1,0,0,0,0
4.3,10,12.69754096428638,79.80847881303457,1,1,0,0,0,0
4.3,10,12.743463490060588,51.40479866668604,1,1,0,0,0,0
4.3,10,12.828724129069224,156.98493751895327,1,1,0,0,0,0
4.3,10,13.28754287924733,45.09481145757334,1,1,0,0,0,0
4.3,10,12.998748717466428,114.5201459617018,1,1,0,0,0,0
4.3,10,14.618680806728358,237.69646317656893,1,1,0,0,0,0
4.3,10,14.606462865095985,205.4645489509765,1,1,0,0,0,0
4.3,10,14.80335270198134,67.00967213242843,1,1,0,0,0,0
4.3,10,14.49855005443914,137.3064331472332,1,1,0,0,0,0
4.3,10,14.441532740643742,246.4071770872771,1,1,0,0,0,0
4.3,10,14.523889049528128,140.02540141537708,1,1,0,0,0,0
4.3,10,14.464594670647712,164.99356869188884,1,1,0,0,0,0
4.3,10,14.712637473542864,51.152418679653934,1,1,0,0,0,0
4.3,10,14.35259420453444,58.32213802067682,1,1,0,0,0,0
4.3,10,14.323166372078433,52.03340288350751,1,1,0,0,0,0
4.3,10,14.526853455613102,80.72642453020312,1,1,0,0,0,0
4.3,10,14.500132696673594,70.60619378016499,1,1,0,0,0,0
4.3,10,14.739421358246108,63.18423385120579,1,1,0,0,0,0
4.3,10,14.719361004460444,62.72479161258372,1,1,0,0,0,0
4.3,10,14.717373021053293,48.81194818428415,1,1,0,0,0,0
4.3,10,14.71901180631784,53.92028453759548,1,1,0,0,0,0
4.3,10,14.671247686310547,55.109515223173794,1,1,0,0,0,0
4.3,10,14.755600923207396,62.4868829295388,1,1,0,0,0,0
4.3,10,14.784472039995528,13.240335613385932,1,1,0,0,0,0
4.3,10,14.781801855518523,13.087822616648644,1,1,0,0,0,0
4.3,10,14.768695917651346,51.66892677864487,1,1,0,0,0,0
4.3,10,14.787129841173718,91.58254736072382,1,1,0,0,0,0
4.3,10,14.827156659516444,9.399080867028282,1,1,0,0,0,0
4.3,10,14.243858405399884,272.0169600319415,1,1,0,0,0,0
4.3,10,14.1586923948264,206.48058875830995,1,1,0,0,0,0
4.3,10,14.040008738249082,344.3554770457837,1,1,0,0,0,0
4.3,10,14.089900213852191,208.1187400203355,1,1,0,0,0,0
4.3,10,14.166613887983278,271.89688646074046,1,1,0,0,0,0
4.3,10,14.112654346946952,207.08417998805385,1,1,0,0,0,0
4.3,10,14.24834422287376,106.53361044326772,1,1,0,0,0,0
4.3,10,14.339799130790151,228.1002147066157,1,1,0,0,0,0
4.3,10,14.171860991889629,173.37012021340817,1,1,0,0,0,0
4.3,10,14.252373249794326,201.47495458182777,1,1,0,0,0,0
4.3,10,14.306745655519276,132.58914909018057,1,1,0,0,0,0
4.3,10,14.225403457162296,120.9707855713036,1,1,0,0,0,0
4.3,10,14.624403472004277,182.27745010325967,1,1,0,0,0,0
4.3,10,14.534543700903676,198.63056773878475,1,1,0,0,0,0
4.3,10,14.515750709652089,199.2233148670939,1,1,0,0,0,0
4.3,10,14.49834154711948,200.88906491539635,1,1,0,0,0,0
4.3,10,14.47913598267342,200.9230542799732,1,1,0,0,0,0
4.3,10,14.401196710930751,342.5449768741253,1,1,0,0,0,0
4.3,10,14.33357347729107,213.4096086278959,1,1,0,0,0,0
4.3,10,14.371468005028245,209.2361766432288,1,1,0,0,0,0
4.3,10,14.465975051768334,263.3161893017041,1,1,0,0,0,0
4.3,10,14.450317006866085,184.88912082637376,1,1,0,0,0,0
4.3,10,14.477925166442544,131.31174000032772,1,1,0,0,0,0
4.3,10,14.50981721146566,97.15474770945626,1,1,0,0,0,0
4.3,10,14.51142446772383,42.37501100727946,1,1,0,0,0,0
4.3,10,14.192270139690338,72.76617795418048,1,1,0,0,0,0
4.3,10,14.106342692841482,228.93868612648365,1,1,0,0,0,0
4.3,10,14.41329463007179,53.54050112726448,1,1,0,0,0,0
4.3,10,14.50390432367549,100.3174083228885,1,1,0,0,0,0
4.3,10,14.228191937267448,107.14240103573287,1,1,0,0,0,0
4.3,10,14.398574632674082,81.57948940056859,1,1,0,0,0,0
4.3,10,14.59634243455291,47.12180881715854,1,1,0,0,0,0
4.3,10,14.647031476309923,57.24159487724784,1,1,0,0,0,0
4.3,10,14.540994770354624,40.54293909207514,1,1,0,0,0,0
4.3,10,14.486275961130756,42.98575230795183,1,1,0,0,0,0
4.3,10,14.467852953189858,44.916215847802505,1,1,0,0,0,0
4.3,10,14.196506415859218,24.69833902146019,1,1,0,0,0,0
4.3,10,14.117227235517724,71.50012802800863,1,1,0,0,0,0
4.3,10,14.227984034233293,43.64047543212418,1,1,0,0,0,0
4.3,10,14.10849230095852,54.86512261833524,1,1,0,0,0,0
4.3,10,14.209878635711252,115.69433454772886,1,1,0,0,0,0
4.3,10,14.13578586333892,99.5066837718433,1,1,0,0,0,0
4.3,10,14.233305660976589,73.97030516765714,1,0,1,0,0,1
4.3,10,14.268557518889503,103.029052849642,1,0,1,0,0,1
4.3,10,14.3255239787977,10.5425936525728,1,1,0,0,0,0
4.3,10,14.332669740481164,167.5549020675436,1,0,1,0,0,1
4.3,10,14.323174154493456,167.3752434843714,1,0,1,0,0,1
4.3,10,14.413958271195984,228.23500584067864,1,0,1,0,0,1
4.3,10,14.405170385931124,228.234174870188,1,0,1,0,0,1
4.3,10,14.464898103463204,53.37579696627734,1,0,1,0,0,1
4.3,10,14.391400340324717,46.768789990006766,1,1,0,0,0,0
4.3,10,14.869256292177004,549.0202845351527,1,0,0,1,0,1
4.3,10,15.61415725989216,806.7590137393063,1,1,0,0,0,0
4.3,10,15.620868471451937,813.3235913141173,1,1,0,0,0,0
4.3,10,15.760314911089312,549.9084411291689,1,1,0,0,0,0
4.3,10,15.76869166092172,550.1658788569189,1,1,0,0,0,0
4.3,10,15.65040083628818,226.54922816712653,1,1,0,0,0,1
4.3,10,14.80195491438618,352.6184421479955,1,1,0,0,0,0
4.3,10,14.696513602560255,363.4132506766686,1,1,0,0,0,0
4.3,10,14.963546842039856,341.89183251150894,1,1,0,0,0,0
4.3,10,14.919200050690463,315.3660766532886,1,1,0,0,0,0
4.3,10,14.860417224434148,252.50737387143928,1,1,0,0,0,0
4.3,10,14.81865306846144,252.5205538891507,1,1,0,0,0,0
4.3,10,14.77705395986654,252.15428489336333,1,1,0,0,0,0
4.3,10,14.653670719829847,361.56318422262063,1,1,0,0,0,0
4.3,10,14.623309083488357,299.0608698719447,1,1,0,0,0,0
4.3,10,14.973940212697457,421.2385377123496,1,1,0,0,0,0
4.3,10,14.97632018394513,336.2951611751132,1,1,0,0,0,0
4.3,10,14.579637584386116,323.1584820957938,1,1,0,0,0,0
4.3,10,14.397124356488508,321.4700481214695,1,1,0,0,0,0
4.3,10,14.423415333359683,433.19343853228577,1,1,0,0,0,0
4.3,10,14.604086783626432,604.1046560526394,1,1,0,0,0,0
4.3,10,14.685063482428449,225.06753138365195,1,1,0,0,0,0
4.3,10,14.70974815910796,299.01167880308685,1,1,0,0,0,0
4.3,10,14.666691557382192,206.90059193695885,1,1,0,0,0,0
4.3,10,14.665500866382104,220.7314459573919,1,1,0,0,0,0
4.3,10,14.79531410809322,203.91991336134217,1,1,0,0,0,0
4.3,10,14.74372080149034,311.7358409762222,1,1,0,0,0,0
4.3,10,14.783435214372007,260.1763864220309,1,1,0,0,0,0
4.3,10,14.233607294256862,78.10589928493849,1,1,0,0,0,0
4.3,10,14.602260268579194,88.88764997097209,1,1,0,0,0,0
4.3,10,14.766373685938795,116.08239040839686,1,1,0,0,0,0
4.3,10,14.866171698704091,549.9148677990386,1,0,0,1,0,1
4.3,10,14.540290710651435,359.8127789131646,1,0,1,0,0,1
4.3,10,14.542805358512126,306.32135818896097,1,0,1,0,0,1
4.3,10,14.251115739997406,247.86900838952408,1,0,1,0,0,1
4.3,10,14.738710288832308,124.2804587813928,1,1,0,0,0,0
4.3,10,14.209603386109253,45.70992539195886,1,0,1,0,0,1
4.3,10,15.496540494462398,319.312169528549,1,1,0,0,0,0
4.3,10,15.354174219550858,365.1217353063156,1,1,0,0,0,0
4.3,10,15.203690836558808,272.16433035628813,1,1,0,0,0,0
4.3,10,15.25672527176429,272.0163912318812,1,1,0,0,0,0
4.3,10,15.145705184511463,45.33278166214385,1,1,0,0,0,0
4.3,10,15.093089758600549,289.3209174663069,1,1,0,0,0,0
4.3,10,15.107511750019189,187.0848529916184,1,1,0,0,0,0
4.3,10,15.130495064917536,41.500560341953694,1,1,0,0,0,0
4.3,10,15.616620945958422,59.584959202776254,1,1,0,0,0,1
4.3,10,15.29949266718796,364.8357767485388,1,1,0,0,0,0
4.3,10,15.403623560881863,365.3568899242287,1,1,0,0,0,0
4.3,10,15.096132757805306,187.79437248467008,1,0,0,1,0,0
4.3,10,15.566705701188608,161.31983577583907,1,1,0,0,0,0
4.3,10,15.17657302493954,34.55892669650736,1,1,0,0,0,0
4.3,10,15.153032731604643,126.07294270334646,1,1,0,0,0,0
4.3,10,15.234774953933382,55.212764815023256,1,1,0,0,0,0
4.3,10,15.252842071796469,25.19504571135133,1,1,0,0,0,0
4.3,10,15.121527386026155,88.389153965678,1,1,0,0,0,0
4.3,10,15.22425415550218,153.0712077432324,1,1,0,0,0,0
4.3,10,14.992001000672229,47.61300327802152,1,1,0,0,0,0
4.3,10,15.047650015750596,151.61969119205838,1,1,0,0,0,0
4.3,10,15.57280073597138,96.88653028392936,1,1,0,0,0,1
4.3,10,15.606410601457824,51.75489039893527,1,1,0,0,0,0
4.3,10,15.118970170100114,8.681168121255435,1,1,0,0,0,0
4.3,10,15.17369227750888,11.3316724517964,1,1,0,0,0,0
4.3,10,15.517243885751812,89.08886808192342,1,1,0,0,0,0
4.3,10,15.17675623546194,41.35258259917442,1,1,0,0,0,0
4.3,10,15.206447177302971,54.98193355892615,1,1,0,0,0,0
4.3,10,15.114585495263192,55.30709969151383,1,1,0,0,0,0
4.3,10,15.766066726656012,2368.842618159115,1,1,0,0,0,0
4.3,10,14.668519245056192,297.06765470619564,1,1,0,0,0,0
4.3,10,14.77934215433436,155.39892239935273,1,1,0,0,0,0
4.3,10,14.8106586756199,201.5422267321435,1,1,0,0,0,0
4.3,10,14.777206249189842,182.9040276965168,1,1,0,0,0,0
4.3,10,15.32209610529321,488.4149765884368,1,1,0,0,0,0
4.3,10,15.1503508289144,361.791911259742,1,1,0,0,0,0
4.3,10,15.26391208923791,411.6486193399218,1,1,0,0,0,0
4.3,10,14.86010527947546,78.13341453764693,1,1,0,0,0,0
4.3,10,14.866504656399828,341.5453122934724,1,1,0,0,0,0
4.3,10,14.829500287827845,85.2906816846407,1,1,0,0,0,0
4.3,10,14.694687822019324,240.61287323444287,1,1,0,0,0,0
4.3,10,14.818224367696365,48.510074201118826,1,1,0,0,0,0
4.3,10,14.06612306779639,299.30083005778624,1,1,0,0,0,1
4.3,10,13.98752117793036,503.5537506144755,1,1,0,0,0,0
4.3,10,14.045594823840338,464.6668539773904,1,1,0,0,0,0
4.3,10,13.9960990914859,194.9083635294973,1,1,0,0,0,0
4.3,10,13.960059978443306,109.2700536219034,1,1,0,0,0,0
4.3,10,13.911934247990075,107.53381080099334,1,1,0,0,0,0
4.3,10,13.883072907915285,154.7188698310543,1,1,0,0,0,0
4.3,10,13.84097434911914,492.1850448985846,1,1,0,0,0,0
4.3,10,13.789459179534962,495.87110474978886,1,1,0,0,0,0
4.3,10,14.465837698061886,125.29702313954714,1,1,0,0,0,0
4.3,10,14.509147960956913,48.609603796406255,1,1,0,0,0,0
4.3,10,14.012624545390924,55.267246160150805,1,1,0,0,0,0
4.3,10,14.071726423441874,72.6913691611667,1,1,0,0,0,0
4.3,10,14.25337673106039,258.5542351316012,1,1,0,0,0,1
4.3,10,14.190717310592426,77.8579852354303,1,1,0,0,0,0
4.3,10,13.89301736916199,481.5446498245617,1,1,0,0,0,0
4.3,10,14.134758160250904,10.627487685352031,1,1,0,0,0,0
4.3,10,14.141060172355344,23.40028011552937,1,1,0,0,0,0
4.3,10,14.163508911031936,60.716078753633774,1,1,0,0,0,0
4.3,10,13.951840736632724,119.6752690973332,1,1,0,0,0,0
4.3,10,13.897226340379712,115.8009060215782,1,1,0,0,0,0
4.3,10,14.101977660968648,535.1261254605566,1,1,0,0,0,1
4.3,10,14.314973599826494,118.84772670522288,1,1,0,0,0,0
4.3,10,14.36513477673129,132.6913211068016,1,1,0,0,0,0
4.3,10,14.197083710058092,119.537247817139,1,1,0,0,0,0
4.3,10,14.175875622036523,57.18076782697875,1,1,0,0,0,0
4.3,10,14.197212570953354,50.22801872304159,1,1,0,0,0,0
4.3,10,14.25201376834168,56.02567357996331,1,1,0,0,0,0
4.3,10,14.164506106525796,211.935250835756,1,1,0,0,0,1
4.3,10,14.164066002534838,111.21166590370169,1,1,0,0,0,0
4.3,10,14.123937499745844,48.38286179365727,1,1,0,0,0,0
4.3,10,14.141897073796985,52.229324809870334,1,1,0,0,0,0
4.3,10,14.168321514999231,18.716534851498835,1,1,0,0,0,0
4.3,10,14.163436530899936,8.921653469882258,1,1,0,0,0,0
4.3,10,14.192032932973405,44.84554390272624,1,1,0,0,0,0
4.3,10,14.199159998378654,64.33617642705225,1,1,0,0,0,0
4.3,10,14.231344945308544,102.27989947938302,1,1,0,0,0,0
4.3,10,14.254859664965856,49.88164245124876,1,1,0,0,0,0
4.3,10,14.276177703470204,87.88664977660555,1,1,0,0,0,0
4.3,10,14.080910383727424,86.35467818150414,1,1,0,0,0,0
4.3,10,14.04737672613213,96.7160555002517,1,1,0,0,0,0
4.3,10,14.057331546827458,46.40688440403962,1,1,0,0,0,0
4.3,10,14.08030615138796,43.95520622570661,1,1,0,0,0,0
4.3,10,14.099792624108735,42.3706826791879,1,1,0,0,0,0
4.3,10,14.115188437974348,42.024240099328914,1,1,0,0,0,0
4.3,10,14.130837811662202,54.51156115886617,1,1,0,0,0,0
4.3,10,14.100895526036853,28.428395740116947,1,1,0,0,0,0
4.3,10,13.51451024232318,398.8412402842428,1,1,0,0,0,0
4.3,10,13.787207275506708,78.09278204680156,1,1,0,0,0,0
4.3,10,14.042055206145866,13.541764279521704,1,1,0,0,0,0
4.3,10,14.053500957936436,92.5215654176896,1,1,0,0,0,0
4.3,10,14.078831620726293,257.9243569961675,1,1,0,0,0,0
4.3,10,14.09485131201257,11.260325041857117,1,1,0,0,0,0
4.3,10,13.971455448560745,119.43070009909312,1,1,0,0,0,0
4.3,10,14.060036468546643,58.82666459853316,1,1,0,0,0,0
4.3,10,13.756567204054202,25.238933556423618,1,1,0,0,0,0
4.3,10,13.712764167809262,95.42685498457988,1,1,0,0,0,0
4.3,10,13.877735969201698,69.6920180309812,1,1,0,0,0,0
4.3,10,13.92834004548051,184.36103911473592,1,1,0,0,0,0
4.3,10,14.455405137879511,396.2286901177082,1,1,0,0,0,0
4.3,10,15.07498636792168,188.57609857887564,1,1,0,0,0,0
4.3,10,14.78670152339645,941.4311763222518,1,1,0,0,0,0
4.3,10,14.902589043817931,66.14538060480105,1,1,0,0,0,0
4.3,10,13.999165857135996,258.68565174479534,1,1,0,0,0,0
4.3,10,14.341642997455724,476.4802276769049,1,1,0,0,0,0
4.3,10,14.28121812379422,370.1088847797877,1,1,0,0,0,0
4.3,10,13.776721514321006,1039.3849432252696,1,1,0,0,0,0
4.3,10,14.97102801879931,111.62135684853372,1,1,0,0,0,0
4.3,10,14.287885343802522,2161.956222088133,1,0,1,0,0,0
4.3,10,13.39611701793012,1158.2022052796126,1,1,0,0,0,0
4.3,10,13.853099935198406,168.72602366166117,1,1,0,0,0,0
4.3,10,13.632292386965696,293.8366491006475,1,1,0,0,0,0
4.3,10,14.635933700640823,676.5704647557216,1,1,0,0,0,0
4.3,10,14.822951842737826,1528.3923582664338,1,1,0,0,0,0
4.3,10,15.084448683048912,165.93453618249322,1,1,0,0,0,0
4.3,10,14.109020708038072,217.74968002501595,1,1,0,0,0,0
4.3,10,14.304601626491696,418.0919477199212,1,1,0,0,0,0
4.3,10,13.641648663154264,113.87825423009936,1,1,0,0,0,0
4.3,10,15.042521548138962,169.39825578012167,1,1,0,0,0,0
4.3,10,14.909209666343523,412.1663908749614,1,1,0,0,0,0
4.3,10,15.012042858259408,133.02766415084173,1,1,0,0,0,0
4.3,10,14.99099899602817,218.41313357085755,1,1,0,0,0,0
4.3,10,14.91491141403972,173.240561202948,1,1,0,0,0,0
4.3,10,14.70858089006444,152.55222007068434,1,1,0,0,0,0
4.3,10,14.705502968151146,84.20408545740733,1,1,0,0,0,0
4.3,10,14.770260748360206,110.42258743062524,1,1,0,0,0,0
4.3,10,14.72696293196354,137.06488254019737,1,1,0,0,0,0
4.3,10,14.836952420383268,184.9246015209877,1,1,0,0,0,0
4.3,10,15.158226094154683,138.70516369302612,1,1,0,0,0,0
4.3,10,14.508344440811332,207.47758143371087,1,1,0,0,0,0
4.3,10,14.858202574520792,127.11701504253072,1,1,0,0,0,0
4.3,10,15.01750257825458,55.99167218745063,1,1,0,0,0,0
4.3,10,15.132245729358258,35.37923084780343,1,1,0,0,0,0
4.3,10,15.109663174835545,24.738859638196622,1,1,0,0,0,0
4.3,10,14.283135439188069,66.58917306605916,1,1,0,0,0,0
4.3,10,14.315005494318555,51.81624054664419,1,1,0,0,0,0
4.3,10,14.450032799086443,91.45648644084316,1,1,0,0,0,0
4.3,10,14.230572656414234,36.579361550523245,1,1,0,0,0,0
4.3,10,16.15267381063662,285.76003197158497,1,1,0,0,0,0
4.3,10,16.09452347005888,145.27826465844555,1,1,0,0,0,0
4.3,10,16.1597490606984,68.28590963060483,1,1,0,0,0,0
4.3,10,16.0370873973464,169.44855083568527,1,1,0,0,0,0
4.3,10,16.344132328923862,104.1901652994508,0,1,0,0,0,0
4.3,10,16.35506377024091,87.27985706715745,0,1,0,0,0,0
4.3,10,15.959056660080757,60.57657140516794,1,1,0,0,0,0
4.3,10,15.909732533497058,118.7480083225025,1,1,0,0,0,0
4.3,10,15.862025840968482,56.5049293659186,1,1,0,0,0,0
4.3,10,15.950648670705997,59.46252675780106,1,1,0,0,0,0
4.3,10,15.93439569997693,135.5797078558497,1,1,0,0,0,0
4.3,10,16.061514026931594,333.81951611622713,1,1,0,0,0,0
4.3,10,16.15468336848895,52.21823039939878,1,1,0,0,0,0
4.3,10,16.005560817619614,62.790770141753015,1,1,0,0,0,0
4.3,10,16.01180546578526,24.06639479632469,1,1,0,0,0,0
4.3,10,15.992702025059698,56.0104793196365,1,1,0,0,0,0
4.3,10,16.218159272534276,34.749423406612124,0,1,0,0,0,0
4.3,10,16.203146979422048,75.260816560972,0,1,0,0,0,0
4.3,10,16.213985646311897,147.0845818440159,0,1,0,0,0,0
4.3,10,16.018133206726002,59.79698862716651,1,1,0,0,0,0
4.3,10,15.65479528830723,103.77535189189076,1,1,0,0,0,0
4.3,10,15.923707047711174,14.917676840412044,1,1,0,0,0,0
4.3,10,16.28923124419707,1098.73433153548,0,0,0,0,0,1
4.3,10,16.393043290383073,24.63603159878757,0,1,0,0,0,0
4.3,10,15.729813755778869,1281.830382328833,1,1,0,0,0,0
4.3,10,16.435705233119943,79.76259792213831,0,1,0,0,0,1
4.3,10,16.279387782999994,1109.6330384331045,0,0,0,0,0,1
4.3,10,15.971031241912089,325.389144369883,1,1,0,0,0,0
4.3,10,16.39533387963477,74.3465328102391,0,0,0,0,0,1
4.3,10,16.389019931908923,107.59121964420422,0,0,0,0,0,1
4.3,10,16.521390767832038,349.2802806852583,0,1,0,0,0,0
4.3,10,16.47864426029401,49.57226458699576,0,1,0,0,0,0
4.3,10,16.384560238347074,77.10360317675708,0,0,0,0,0,1
4.3,10,16.379193968955093,98.78446445607382,0,0,0,0,0,1
4.3,10,16.302345258630968,103.76095695286396,0,1,0,0,0,0
4.3,10,16.368389420974665,202.0454029539593,0,1,0,0,0,0
4.3,10,15.309012750939546,273.2118739925085,1,1,0,0,0,0
4.3,10,15.115501876692386,69.46935782637519,1,1,0,0,0,0
4.3,10,15.454414083840115,105.36143544283712,1,1,0,0,0,0
4.3,10,15.567827893799013,134.46022725434216,1,1,0,0,0,0
4.3,10,15.516344735884564,111.2817626028721,1,1,0,0,0,0
4.3,10,15.370940300315496,126.55685671667784,1,1,0,0,0,0
4.3,10,15.582863236816443,125.00845411653911,1,1,0,0,0,0
4.3,10,15.404637607252754,197.97456710395656,1,1,0,0,0,0
4.3,10,15.63061486879893,44.86516829682192,1,1,0,0,0,0
4.3,10,15.12832030736802,138.6037347574711,1,1,0,0,0,0
4.3,10,15.18175771722944,175.6422671981436,1,1,0,0,0,0
4.3,10,14.955070905066142,467.4116858817729,1,1,0,0,0,0
4.3,10,15.38394834022698,208.06753886234023,1,1,0,0,0,0
4.3,10,15.496679203431452,395.2629371915156,1,1,0,0,0,0
4.3,10,15.209613388543085,124.85045548805108,1,1,0,0,0,0
4.3,10,15.130470650729713,489.8900940732228,1,1,0,0,0,0
4.3,10,15.461671451645172,113.60764307113364,1,1,0,0,0,0
4.3,10,15.372064360579651,206.36092524742045,1,1,0,0,0,0
4.3,10,15.42922906719888,195.4808797230698,1,1,0,0,0,0
4.3,10,15.282305611090305,132.62093203148746,1,1,0,0,0,0
4.3,10,15.541915361017892,15.023205413396218,1,1,0,0,0,0
4.3,10,15.595958895250524,95.8422279629704,1,1,0,0,0,0
4.3,10,15.500533185477718,108.42276895928396,1,1,0,0,0,0
4.3,10,15.273242250755768,89.08420743852336,1,1,0,0,0,0
4.3,10,15.624978472255195,209.6931776990901,1,1,0,0,0,0
4.3,10,15.618854631973043,212.59225517479547,1,1,0,0,0,0
4.3,10,15.492371362939464,297.36317176012744,1,1,0,0,0,0
4.3,10,15.292483401313566,338.3532357735159,1,1,0,0,0,0
4.3,10,15.717788269520865,269.11014266468715,1,1,0,0,0,0
4.3,10,15.805311563410507,689.1214180573675,1,1,0,0,0,0
4.3,10,15.182296211272387,357.9387705692982,1,1,0,0,0,0
4.3,10,16.37359692402116,137.30770891310573,0,0,0,1,0,0
4.3,10,15.6710602979521,106.13358944529472,1,1,0,0,0,0
4.3,10,16.205326856066364,194.8749086482792,0,0,0,0,0,0
4.3,10,16.115465396033812,403.290310163089,1,0,0,0,0,1
4.3,10,16.116415288850177,395.4446053047266,1,0,0,0,0,0
4.3,10,16.234635008518826,703.9379038564159,0,0,0,0,0,1
4.3,10,16.241984937139232,289.396135164542,0,0,0,0,0,1
4.3,10,15.2534724092545,124.13466794158974,1,1,0,0,0,0
4.3,10,15.96739586307261,350.6510165918256,1,1,0,0,0,0
4.3,10,15.980018460323622,328.93892299925545,1,1,0,0,0,0
4.3,10,15.897687259775342,81.09228075159443,1,1,0,0,0,0
4.3,10,15.995381712160755,83.70482281318795,1,1,0,0,0,0
4.3,10,16.062166874061397,439.16026896306033,1,0,0,0,0,1
4.3,10,16.11693198021407,4.128164244044728,1,0,0,0,0,0
4.3,10,16.05511287435743,446.3849814062942,1,0,0,0,0,1
4.3,10,16.132424237064345,262.7487196769193,1,1,0,0,0,0
4.3,10,15.771364768926166,123.26935581791813,1,1,0,0,0,0
4.3,10,15.70767015377479,70.39137763443942,1,1,0,0,0,0
4.3,10,15.96136115171004,136.1495599725195,1,1,0,0,0,0
4.3,10,15.785389974261545,106.1826040546957,1,1,0,0,0,0
4.3,10,13.556294769217663,182.0209941342428,1,1,0,0,0,0
4.3,10,13.370543753790406,52.22628232285292,1,1,0,0,0,0
4.3,10,14.001998152475863,95.67693474451272,1,1,0,0,0,0
4.3,10,13.992217189197827,56.334147786383326,1,1,0,0,0,0
4.3,10,14.099752141148368,473.6892755941423,1,1,0,0,0,0
4.3,10,14.606039291852966,518.963300281263,1,1,0,0,0,0
4.3,10,14.608371131103572,169.6446967189332,1,1,0,0,0,0
4.3,10,14.521755105792666,384.6849216464874,1,1,0,0,0,0
4.3,10,14.666016233187753,62.70811269359739,1,1,0,0,0,0
4.3,10,14.605526807866092,55.34360911812407,1,1,0,0,0,0
4.3,10,14.448868941846314,269.4858419636041,1,1,0,0,0,0
4.3,10,14.328267206153482,70.91853247357577,1,1,0,0,0,0
4.3,10,14.343474951891729,106.56126965225002,1,1,0,0,0,0
4.3,10,14.335866792441642,80.7573746712131,1,1,0,0,0,0
4.3,10,14.541248963555292,275.0146158212034,1,1,0,0,0,0
4.3,10,14.461602198035406,194.4224572618413,1,1,0,0,0,0
4.3,10,14.327989808630829,48.3978786226796,1,1,0,0,0,0
4.3,10,14.296654095727314,70.91980325672863,1,1,0,0,0,0
4.3,10,14.381351682646509,76.29097691028508,1,1,0,0,0,0
4.3,10,14.331245315266669,31.747210230175423,1,1,0,0,0,0
4.3,10,14.356695773389458,61.95385951914752,1,1,0,0,0,0
4.3,10,14.330935333980534,20.801119153674705,1,1,0,0,0,0
4.3,10,14.208847389366271,247.20961679548188,1,1,0,0,0,0
4.3,10,14.38059741919406,39.59989719770896,1,1,0,0,0,0
4.3,10,14.34161143440446,16.12606497976276,1,1,0,0,0,0
4.3,10,15.25872206193556,250.6116050890586,1,1,0,0,0,0
4.3,10,15.214099165264878,74.20692607826442,1,1,0,0,0,0
4.3,10,15.03373109230792,300.3166339101033,1,1,0,0,0,0
4.3,10,14.745248994067218,34.59168899330196,1,1,0,0,0,0
4.3,10,14.753100781340809,53.11183933803274,1,1,0,0,0,0
4.3,10,14.719887030645102,42.86610000799551,1,1,0,0,0,0
4.3,10,14.64938213916602,31.24902053928514,1,1,0,0,0,0
4.3,10,15.13630015472385,20.420550869041502,1,1,0,0,0,0
4.3,10,15.15319093571577,75.80303859536308,1,1,0,0,0,0
4.3,10,15.226259821037289,216.0269937118716,1,1,0,0,0,0
4.3,10,15.16371409943657,128.83168305550294,1,1,0,0,0,0
4.3,10,15.217029292451851,110.98358744445758,1,1,0,0,0,0
4.3,10,15.205001783062182,42.56292154367439,1,1,0,0,0,0
4.3,10,15.184866082848092,71.52681359438755,1,1,0,0,0,0
4.3,10,15.46240707316083,299.3251684762797,1,1,0,0,0,0
4.3,10,15.45189322160856,621.6751770613847,1,1,0,0,0,0
4.3,10,15.281121967460292,379.5485020973929,1,1,0,0,0,0
4.3,10,15.170185905952504,560.6839476629226,1,1,0,0,0,0
4.3,10,15.110360548706383,118.28516584966208,1,1,0,0,0,0
4.3,10,15.973283783541556,322.1714107283313,1,1,0,0,0,0
4.3,10,16.016691804481898,444.1980096567167,1,1,0,0,0,0
4.3,10,15.50962870789892,146.8527875966237,1,1,0,0,0,0
4.3,10,15.57479456702978,403.03735415336126,1,1,0,0,0,0
4.3,10,15.681184991803754,112.60214258596542,1,1,0,0,0,0
4.3,10,15.37532480889937,164.60334317701208,1,1,0,0,0,0
4.3,10,15.48806726558849,31.187859660505246,1,1,0,0,0,0
4.3,10,15.648710890212946,66.45418465043464,1,1,0,0,0,0
4.3,10,15.711817971883942,65.50627940419416,1,1,0,0,0,0
4.3,10,15.611069768658878,93.13103387391794,1,1,0,0,0,0
4.3,10,15.72470465229124,215.7712890192976,1,1,0,0,0,0
4.3,10,17.001743409648885,459.05482908402166,0,1,0,0,0,0
4.3,10,16.963273454461717,48.12716075747447,0,1,0,0,0,0
4.3,10,17.045453171654348,83.46531054661642,0,1,0,0,0,0
4.3,10,17.041249269892912,32.17265072782443,0,1,0,0,0,0
4.3,10,17.17054759413157,76.67831261212663,0,1,0,0,0,0
4.3,10,16.983069493040535,148.18534779302215,0,1,0,0,0,0
4.3,10,16.574383256417033,761.9269160955159,0,0,0,1,0,0
4.3,10,16.76493874140233,225.3030729559464,0,1,0,0,0,0
4.3,10,16.62428839090994,415.9189817861638,0,1,0,0,0,0
4.3,10,16.46734262045263,222.23700188955465,0,1,0,0,0,0
4.3,10,16.240035905814032,1440.763685266224,0,1,0,0,0,0
4.3,10,16.989403694399172,2540.4388180347005,0,0,0,0,0,0
4.3,10,16.107919296579052,197.2837599452997,1,1,0,0,0,0
5.4,27,19.044322142364845,304.3644674463369,1,1,0,0,0,1
5.4,27,18.343868366297183,334.854817788776,1,1,0,0,0,0
5.4,27,18.39629087654006,695.8516143659663,1,1,0,0,0,0
5.4,27,18.93757269061988,226.0831687403952,1,1,0,0,0,0
5.4,27,18.256476692521225,334.38094831616,1,1,0,0,0,0
5.4,27,18.319160220275798,86.6409247887356,1,1,0,0,0,0
5.4,27,18.370003999214592,608.3779301232823,1,0,0,1,0,1
5.4,27,18.36054364259015,589.8412924082332,1,0,0,1,0,1
5.4,27,18.144428713664382,514.7967337502447,1,0,0,1,0,1
5.4,27,18.12486600834561,555.7214270657979,1,0,0,1,0,1
5.4,27,18.902393602606583,743.6237152385429,1,0,0,1,0,1
5.4,27,18.99794719661029,338.7799712436523,1,1,0,0,0,1
5.4,27,18.88176905519732,571.8688928984491,1,1,0,0,0,1
5.4,27,18.49584828151464,72.76175702414321,1,0,0,1,0,1
5.4,27,19.28393826587159,201.0233467237804,1,0,0,1,0,1
5.4,27,19.11267013008991,442.0969465199373,1,1,0,0,0,1
5.4,27,18.927921454225896,700.6289300491355,1,1,0,0,0,0
5.4,27,18.69690653820601,28.564072210688124,1,1,0,0,0,0
5.4,27,19.26819358541104,1013.4438244598526,1,0,0,1,0,1
5.4,27,19.154269189734173,470.8485188768407,1,1,0,0,0,0
5.4,27,19.23180777813114,134.88620542085744,1,1,0,0,0,1
5.4,27,19.17221863211263,325.8406889755462,1,1,0,0,0,0
5.4,27,19.34250747254246,33.81804707509349,1,0,0,1,0,1
5.4,27,19.34250747254246,27.0057110383233,1,0,0,1,0,1
5.4,27,19.331847538083192,184.29153958651577,1,1,0,0,0,1
5.4,27,19.201323268251624,243.0595011305093,1,1,0,0,0,1
5.4,27,19.207903819499712,230.65386808968407,1,1,0,0,0,1
5.4,27,19.072120133241604,156.15608943176431,1,1,0,0,0,0
5.4,27,18.94812038952111,208.9568677098557,1,1,0,0,0,0
5.4,27,19.229553480693596,102.40924283206056,1,1,0,0,0,0
5.4,27,19.115746722421356,136.60985299431258,1,1,0,0,0,0
5.4,27,19.23041107598376,134.76024459742771,1,1,0,0,0,1
5.4,27,19.054040383786607,65.8490246342879,1,1,0,0,0,0
5.4,27,19.090010146911577,83.4233461372355,1,1,0,0,0,0
5.4,27,19.116232297270813,112.34559459757868,1,1,0,0,0,0
5.4,27,19.316422471543824,241.731053853642,1,0,0,1,0,1
5.4,27,19.30143734474284,8.105233444637209,1,1,0,0,0,0
5.4,27,19.261741081303697,137.22749182080418,1,1,0,0,0,1
5.4,27,19.38598754484621,169.41216413864896,1,1,0,0,0,0
5.4,27,19.307512920341345,94.23118380122268,1,1,0,0,0,0
5.4,27,19.35301467762444,164.32873932173572,1,1,0,0,0,1
5.4,27,19.343994491457188,160.0583684431548,1,1,0,0,0,1
5.4,27,19.42556321076439,142.763226755689,1,1,0,0,0,0
5.4,27,19.353013888645737,209.3735917233021,1,1,0,0,0,0
5.4,27,19.17287394755976,353.13016841652404,1,1,0,0,0,0
5.4,27,18.656491696065142,122.80593668108776,1,1,0,0,0,0
5.4,27,18.74902891899583,96.24729301508408,1,1,0,0,0,1
5.4,27,18.840024154718535,94.71429113672994,1,1,0,0,0,1
5.4,27,18.426602460473905,230.15905157321723,1,0,0,1,0,1
5.4,27,18.42085877075004,246.36663905119497,1,0,0,1,0,1
5.4,27,18.409684250253644,17.187901695007383,1,0,0,1,0,1
5.4,27,18.39912797482974,12.523101903261429,1,0,0,1,0,1
5.4,27,18.75974794924342,86.18600799610255,1,1,0,0,0,0
5.4,27,18.746811556704778,111.81526598282282,1,1,0,0,0,0
5.4,27,18.7098947973721,102.24791152574556,1,1,0,0,0,1
5.4,27,18.8029635032799,108.7993696701492,1,1,0,0,0,0
5.4,27,18.786543796513733,108.61872264479398,1,1,0,0,0,0
5.4,27,18.73642434516095,331.7609611801652,1,1,0,0,0,1
5.4,27,18.836170034660583,48.50636524753127,1,1,0,0,0,0
5.4,27,18.811329800421134,50.18546022346658,1,1,0,0,0,0
5.4,27,18.434045542653912,52.749742125932485,1,0,0,1,0,1
5.4,27,18.437264201422867,52.7317141798262,1,0,0,1,0,1
5.4,27,18.499149702335718,72.39469187386604,1,0,0,1,0,1
5.4,27,18.815805149473224,88.11659928511604,1,1,0,0,0,1
5.4,27,18.866586281378908,54.68411069150906,1,1,0,0,0,1
5.4,27,18.882215023087248,24.89461266748181,1,1,0,0,0,0
5.4,27,18.815805149473224,86.93604510604756,1,1,0,0,0,1
5.4,27,18.71067402782966,104.02801580486924,1,1,0,0,0,1
5.4,27,18.774743698938494,55.00920909677474,1,1,0,0,0,0
5.4,27,18.84760361276092,13.050284527613348,1,1,0,0,0,0
5.4,27,18.829497606416204,63.90600267693989,1,1,0,0,0,0
5.4,27,18.666762686586495,133.1816455706609,1,1,0,0,0,1
5.4,27,18.844754848384454,183.96219818047825,1,1,0,0,0,1
5.4,27,18.85756420146691,11.96579179772858,1,1,0,0,0,0
5.4,27,18.85238846619593,33.57557703966273,1,1,0,0,0,1
5.4,27,18.8284797561435,54.61296433895083,1,1,0,0,0,1
5.4,27,18.72406938657709,110.6164239770453,1,1,0,0,0,0
5.4,27,18.78152261090175,99.7761516454042,1,1,0,0,0,1
5.4,27,18.74490481568913,243.4208776399183,1,1,0,0,0,1
5.4,27,18.76185188705374,94.29773220516972,1,1,0,0,0,1
5.4,27,18.73669009893095,53.489823586484725,1,1,0,0,0,1
5.4,27,18.73790433105573,310.4756827327067,1,1,0,0,0,1
5.4,27,18.77288606355951,75.95891824830728,1,1,0,0,0,0
5.4,27,18.70113378540052,116.70334921305054,1,1,0,0,0,1
5.4,27,18.702069232650288,116.63770651764392,1,1,0,0,0,1
5.4,27,18.639428115601174,10.158002496495769,1,1,0,0,0,0
5.4,27,18.69185785993338,104.10959827239115,1,1,0,0,0,0
5.4,27,18.403416872021975,10.980598599219263,1,0,0,1,0,1
5.4,27,18.4053981887933,11.5453558609021,1,0,0,1,0,1
5.4,27,19.08444450487044,225.56819313437435,1,1,0,0,0,0
5.4,27,19.09073054944344,226.58510146826856,1,1,0,0,0,0
5.4,27,19.139825766484,220.89696614249047,1,1,0,0,0,0
5.4,27,18.96229863516332,247.68806370163884,1,1,0,0,0,0
5.4,27,19.170718053194733,247.8046554081185,1,1,0,0,0,0
5.4,27,19.11462040048889,245.43657173545955,1,1,0,0,0,0
5.4,27,19.020305279347767,247.71614489555668,1,1,0,0,0,0
5.4,27,19.131398595413295,222.32990793674028,1,1,0,0,0,0
5.4,27,19.392795951832017,261.28217381542026,1,0,0,1,0,1
5.4,27,19.32110452551649,104.55926440316526,1,1,0,0,0,0
5.4,27,19.38242019909392,155.1702375685863,1,1,0,0,0,0
5.4,27,19.3461090603317,164.5735409988647,1,1,0,0,0,0
5.4,27,19.329027679054622,146.0096823679477,1,1,0,0,0,0
5.4,27,19.231111401549388,568.7882092029527,1,0,0,1,0,1
5.4,27,18.61395138535575,227.179529311646,1,1,0,0,0,0
5.4,27,18.7456851925392,230.61164774442275,1,1,0,0,0,0
5.4,27,18.629824151233112,246.18337387742963,1,1,0,0,0,0
5.4,27,18.646246244643127,226.4583705351604,1,1,0,0,0,0
5.4,27,18.65311557060199,227.0893893714016,1,1,0,0,0,0
5.4,27,18.76730042629865,245.6203241972088,1,1,0,0,0,0
5.4,27,18.853187601857726,366.8145854981536,1,1,0,0,0,0
5.4,27,18.812124720472447,57.92634604100982,1,1,0,0,0,0
5.4,27,18.613647033018776,249.9144911518317,1,1,0,0,0,0
5.4,27,18.72800623528109,112.18777134806884,1,1,0,0,0,0
5.4,27,18.671454327587835,248.49640751857092,1,1,0,0,0,0
5.4,27,18.57169349427444,246.551405088048,1,1,0,0,0,0
5.4,27,18.581046830750772,30.66962632528418,1,1,0,0,0,0
5.4,27,18.34291351888391,42.35364165974346,1,0,0,1,0,1
5.4,27,18.311718885050503,119.87414093596412,1,0,0,1,0,1
5.4,27,18.329510754818557,14.584546515866396,1,0,0,1,0,0
5.4,27,18.345065898931505,76.53712986203533,1,0,0,1,0,1
5.4,27,18.33225785612609,93.34345263279398,1,0,0,1,0,1
5.4,27,18.316282780746366,92.19805065697224,1,0,0,1,0,1
5.4,27,18.77927019208581,33.1450623385572,1,1,0,0,0,0
5.4,27,18.32470754222637,23.389110941212827,1,0,0,1,0,1
5.4,27,18.855299097792955,1137.6003858049348,1,1,0,0,0,0
5.4,27,19.1996748142368,132.32235279855908,1,1,0,0,0,0
5.4,27,18.93645209230213,247.8459003660864,1,1,0,0,0,0
5.4,27,18.92907320365381,235.5926122283809,1,1,0,0,0,0
5.4,27,18.917074115909003,220.96440021833288,1,1,0,0,0,0
5.4,27,18.72733630948939,249.25415546431427,1,1,0,0,0,0
5.4,27,18.785036665892555,248.0396418981713,1,1,0,0,0,0
5.4,27,18.99354422094116,309.03455240139664,1,1,0,0,0,0
5.4,27,18.811704647444145,648.2048017535491,1,1,0,0,0,0
5.4,27,18.507086301309418,1106.99704189035,1,1,0,0,0,0
5.4,27,18.28892131530828,801.8959430605998,1,1,0,0,0,0
5.4,27,18.14598233160896,423.815118496895,1,1,0,0,0,0
5.4,27,19.074349127079667,131.5686154701172,1,1,0,0,0,0
5.4,27,19.131823886239815,132.45050269328647,1,1,0,0,0,0
5.4,27,18.96974285452267,246.4043029877172,1,1,0,0,0,0
5.4,27,19.004188695116877,318.5613398125939,1,1,0,0,0,0
5.4,27,18.7782199668758,284.05608854792774,1,1,0,0,0,0
5.4,27,18.912439605862083,245.84303176566308,1,1,0,0,0,0
5.4,27,18.96100779716649,288.5156275900139,1,1,0,0,0,0
5.4,27,18.99892033164469,225.96316838715123,1,1,0,0,0,0
5.4,27,18.868779847330035,688.550238128322,1,1,0,0,0,0
5.4,27,18.795945512876727,233.08154822822084,1,1,0,0,0,0
5.4,27,19.260739462835343,1429.0438627203737,1,1,0,0,0,0
5.4,27,18.20849966836147,430.2921308919063,1,1,0,0,0,0
5.4,27,18.088089853390787,548.4439970279692,1,0,0,1,0,1
5.4,27,18.103166594908977,520.5380468539837,1,0,0,1,0,1
5.4,27,18.25877406022546,789.8013748532004,1,0,0,1,0,1
5.4,27,19.017168190053965,1008.1717495359828,1,0,0,1,0,1
5.4,27,18.25661737474348,395.7850992389177,1,1,0,0,0,0
5.4,27,18.736707089096168,618.8393404270547,1,0,0,1,0,1
5.4,27,18.736670786160037,615.2765063450715,1,0,0,1,0,1
5.4,27,18.776551322433765,836.1519604348279,1,1,0,0,0,0
5.4,27,18.289534195553543,417.4797235192687,1,0,0,1,0,1
5.4,27,19.06280189058716,1522.2107394945451,1,0,0,1,0,1
5.4,27,19.07928452237281,1521.624751401402,1,0,0,1,0,1
5.4,27,18.925238242096,264.7589206876436,1,1,0,0,0,0
5.4,27,18.92274011541428,251.4543368474347,1,1,0,0,0,0
5.4,27,18.43404116652049,727.684731020604,1,1,0,0,0,0
5.4,27,18.49133460315892,264.94248698389833,1,1,0,0,0,0
5.4,27,18.842708589432807,248.5103221771824,1,1,0,0,0,0
5.4,27,18.900093747768118,248.4781380762073,1,1,0,0,0,0
5.4,27,18.33918051968036,47.468973571348265,1,0,0,1,0,1
5.4,27,18.32568340715108,46.972994660772365,1,0,0,1,0,1
5.4,27,18.30818636485856,46.71925618528916,1,0,0,1,0,1
5.4,27,18.293863662311374,46.86517170482762,1,0,0,1,0,1
5.4,27,18.2555381319096,191.1160778341384,1,0,0,1,0,1
5.4,27,18.257088552457947,188.536215949148,1,0,0,1,0,1
5.4,27,18.54239110952736,265.65683301075853,1,1,0,0,0,0
5.4,27,18.22946731309674,90.68051575180706,1,1,0,0,0,0
5.4,27,19.189092603994396,141.363381427582,1,1,0,0,0,0
5.4,27,19.021359447689992,169.36752316018357,1,1,0,0,0,0
5.4,27,19.0317194250614,179.64492373981713,1,1,0,0,0,0
5.4,27,18.69429107687639,221.7956292189868,1,1,0,0,0,0
5.4,27,18.744343911875216,222.5076135739614,1,1,0,0,0,0
5.4,27,18.878127934472,247.03897011965373,1,1,0,0,0,0
5.4,27,18.75298981385977,249.68427660914423,1,1,0,0,0,0
5.4,27,18.695575288805816,249.260641899219,1,1,0,0,0,0
5.4,27,18.709067389081728,230.29892228816607,1,1,0,0,0,0
5.4,27,18.714140277407143,230.87084469452725,1,1,0,0,0,0
5.4,27,18.593510549378035,244.76794096958028,1,1,0,0,0,0
5.4,27,18.536060521338,245.1042581309592,1,1,0,0,0,0
5.4,27,18.58174145585611,227.99440685264528,1,1,0,0,0,0
5.4,27,18.608138638423856,227.10790945592709,1,1,0,0,0,0
5.4,27,18.314104408838222,187.24082312911523,1,0,0,1,0,1
5.4,27,18.32991943137968,357.53926836425074,1,1,0,0,0,0
5.4,27,18.303103739233222,416.8609546575837,1,0,0,1,0,1
5.4,27,18.5773461531759,228.12815682204985,1,1,0,0,0,0
5.4,27,18.62360859492631,143.31270274067393,1,1,0,0,0,0
5.4,27,18.576363173475656,244.71946309752607,1,1,0,0,0,0
5.4,27,18.501518748523896,101.74802221874111,1,1,0,0,0,0
5.4,27,18.66512257468277,244.58847820645065,1,1,0,0,0,0
5.4,27,18.38966174302792,78.34191176288715,1,0,0,1,0,1
5.4,27,18.390688907864035,79.88138024170178,1,0,0,1,0,1
5.4,27,17.092327901304653,260.92248686147286,1,1,0,0,0,0
5.4,27,17.145183667989595,313.0649075905794,1,1,0,0,0,0
5.4,27,17.060506613915415,355.25719251106455,1,1,0,0,0,0
5.4,27,17.263680571245647,127.22530677918787,1,1,0,0,0,0
5.4,27,17.282440480392662,130.67485973109862,1,1,0,0,0,0
5.4,27,17.778967981942518,730.7880517832672,1,1,0,0,0,0
5.4,27,17.83326209995481,478.0929296666675,1,1,0,0,0,0
5.4,27,17.660715208890906,262.8998574861602,1,1,0,0,0,0
5.4,27,17.85275814557084,778.4596955190843,1,0,1,0,0,1
5.4,27,17.68057328471164,244.71717912240416,1,1,0,0,0,0
5.4,27,17.557721740972756,269.83716285134665,1,1,0,0,0,0
5.4,27,17.436515002940165,794.3565087091185,1,1,0,0,0,0
5.4,27,17.557111733885442,448.38783802596834,1,1,0,0,0,0
5.4,27,17.11202165154261,212.3132364896045,1,1,0,0,0,0
5.4,27,17.079259462365258,527.4644937366955,1,1,0,0,0,0
5.4,27,17.397948751536127,360.65019507335165,1,1,0,0,0,0
5.4,27,17.709272852638104,262.9428434646358,1,1,0,0,0,0
5.4,27,16.979149723345923,246.4206247930444,1,1,0,0,0,0
5.4,27,16.97417122414839,294.9569628259614,1,1,0,0,0,0
5.4,27,17.556581916446916,348.27252337484776,1,1,0,0,0,0
5.4,27,17.548334784470608,347.8686423141569,1,1,0,0,0,0
5.4,27,16.76687462591413,454.1123682082477,1,1,0,0,0,0
5.4,27,17.33307149505146,785.45315726014,1,1,0,0,0,0
5.4,27,17.654296257822757,557.8818187149966,1,0,0,1,0,1
5.4,27,17.653151134920954,557.3366131268899,1,0,0,1,0,1
5.4,27,17.005969057593617,254.9369398077493,1,0,0,1,0,1
5.4,27,17.00868139387963,252.0222529358156,1,0,0,1,0,1
5.4,27,17.207349152443836,607.5210284884432,1,0,0,1,0,1
5.4,27,17.221307361043127,612.28709761282,1,0,0,1,0,1
5.4,27,17.329223434856093,481.3997824670992,1,1,0,0,0,0
5.4,27,16.923586579158222,103.6473015199873,1,1,0,0,0,0
5.4,27,16.904696887408498,142.7642297599618,1,1,0,0,0,0
5.4,27,17.972506418846905,647.1993960368553,1,0,1,0,0,1
5.4,27,17.86750982787678,777.8804485412265,1,0,1,0,0,1
5.4,27,17.98240684170997,639.2668376802603,1,0,1,0,0,1
5.4,27,17.109318199090183,292.0806899191252,1,0,0,1,0,0
5.4,27,17.71874052239931,226.28198306133183,1,1,0,0,0,0
5.4,27,17.76919808490005,218.85730394439432,1,1,0,0,0,0
5.4,27,17.869754985466752,41.62418146216248,1,0,0,1,0,1
5.4,27,17.87803306920767,68.3373080742785,1,1,0,0,0,0
5.4,27,17.148273934640752,100.10816298612414,1,1,0,0,0,0
5.4,27,17.140887333922024,99.53249452642596,1,1,0,0,0,0
5.4,27,17.133749067177323,99.9439408006502,1,1,0,0,0,0
5.4,27,17.126788108155733,99.13197998356928,1,1,0,0,0,0
5.4,27,17.394769405379527,104.4190026316398,1,1,0,0,0,0
5.4,27,17.418165805930478,169.8935287377654,1,1,0,0,0,0
5.4,27,17.402427224652172,104.69542719165835,1,1,0,0,0,0
5.4,27,17.335908668767537,90.94198614623843,1,0,0,1,0,1
5.4,27,17.229341542799787,122.394256528763,1,0,0,1,0,1
5.4,27,17.334595643275748,91.41197155472454,1,0,0,1,0,1
5.4,27,17.231759737044058,120.71009800532056,1,0,0,1,0,1
5.4,27,17.151640349838033,65.13416414636349,1,0,0,1,0,1
5.4,27,17.151640349838033,65.25890804650697,1,0,0,1,0,1
5.4,27,17.040793269928862,238.57493600690472,1,1,0,0,0,0
5.4,27,17.215370137371153,519.5961373851926,1,0,0,1,0,0
5.4,27,17.029441545267378,143.7361843215816,1,1,0,0,0,0
5.4,27,17.193509177313334,307.5344866721535,1,1,0,0,0,0
5.4,27,17.241177453577567,121.45287760722545,1,1,0,0,0,0
5.4,27,16.815016753847,123.5653856367438,1,1,0,0,0,0
5.4,27,16.78036959945258,232.111318029287,1,1,0,0,0,0
5.4,27,16.804879159428204,97.74138654644211,1,1,0,0,0,0
5.4,27,15.937905979920536,133.42251518382542,1,1,0,0,0,0
5.4,27,16.00533202831053,15.450885129215468,1,1,0,0,0,0
5.4,27,16.01749733747454,13.489871069172011,1,1,0,0,0,0
5.4,27,15.620147486912526,13.13687919785574,1,1,0,0,0,0
5.4,27,15.87155067454498,51.24393220330757,1,1,0,0,0,0
5.4,27,15.306852680504162,1187.046168608776,1,0,0,1,0,0
5.4,27,15.612831927671875,747.5313440579326,1,0,0,1,0,0
5.4,27,16.635434062423464,769.9619607304982,1,1,0,0,0,0
5.4,27,16.268251258823735,171.1734775614018,1,1,0,0,0,0
5.4,27,16.426168659223936,334.9678178437784,1,1,0,0,0,0
5.4,27,16.309480672462037,411.18751093370406,1,1,0,0,0,0
5.4,27,16.26335683537782,407.102788710132,1,1,0,0,0,0
5.4,27,16.526185365152028,54.2445204920496,1,1,0,0,0,0
5.4,27,16.332403972706437,916.4268990592798,1,1,0,0,0,0
5.4,27,15.7236474184502,316.63835191233113,1,1,0,0,0,0
5.4,27,16.192320484337948,495.6710874864089,1,1,0,0,0,0
5.4,27,16.27852950797742,198.6019367055612,1,1,0,0,0,0
5.4,27,15.61089263428752,119.03675328779045,1,1,0,0,0,0
5.4,27,16.260458693639308,41.31239571139946,1,1,0,0,0,0
5.4,27,16.357766654960002,339.26294224917825,1,1,0,0,0,0
5.4,27,16.465339991473414,13.698035131360236,1,1,0,0,0,0
5.4,27,16.39265919165671,128.77996129876863,1,1,0,0,0,0
5.4,27,16.533275801385606,180.24233839721893,1,1,0,0,0,0
5.4,27,16.74745522801214,99.2498644110216,1,1,0,0,0,0
5.4,27,16.712724048936543,129.55732422407158,1,1,0,0,0,0
5.4,27,16.67242187792064,276.25228566117653,1,1,0,0,0,0
5.4,27,16.7174868464768,136.06629036382265,1,1,0,0,0,0
5.4,27,16.72510714088688,100.9470898002742,1,1,0,0,0,0
5.4,27,16.45824319359523,21.44792909648802,1,1,0,0,0,0
5.4,27,16.66634654518824,514.1411680009701,1,1,0,0,0,0
5.4,27,16.485089357612225,60.982999919924254,1,1,0,0,0,0
5.4,27,16.882795207714242,15.111157297998584,1,0,0,1,0,1
5.4,27,16.33057483962577,133.90614867287957,1,1,0,0,0,0
5.4,27,16.412710642372303,163.82462989892528,1,1,0,0,0,0
5.4,27,16.80941752883127,84.24327576902948,1,1,0,0,0,0
5.4,27,16.825619442881674,129.61859453045727,1,1,0,0,0,0
5.4,27,16.167880693292105,76.24010312462525,1,1,0,0,0,0
5.4,27,16.226483177095826,178.0630809675996,1,1,0,0,0,0
5.4,27,15.941366089950732,255.2195822720508,1,1,0,0,0,0
5.4,27,15.940462424410356,885.9919035661948,1,1,0,0,0,0
5.4,27,16.17043945146946,148.2584866110292,1,1,0,0,0,0
5.4,27,16.058477122324987,374.6173122755369,1,1,0,0,0,0
5.4,27,15.783242941555574,69.70291159032244,1,1,0,0,0,0
5.4,27,16.147608298426313,83.17573624950992,1,1,0,0,0,0
5.4,27,16.1015000426305,64.76223194849538,1,1,0,0,0,0
5.4,27,15.841982687206466,94.33007155828764,1,1,0,0,0,0
5.4,27,16.093703374712025,346.0959215535913,1,1,0,0,0,0
5.4,27,15.884667023717729,75.93712483102733,1,1,0,0,0,0
5.4,27,17.74760663880617,331.554603652956,1,0,0,1,0,0
5.4,27,18.210525334093035,315.7390817173245,1,1,0,0,0,0
5.4,27,18.232516741981144,32.56428721580276,1,1,0,0,0,0
5.4,27,17.741523092779588,44.11741526256323,1,0,0,1,0,0
5.4,27,17.750055821215227,31.72598781217374,1,0,0,1,0,0
5.4,27,17.790125571364246,404.19417318668746,1,0,1,0,0,1
5.4,27,17.753212396470534,51.4131648738046,1,0,1,0,0,1
5.4,27,17.774966647039026,353.16363512394764,1,0,1,0,0,1
5.4,27,17.806149974977817,40.20444519337948,1,0,1,0,0,1
5.4,27,17.934398057513278,35.00086031840798,1,1,0,0,0,0
5.4,27,17.831759040590633,27.340483666816485,1,0,0,1,0,1
5.4,27,17.806149974977817,40.21272661398304,1,0,1,0,0,1
5.4,27,17.173066599072275,129.19266190598557,1,1,0,0,0,0
5.4,27,17.125886968729404,64.9284344064769,1,0,0,1,0,1
5.4,27,17.126987774881545,65.13043903381312,1,0,0,1,0,1
5.4,27,17.250668362512986,9.320297629368602,1,0,0,1,0,0
5.4,27,17.38161867847409,10.436297276152713,1,1,0,0,0,0
5.4,27,17.042570551637244,14.992176649305009,1,0,0,1,0,0
5.4,27,17.344253536107413,102.47033130282892,1,1,0,0,0,0
5.4,27,16.876449382246204,224.6811941158504,1,1,0,0,0,0
5.4,27,16.84374181725631,190.27561546864044,1,1,0,0,0,0
5.4,27,16.908632353419215,192.5094739756776,1,1,0,0,0,0
5.4,27,17.507691382865936,445.5267249432695,1,1,0,0,0,0
5.4,27,17.621248208644143,242.70031060776896,1,1,0,0,0,0
5.4,27,17.47341764254979,584.5065356555798,1,1,0,0,0,0
5.4,27,17.349653202477654,532.3025448834971,1,1,0,0,0,0
5.4,27,17.70344070039121,448.9309502950244,1,1,0,0,0,0
5.4,27,17.109856211266756,362.52284962796375,1,0,0,1,0,1
5.4,27,18.21395702543004,788.5675386573193,1,1,0,0,0,0
5.4,27,17.470292773498116,316.705556542717,1,0,0,1,0,1
5.4,27,17.4762841448588,643.5928614428785,1,0,0,1,0,1
5.4,27,16.953883790527797,282.7840937171931,1,0,0,1,0,1
5.4,27,17.477303903954127,642.8961770912376,1,0,0,1,0,1
5.4,27,16.953946122333402,284.625764095446,1,0,0,1,0,1
5.4,27,17.471207378135066,317.52984256478544,1,0,0,1,0,1
5.4,27,17.10671254267512,363.70997014860257,1,0,0,1,0,1
5.4,27,17.67480945465905,1126.4744744292072,1,0,1,0,0,1
5.4,27,16.935976504928306,868.2248089879133,1,0,0,1,0,0
5.4,27,17.513404203746532,219.3477727307061,1,1,0,0,0,0
5.4,27,17.523797971252286,232.65771112706983,1,1,0,0,0,0
5.4,27,18.248605325585785,789.8022156042739,1,0,0,1,0,1
5.4,27,17.644168323008046,1120.4738027034032,1,0,1,0,0,1
5.4,27,17.74804640918998,64.94454752445316,1,0,1,0,0,1
5.4,27,17.76638666275094,62.50453250745959,1,0,1,0,0,1
5.4,27,16.982474570839564,533.8939857114128,1,1,0,0,0,0
5.4,27,16.996934495032605,102.87030171208376,1,1,0,0,0,0
5.4,27,17.59198724106906,49.77578655603914,1,1,0,0,0,0
5.4,27,16.943450031843557,367.7401531448594,1,1,0,0,0,0
5.4,27,17.654996187597696,64.9139489659875,1,1,0,0,0,0
5.4,27,17.731107396683555,199.3394868464553,1,1,0,0,0,0
5.4,27,18.220920435967702,154.94614079338885,1,1,0,0,0,0
5.4,27,17.848802517207492,412.8379336713797,1,1,0,0,0,0
5.4,27,18.167695232261703,373.5296428497567,1,1,0,0,0,0
5.4,27,17.99488721145253,701.620161749252,1,1,0,0,0,0
5.4,27,18.146546499409855,319.05224050944923,1,1,0,0,0,0
5.4,27,17.989743029022744,414.00384665086574,1,1,0,0,0,0
5.4,27,18.0880933287969,164.14496974224124,1,1,0,0,0,0
5.4,27,17.988004118446934,143.12164793001298,1,1,0,0,0,0
5.4,27,17.8677609661546,221.90821506300333,1,1,0,0,0,0
5.4,27,17.766879438563958,222.3774670374084,1,1,0,0,0,0
5.4,27,17.700689531978334,101.9494049771024,1,1,0,0,0,0
5.4,27,17.844347997979916,165.46230270563447,1,1,0,0,0,0
5.4,27,17.903438900642538,462.5933168635979,1,1,0,0,0,0
5.4,27,17.954799391649505,292.2554527404765,1,1,0,0,0,0
5.4,27,18.03447576510223,245.3041954858478,1,1,0,0,0,0
5.4,27,18.02579057406145,331.5559374045997,1,1,0,0,0,0
5.4,27,18.26283697799878,10.057928025065891,1,1,0,0,0,0
5.4,27,17.97854786760429,324.3552767445024,1,0,0,1,0,1
5.4,27,17.97950996979383,322.16284422909416,1,0,0,1,0,1
5.4,27,17.718933506287808,151.83959291089937,1,1,0,0,0,0
5.4,27,17.616763705363734,367.3976011025552,1,1,0,0,0,0
5.4,27,17.640773875077013,47.99885152573137,1,1,0,0,0,0
5.4,27,18.149677372591025,76.98464414136139,1,0,0,1,0,1
5.4,27,18.0252836874092,245.25710402327672,1,1,0,0,0,0
5.4,27,17.993613317023936,94.5274699262171,1,1,0,0,0,0
5.4,27,18.002303057970064,71.89241771136562,1,1,0,0,0,0
5.4,27,17.97261886417091,326.7709872930001,1,1,0,0,0,0
5.4,27,18.14137886352087,258.2724959038204,1,1,0,0,0,0
5.4,27,17.656843607394435,172.06815810864876,1,1,0,0,0,0
5.4,27,17.694544591107203,161.95122421944146,1,1,0,0,0,0
5.4,27,17.758175129988444,30.67602338377884,1,1,0,0,0,0
5.4,27,17.7136971016216,170.08206611835314,1,0,0,1,0,1
5.4,27,17.71304788207505,171.18281509499764,1,0,0,1,0,1
5.4,27,17.798197231321012,71.7426766025203,1,0,0,1,0,1
5.4,27,17.805249715518396,53.97260441241113,1,1,0,0,0,0
5.4,27,18.08884217334141,126.62384770000747,1,1,0,0,0,0
5.4,27,17.674972639316227,294.6452652703528,1,1,0,0,0,0
5.4,27,17.243034309092177,255.51795579965136,1,1,0,0,0,0
5.4,27,17.36141717336529,147.4361369461943,1,1,0,0,0,0
5.4,27,17.049784340180537,48.082004968690704,1,1,0,0,0,0
5.4,27,17.118401241404793,141.25205651085025,1,1,0,0,0,0
5.4,27,17.070967277405167,245.0210175107585,1,1,0,0,0,0
5.4,27,17.19066775786417,286.7942790979734,1,1,0,0,0,0
5.4,27,17.059103554942336,53.00276822097079,1,1,0,0,0,0
5.4,27,17.039698984292787,217.971612971166,1,1,0,0,0,0
5.4,27,17.182341377387573,243.02477513138183,1,1,0,0,0,0
5.4,27,17.065715898729714,81.14760562711908,1,1,0,0,0,0
5.4,27,16.98991882811189,187.4540803195179,1,1,0,0,0,0
5.4,27,17.04550497308403,53.79682823533998,1,1,0,0,0,0
5.4,27,17.013362505266524,141.9571379622363,1,1,0,0,0,0
5.4,27,17.186868161208814,242.3794492221995,1,1,0,0,0,0
5.4,27,17.406204666274824,154.19841631923757,1,1,0,0,0,0
5.4,27,17.33376089496436,55.48766188044418,1,1,0,0,0,0
5.4,27,17.359124167647934,108.43853404737727,1,1,0,0,0,0
5.4,27,17.30433704424647,100.2906784715034,1,1,0,0,0,0
5.4,27,17.353815117272486,119.30308758284664,1,1,0,0,0,0
5.4,27,17.386181305582117,56.49582538786116,1,1,0,0,0,0
5.4,27,17.0797273087129,89.39262039229854,1,1,0,0,0,0
5.4,27,17.10927055510904,141.07682318329458,1,1,0,0,0,0
5.4,27,17.559066513510356,172.62488384718085,1,1,0,0,0,0
5.4,27,17.489765356400802,190.1255406897863,1,1,0,0,0,0
5.4,27,17.28597467924656,531.1449472118136,1,1,0,0,0,0
5.4,27,17.40803379080916,234.6212838496077,1,1,0,0,0,0
5.4,27,17.41507179130917,242.3462626046213,1,1,0,0,0,0
5.4,27,17.530150932790942,49.6482261773561,1,1,0,0,0,0
5.4,27,17.287443744186586,87.35205894337838,1,1,0,0,0,0
5.4,27,17.538330347490124,50.70918931643571,1,1,0,0,0,0
5.4,27,17.29670705100901,41.50175387207327,1,1,0,0,0,0
5.4,27,17.29292924290496,45.52193033322545,1,1,0,0,0,0
5.4,27,17.289815837048973,45.93643107409793,1,1,0,0,0,0
5.4,27,17.359546543546298,9.454279351658084,1,1,0,0,0,0
5.4,27,17.07447795272043,245.81524950124705,1,1,0,0,0,0
5.4,27,17.31009056082234,88.87078504415545,1,0,0,1,0,1
5.4,27,17.040010514815503,16.421297550863546,1,1,0,0,0,0
5.4,27,16.7713685980851,190.01997829510816,1,1,0,0,0,0
5.4,27,16.759769433109973,66.54188029137103,1,1,0,0,0,0
5.4,27,16.800371827734992,92.88297699180112,1,1,0,0,0,0
5.4,27,16.59303977328669,138.931680885543,1,1,0,0,0,0
5.4,27,16.79170420234168,43.66191194056015,1,1,0,0,0,0
5.4,27,16.81353208809487,10.012622180216962,1,0,0,1,0,1
5.4,27,16.659121090441452,102.35028309612298,1,1,0,0,0,0
5.4,27,16.714463081097303,191.1641639205736,1,1,0,0,0,0
5.4,27,16.491861179018002,244.0278573321124,1,1,0,0,0,0
5.4,27,16.698348240159287,246.7179241602205,1,1,0,0,0,0
5.4,27,16.716871350165533,207.10653736112607,1,1,0,0,0,0
5.4,27,16.73463673832158,17.80462200996548,1,1,0,0,0,0
5.4,27,16.81602857407378,146.71645004646592,1,1,0,0,0,0
5.4,27,16.74644808246764,56.48156595115452,1,1,0,0,0,0
5.4,27,16.817282268693575,51.57047702449298,1,1,0,0,0,0
5.4,27,16.61005706957907,9.988348466384789,1,1,0,0,0,0
5.4,27,16.60822500685672,199.50162791304783,1,1,0,0,0,0
5.4,27,16.67438655530802,103.8950929163343,1,1,0,0,0,0
5.4,27,15.660818091739133,251.838675199694,1,1,0,0,0,0
5.4,27,15.738693527033885,217.75062539124173,1,1,0,0,0,0
5.4,27,15.724098228019583,408.31078458733657,1,1,0,0,0,0
5.4,27,15.695524385682727,252.01843281488576,1,1,0,0,0,0
5.4,27,15.799076148244804,145.27030355970476,1,1,0,0,0,0
5.4,27,15.615018494549046,95.3148844064081,1,1,0,0,0,0
5.4,27,15.700735836351887,110.30188894761886,1,1,0,0,0,0
5.4,27,15.833017264548184,86.37789708518451,1,1,0,0,0,0
5.4,27,15.74934366153104,153.56652893413863,1,1,0,0,0,0
5.4,27,15.811654879885824,50.165926531953815,1,1,0,0,0,0
5.4,27,15.812489877831238,51.17887771223258,1,1,0,0,0,0
5.4,27,15.51838148515706,899.0035563781269,1,0,0,1,0,1
5.4,27,15.981294540344813,542.9756577682066,1,0,0,1,0,1
5.4,27,15.470367081870409,380.8873992987132,1,1,0,0,0,0
5.4,27,15.553035156182627,143.87816000950835,1,1,0,0,0,0
5.4,27,15.589623407699063,308.7702694699147,1,1,0,0,0,0
5.4,27,15.549335692805096,429.2024679520272,1,1,0,0,0,0
5.4,27,15.55527675258336,431.6016102903381,1,1,0,0,0,0
5.4,27,15.617292020015377,648.0568143586947,1,1,0,0,0,0
5.4,27,15.595213109822884,307.6580487134016,1,1,0,0,0,0
5.4,27,15.70752056310389,474.98918996679095,1,1,0,0,0,0
5.4,27,15.711148060620133,472.7345833647447,1,1,0,0,0,0
5.4,27,15.721434313645874,479.3197150857478,1,1,0,0,0,0
5.4,27,15.738016572799454,85.1044503882953,1,1,0,0,0,0
5.4,27,15.572509025600178,286.8522100470911,1,1,0,0,0,0
5.4,27,15.913105355151536,384.18212810651374,1,1,0,0,0,0
5.4,27,15.611988590279664,580.430312714662,1,1,0,0,0,0
5.4,27,15.67334230873242,326.0537625773193,1,1,0,0,0,0
5.4,27,15.750529083610727,333.3780281206402,1,1,0,0,0,0
5.4,27,16.039554810920883,786.0609490614431,1,1,0,0,0,0
5.4,27,16.168739206540604,295.5275314405337,1,1,0,0,0,0
5.4,27,16.22750168437301,404.6265890726759,1,1,0,0,0,0
5.4,27,16.231582845756087,403.7635116056796,1,1,0,0,0,0
5.4,27,16.236234069398613,402.7404886489337,1,1,0,0,0,0
5.4,27,16.32544100844831,365.6216884926444,1,1,0,0,0,0
5.4,27,16.36533377706351,323.96065858977124,1,1,0,0,0,0
5.4,27,16.185854125085797,271.1560083890394,1,1,0,0,0,0
5.4,27,16.181041767901867,271.5737051526084,1,1,0,0,0,0
5.4,27,16.17611320512609,271.9878234385009,1,1,0,0,0,0
5.4,27,16.308642759366858,659.0567543304383,1,1,0,0,0,0
5.4,27,16.367262209559232,435.2087073473136,1,1,0,0,0,0
5.4,27,15.592073994305656,478.6018740214645,1,1,0,0,0,0
5.4,27,15.484202354733023,406.4590318162548,1,1,0,0,0,0
5.4,27,15.636585755663294,199.26633250243444,1,1,0,0,0,0
5.4,27,16.425533034852915,406.1539597133449,1,0,0,1,0,1
5.4,27,15.699938587520014,50.231448552843375,1,1,0,0,0,0
5.4,27,15.723673860013973,492.7955557985834,1,1,0,0,0,0
5.4,27,15.782167716576456,144.18740635167208,1,1,0,0,0,0
5.4,27,15.624507203902256,136.13011329001966,1,1,0,0,0,0
5.4,27,15.61998705207608,193.9285186714241,1,1,0,0,0,0
5.4,27,16.337039881500175,159.56372194352153,1,1,0,0,0,0
5.4,27,16.309078067797742,201.26557865112315,1,1,0,0,0,0
5.4,27,16.3009630186744,199.4663043122431,1,1,0,0,0,0
5.4,27,16.300369259602103,151.25084609745494,1,1,0,0,0,0
5.4,27,16.33238527695354,349.0232773513684,1,1,0,0,0,0
5.4,27,16.357492613315458,383.0356055431566,1,1,0,0,0,0
5.4,27,15.577577399259033,361.8232614550508,1,1,0,0,0,0
5.4,27,15.980760431422606,85.30170104859621,1,1,0,0,0,0
5.4,27,15.46424312303395,1013.4040285346738,1,0,0,1,0,1
5.4,27,16.438016232814096,413.49496489928737,1,0,0,1,0,1
5.4,27,15.98989312056634,550.7597029039908,1,0,0,1,0,1
5.4,27,16.2319693300443,173.29270262121605,1,1,0,0,0,0
5.4,27,16.753680391692768,187.4060474542374,1,1,0,0,0,0
5.4,27,15.582416109272083,91.00239885488214,1,1,0,0,0,0
5.4,27,16.30261688533795,153.4419729117976,1,1,0,0,0,0
5.4,27,16.62744756880689,662.3621793417724,1,0,0,1,0,1
5.4,27,16.370194988625684,109.58342598796187,1,1,0,0,0,0
5.4,27,16.430592980194387,142.27085097726945,1,1,0,0,0,0
5.4,27,16.579295905530227,549.0119157076114,1,0,0,1,0,1
5.4,27,16.601590618712084,403.0195486695157,1,1,0,0,0,0
5.4,27,16.61085822404746,142.8172072570603,1,1,0,0,0,0
5.4,27,16.486245968424765,134.44169197583506,1,1,0,0,0,0
5.4,27,16.60322088422123,78.79435087787674,1,1,0,0,0,0
5.4,27,16.624535925496872,178.2257195390242,1,1,0,0,0,0
5.4,27,16.633851676977795,205.77528487920603,1,1,0,0,0,0
5.4,27,16.301341261956317,51.02395229273801,1,1,0,0,0,0
5.4,27,16.640622526920794,229.41595064700493,1,1,0,0,0,0
5.4,27,16.798476718435406,128.72217651300977,1,0,0,1,0,1
5.4,27,16.546637711620267,121.71001300373209,1,1,0,0,0,0
5.4,27,16.48239338770232,116.22869552595589,1,1,0,0,0,0
5.4,27,16.884242867239397,83.69186782408747,1,0,0,1,0,1
5.4,27,16.88777781609544,83.89559809916274,1,0,0,1,0,1
5.4,27,16.842909930186046,6.217325855061672,1,0,0,1,0,1
5.4,27,16.45399498181779,86.28834022873454,1,1,0,0,0,0
5.4,27,16.45662627873587,78.10920586011439,1,1,0,0,0,0
5.4,27,16.41232776048828,15.083537578835651,1,1,0,0,0,0
5.4,27,16.813879797539954,56.76679656268043,1,0,0,1,0,0
5.4,27,16.854728570314332,197.51045045341388,1,1,0,0,0,0
5.4,27,15.77017911109935,458.0099510924268,1,1,0,0,0,0
5.4,27,15.78832790393198,246.9136745595643,1,1,0,0,0,0
5.4,27,15.782749327254203,246.25136425183925,1,1,0,0,0,0
5.4,27,15.990773476209366,65.55453889122302,1,1,0,0,0,0
5.4,27,16.08027078651368,126.24410297353052,1,1,0,0,0,0
5.4,27,15.80945806774401,192.48538998425911,1,1,0,0,0,0
5.4,27,15.858759444563876,181.68164609045925,1,1,0,0,0,0
5.4,27,15.970346282224789,62.40315162211422,1,1,0,0,0,0
5.4,27,16.047390626117608,96.97052008513528,1,1,0,0,0,0
5.4,27,16.074980560746603,130.28210329027422,1,1,0,0,0,0
5.4,27,15.769932253036227,50.40398183719382,1,1,0,0,0,0
5.4,27,16.001146589661957,13.87086191970756,1,1,0,0,0,0
5.4,27,15.987549479040828,31.88140942087416,1,1,0,0,0,0
5.4,27,16.006416520536508,56.71530039759492,1,1,0,0,0,0
5.4,27,15.93150366414328,82.46417237983707,1,1,0,0,0,0
5.4,27,15.902301092461611,172.6161232170989,1,1,0,0,0,0
5.4,27,16.14673035205499,45.34640085010094,1,1,0,0,0,0
5.4,27,16.03470526180231,206.00641529141865,1,1,0,0,0,0
5.4,27,15.955224356285786,8.761477560805906,1,0,0,1,0,1
5.4,27,15.948352283036469,235.4621008947322,1,0,0,1,0,0
5.4,27,15.873890908445889,34.097650129589056,1,1,0,0,0,0
5.4,27,16.21523656618524,204.39995445533145,1,1,0,0,0,0
5.4,27,19.225605950542136,114.19768140748344,1,1,0,0,0,0
5.4,27,19.06553939184805,264.46540801503187,1,1,0,0,0,0
5.4,27,19.011524447690213,264.048287537012,1,1,0,0,0,0
5.4,27,19.247292333754952,187.88544109940167,1,1,0,0,0,0
5.4,27,19.03682567075221,11.87679803999491,1,1,0,0,0,0
5.4,27,19.31497090389648,205.6546404854465,1,1,0,0,0,0
5.4,27,19.281358733537463,140.57000709104057,1,1,0,0,0,0
5.4,27,18.552861580751376,244.053958616738,1,1,0,0,0,0
5.4,27,18.64485599984892,244.0464645110572,1,1,0,0,0,0
5.4,27,18.9786870124055,37.2979303025436,1,0,0,1,0,1
5.4,27,18.81823023467451,218.19755931096608,1,1,0,0,0,0
5.4,27,18.55062868510509,244.37461446846189,1,1,0,0,0,0
5.4,27,18.86725538858913,218.46507304616915,1,1,0,0,0,0
5.4,27,18.47603764539889,217.0606771164612,1,1,0,0,0,0
5.4,27,18.495670446036677,46.21531511347977,1,1,0,0,0,0
5.4,27,18.66683075018546,297.14263437022163,1,1,0,0,0,0
5.4,27,18.72020470437385,263.5920615424484,1,1,0,0,0,0
5.4,27,18.64277589674894,244.4583136930322,1,1,0,0,0,0
5.4,27,18.66199019845049,245.0317405459283,1,1,0,0,0,0
5.4,27,18.659137289166715,245.4708506287648,1,1,0,0,0,0
5.4,27,18.96072447194342,97.36997330728266,1,0,1,0,0,1
5.4,27,18.548254353302628,244.7156354122185,1,1,0,0,0,0
5.4,27,18.44480695439189,55.820994958328136,1,1,0,0,0,0
5.4,27,18.839745414773585,49.72883549286616,1,1,0,0,0,0
5.4,27,18.526097968024853,117.11829124722088,1,1,0,0,0,0
5.4,27,18.671192556646098,263.25188306202034,1,1,0,0,0,0
5.4,27,18.5208938508256,100.63249067870652,1,1,0,0,0,0
5.4,27,18.998922622245143,59.05191731219167,1,0,0,1,0,1
5.4,27,19.001632411533407,42.4550917675463,1,1,0,0,0,0
5.4,27,18.968672805478764,28.809513279536613,1,0,1,0,0,1
5.4,27,18.93530948377697,42.376746106207406,1,0,1,0,0,1
5.4,27,18.994144641351017,37.91031307075006,1,0,1,0,0,1
5.4,27,18.99611415873634,200.76320128289424,1,1,0,0,0,0
5.4,27,18.991933954263192,185.4945895445284,1,1,0,0,0,0
5.4,27,18.768981359140646,672.453239885764,1,1,0,0,0,0
5.4,27,18.40471914722223,309.4935534607309,1,1,0,0,0,0
5.4,27,18.59704176704269,636.2030794264614,1,0,1,0,0,1
5.4,27,18.625745623704088,732.246931114232,1,0,1,0,0,1
5.4,27,18.89551402704846,239.92838405783965,1,1,0,0,0,0
5.4,27,18.97920332359262,224.9446722683999,1,1,0,0,0,0
5.4,27,18.89111669650017,240.24064689098373,1,1,0,0,0,0
5.4,27,18.89334193418268,240.0826645383587,1,1,0,0,0,0
5.4,27,18.947744435061868,166.91708859424784,1,1,0,0,0,0
5.4,27,19.020389155635907,10.471565364424976,1,1,0,0,0,0
5.4,27,18.418108074822555,471.41808301673024,1,1,0,0,0,0
5.4,27,18.378612524934145,361.0621158602297,1,1,0,0,0,0
5.4,27,19.106523585904167,1075.3079286565464,1,1,0,0,0,0
5.4,27,18.877244340981093,186.10210107427443,1,1,0,0,0,0
5.4,27,18.260273378983392,694.6583876890359,1,1,0,0,0,0
5.4,27,17.851091884545138,378.0426131970976,1,1,0,0,0,0
5.4,27,18.23712691113589,119.41566520055883,1,0,1,0,0,1
5.4,27,18.03117142707174,84.35476600898936,1,1,0,0,0,0
5.4,27,17.97823403752586,83.36086563371009,1,1,0,0,0,0
5.4,27,18.07161382372538,80.70698102358016,1,1,0,0,0,0
5.4,27,18.11153574699575,55.8456231869791,1,1,0,0,0,0
5.4,27,18.11297689495958,39.6652556649684,1,1,0,0,0,0
5.4,27,18.11700175161882,11.539202773204668,1,1,0,0,0,0
5.4,27,18.00376327045445,52.848772194566536,1,1,0,0,0,0
5.4,27,17.924805650330004,83.17533190158613,1,1,0,0,0,0
5.4,27,17.89490633892795,58.82771953112463,1,1,0,0,0,0
5.4,27,17.864660287836166,51.86447017515467,1,1,0,0,0,0
5.4,27,17.867607245705763,106.79806249070587,1,1,0,0,0,0
5.4,27,18.07069061445016,81.37409394987117,1,1,0,0,0,0
5.4,27,17.950817651820934,53.30286676954589,1,1,0,0,0,0
5.4,27,18.23391275304885,31.446319879088392,1,1,0,0,0,0
5.4,27,18.205820693155903,18.29788639912347,1,1,0,0,0,0
5.4,27,18.17406404972312,33.31829643257721,1,1,0,0,0,0
5.4,27,18.284802394148212,14.335754367552674,1,0,1,0,0,0
5.4,27,18.191170529905204,12.850819625794609,1,0,1,0,0,0
5.4,27,17.329840948065744,79.99959880240341,1,1,0,0,0,0
5.4,27,17.291185123215744,95.5802322725434,1,1,0,0,0,0
5.4,27,17.357259331597373,51.44174600138202,1,1,0,0,0,0
5.4,27,17.441554838174604,289.4619074271157,1,1,0,0,0,0
5.4,27,17.312994317828537,512.1019317233206,1,1,0,0,0,0
5.4,27,17.52928343067091,329.4826849836558,1,0,1,0,0,1
5.4,27,17.431471731608326,76.32715277615408,1,1,0,0,0,0
5.4,27,17.065059574712862,28.85627074171481,1,1,0,0,0,0
5.4,27,17.169863538027055,96.62822442698148,1,1,0,0,0,0
5.4,27,17.115809000315696,28.9556733349078,1,1,0,0,0,0
5.4,27,17.233458636370493,27.84221241386296,1,1,0,0,0,0
5.4,27,17.19324701972875,50.54421960735315,1,1,0,0,0,0
5.4,27,17.23667357976695,292.8785626209772,1,1,0,0,0,0
5.4,27,17.44537100212814,23.03851182479792,1,1,0,0,0,0
5.4,27,17.497518476035133,49.46851428316447,1,1,0,0,0,0
5.4,27,17.513635409159768,44.5554203876351,1,1,0,0,0,0
5.4,27,17.44206404882798,27.23368004957509,1,1,0,0,0,0
5.4,27,17.43097840057651,23.24948346144852,1,1,0,0,0,0
5.4,27,17.42616438654296,27.205277085523605,1,1,0,0,0,0
5.4,27,17.606490999502334,62.58313720886182,1,1,0,0,0,0
5.4,27,17.531801725302916,47.55029301516164,1,1,0,0,0,0
5.4,27,17.43344180221353,100.2772670813651,1,1,0,0,0,0
5.4,27,17.29666741241241,893.1541605066424,1,1,0,0,0,0
5.4,27,16.875402021186755,487.2970117754178,1,1,0,0,0,0
5.4,27,17.910233606320393,570.0560839355832,1,0,1,0,0,1
5.4,27,17.39874878780798,818.114634637849,1,0,0,1,0,0
5.4,27,17.515006014286797,221.8338571895152,1,1,0,0,0,0
5.4,27,17.171004106905844,406.3657136786584,1,1,0,0,0,0
5.4,27,17.90192621485807,611.7397390899404,1,1,0,0,0,0
5.4,27,18.37091965508685,130.50191867408162,1,1,0,0,0,0
5.4,27,18.313628724458624,106.87651003869236,1,1,0,0,0,0
5.4,27,17.11396962152613,597.6456141687039,1,1,0,0,0,0
5.4,27,17.035726612723074,982.1445564370172,1,0,1,0,0,1
5.4,27,17.0844612256456,862.1747160565099,1,1,0,0,0,0
5.4,27,17.907203473432688,562.8242443444443,1,0,1,0,0,1
5.4,27,17.03670113383886,980.5873583570118,1,0,1,0,0,1
5.4,27,17.848934308526665,471.8841836527543,1,1,0,0,0,0
5.4,27,17.842198233041696,319.44948590111886,1,1,0,0,0,0
5.4,27,18.284990325561747,80.66939676464774,1,1,0,0,0,0
5.4,27,17.8009041492741,729.7013711902121,1,1,0,0,0,0
5.4,27,17.728085901751705,413.97819468045066,1,1,0,0,0,0
5.4,27,17.662110941402375,470.75391214852135,1,1,0,0,0,0
5.4,27,17.639106313577788,90.99690791030886,1,1,0,0,0,0
5.4,27,17.517305217318935,291.15854519198734,1,1,0,0,0,0
5.4,27,17.10093940496157,202.379036466918,1,1,0,0,0,0
5.4,27,17.098024457317788,160.24613937278292,1,1,0,0,0,0
5.4,27,17.00753534105589,207.16539591749145,1,1,0,0,0,0
5.4,27,17.244936451785758,342.079427816233,1,1,0,0,0,0
5.4,27,17.215262210224566,176.3825255987698,1,1,0,0,0,0
5.4,27,17.160554484644145,109.98889515752528,1,1,0,0,0,0
5.4,27,17.64439838282313,69.90859397516445,1,1,0,0,0,0
5.4,27,17.90574222789952,817.462368836812,1,1,0,0,0,0
5.4,27,17.7081112332947,89.70860605890148,1,1,0,0,0,0
5.4,27,17.86207013671788,73.93220039562287,1,1,0,0,0,0
5.4,27,18.198745587241795,96.43822521934496,1,1,0,0,0,0
5.4,27,17.98756412347141,120.37671831563196,1,1,0,0,0,0
5.4,27,17.974093106757664,135.17065698416746,1,1,0,0,0,0
5.4,27,18.04828094549395,45.03329584849755,1,1,0,0,0,0
5.4,27,17.822720317869535,91.6865128817842,1,1,0,0,0,0
5.4,27,17.584170724431075,367.4650814826636,1,1,0,0,0,0
5.4,27,17.369851152530966,50.54223865034507,1,1,0,0,0,0
5.4,27,17.399457906795323,260.80379045887673,1,1,0,0,0,0
5.4,27,17.31282468031998,573.9386975330156,1,1,0,0,0,0
5.4,27,17.51825102481115,144.33908526238798,1,1,0,0,0,0
5.4,27,17.56786688274948,300.36938202901746,1,1,0,0,0,0
5.4,27,17.686808213409424,102.01738217256316,1,1,0,0,0,0
5.4,27,17.21235080719053,305.91097547168613,1,1,0,0,0,0
5.4,27,17.09498275882974,69.41577018038316,1,1,0,0,0,0
5.4,27,16.377978881016386,134.90154119866236,1,1,0,0,0,0
5.4,27,16.427297667352782,132.05918250868115,1,1,0,0,0,0
5.4,27,16.784457249229582,30.22986281338782,1,1,0,0,0,0
5.4,27,16.60092797850807,91.00218908685709,1,1,0,0,0,0
5.4,27,16.64091503792573,28.26913731630865,1,1,0,0,0,0
5.4,27,16.62920003485026,46.5828831172477,1,1,0,0,0,0
5.4,27,16.537891193400647,147.37931221445731,1,1,0,0,0,0
5.4,27,16.658859999481557,324.776723723229,1,1,0,0,0,0
5.4,27,16.876324490382945,203.9755409177465,1,1,0,0,0,0
5.4,27,16.51166626546655,78.19758455998179,1,0,1,0,0,1
5.4,27,16.44601872002231,54.16969615113719,1,0,1,0,0,1
5.4,27,16.460034868933555,27.76453652823825,1,0,1,0,0,1
5.4,27,16.50931440209852,75.69114509622894,1,0,1,0,0,1
5.4,27,16.388039059965013,21.03902005078229,1,1,0,0,0,0
5.4,27,16.386609208423952,4.132342319004735,1,1,0,0,0,0
5.4,27,16.390874304968,1.8744537752159347,1,1,0,0,0,0
5.4,27,16.945759868941852,133.03650926439838,1,1,0,0,0,0
5.4,27,16.90735137855474,25.57034603595447,1,1,0,0,0,0
5.4,27,16.984376875636706,168.4516590557837,1,1,0,0,0,0
5.4,27,16.739068705636182,23.427677842640943,1,1,0,0,0,0
5.4,27,16.84749330511693,26.08679394718236,1,1,0,0,0,0
5.4,27,16.64237488669755,72.69867829422496,1,1,0,0,0,0
5.4,27,16.865377766710246,51.1190504263312,1,1,0,0,0,0
5.4,27,16.677032833486138,63.88091430830356,1,1,0,0,0,0
5.4,27,15.978448298023835,233.8629467635245,1,1,0,0,0,0
5.4,27,15.962848493091771,49.584599704234,1,1,0,0,0,0
5.4,27,15.869689550709824,47.27535797076176,1,1,0,0,0,0
5.4,27,15.79859155375762,245.62067230764188,1,1,0,0,0,0
5.4,27,15.777496664675205,42.163342673176174,1,1,0,0,0,0
5.4,27,16.079880671792676,244.9548186485173,1,1,0,0,0,0
5.4,27,16.123886240014652,92.40428493856724,1,1,0,0,0,0
5.4,27,16.14951137556909,119.77197107711746,1,1,0,0,0,0
5.4,27,16.105082322230214,125.21371390299556,1,1,0,0,0,0
5.4,27,16.026351433949653,61.25161546569736,1,1,0,0,0,0
5.4,27,16.185421781406482,43.2535597212823,1,1,0,0,0,0
5.4,27,16.21132464331676,98.70249495381726,1,1,0,0,0,0
5.4,27,16.02865375281714,279.09398025829216,1,0,0,1,0,0
5.4,27,16.17581508611055,93.08453897350836,1,1,0,0,0,0
5.4,27,16.020896760838095,56.627548840093255,1,1,0,0,0,0
5.4,27,16.063676406936203,340.27747462200284,1,1,0,0,0,0
5.4,27,16.12387088878446,88.80970041827598,1,1,0,0,0,0
5.4,27,16.2831493752038,69.13151400047118,1,1,0,0,0,0
5.4,27,15.868167056543063,1113.8511541118462,1,0,1,0,0,1
5.4,27,15.640446023443602,365.64058158029206,1,1,0,0,0,0
5.4,27,15.743573928011465,267.96018620176386,1,1,0,0,0,0
5.4,27,16.260628756378885,365.1871400956596,1,1,0,0,0,0
5.4,27,15.675513485122556,689.4027669901633,1,1,0,0,0,0
5.4,27,15.656565420945702,636.0539900092799,1,1,0,0,0,0
5.4,27,15.695650463289423,567.9755112173814,1,1,0,0,0,0
5.4,27,15.7040380585489,575.3128646854993,1,1,0,0,0,0
5.4,27,15.70996642355052,574.7529353104052,1,1,0,0,0,0
5.4,27,15.700136078070342,540.1669721257488,1,1,0,0,0,0
5.4,27,15.656093228745712,436.8499428942665,1,1,0,0,0,0
5.4,27,15.650767312654231,695.9560480267629,1,1,0,0,0,0
5.4,27,15.644221164896557,577.6698545616057,1,1,0,0,0,0
5.4,27,15.761385445818494,335.22960069142937,1,1,0,0,0,0
5.4,27,15.65785687445573,696.1786365277121,1,1,0,0,0,0
5.4,27,15.664787486589836,696.3421948597148,1,1,0,0,0,0
5.4,27,16.259881108219133,371.1215325833661,1,1,0,0,0,0
5.4,27,16.22974258097069,308.45263110990464,1,1,0,0,0,0
5.4,27,16.223811021347185,309.0971036729504,1,1,0,0,0,0
5.4,27,16.26997271501248,395.3833305671154,1,1,0,0,0,0
5.4,27,16.201882126581364,269.850851830783,1,1,0,0,0,0
5.4,27,16.19634367559081,270.0867376542883,1,1,0,0,0,0
5.4,27,16.224705493970855,202.95513702110767,1,1,0,0,0,0
5.4,27,16.063542545755716,480.5993067445032,1,1,0,0,0,0
5.4,27,16.481727436061867,677.0056827811665,1,1,0,0,0,0
5.4,27,16.78498493107134,294.09364391176683,1,1,0,0,0,0
5.4,27,15.834955928183282,236.5121894100809,1,1,0,0,0,0
5.4,27,16.402635073969616,215.92521397608635,1,1,0,0,0,0
5.4,27,15.787544354652962,85.58510939368301,1,1,0,0,0,1
5.4,27,16.376014975477695,1140.9176808463385,1,1,0,0,0,0
5.4,27,15.75907285827962,107.5512141636794,1,1,0,0,0,0
5.4,27,16.839680901117767,1089.568008853888,1,1,0,0,0,0
5.4,27,17.135383454265295,334.59848703598726,1,1,0,0,0,0
5.4,27,15.74181891441082,28.385297681192583,1,1,0,0,0,0
5.4,27,15.70204919767734,567.1465731811318,1,1,0,0,0,0
5.4,27,15.7898136291449,92.74746145535966,1,1,0,0,0,0
5.4,27,16.571779369783464,228.36961989001304,1,1,0,0,0,0
5.4,27,16.403655937844047,254.70050304578703,1,1,0,0,0,0
5.4,27,15.85646224479106,1016.9636271395376,1,1,0,0,0,0
5.4,27,16.15189895805734,85.68664356395496,1,1,0,0,0,0
5.4,27,16.32721879995062,177.29661764545756,1,1,0,0,0,0
5.4,27,15.74457432642077,47.89412665502419,1,1,0,0,0,0
5.4,27,15.882009513153642,1145.0665308117518,1,0,1,0,0,1
5.4,27,16.5459081309823,207.8307273507556,1,1,0,0,0,0
5.4,27,16.10051423087198,159.94714305144652,1,1,0,0,0,0
5.4,27,15.987501091455318,99.44559028889792,1,1,0,0,0,0
5.4,27,16.720550165533815,255.5463066665477,1,1,0,0,0,0
5.4,27,16.908943874658956,90.99704585081024,1,1,0,0,0,0
5.4,27,17.072943136152563,196.00788780873137,1,1,0,0,0,0
5.4,27,16.07577893864846,167.35995366540533,1,1,0,0,0,0
5.4,27,16.10428491656891,167.19934341308138,1,1,0,0,0,0
5.4,27,16.055690850481383,96.6416411710695,1,1,0,0,0,0
5.4,27,16.322917942102343,274.6637791082936,1,1,0,0,0,0
5.4,27,16.9594006023558,137.04688419445134,1,1,0,0,0,0
5.4,27,16.40397202420575,34.03305275747826,1,1,0,0,0,0
5.4,27,16.409906158945862,156.76323288004022,1,1,0,0,0,0
5.4,27,16.410395360616203,158.00689483772993,1,1,0,0,0,0
5.4,27,16.80978334722517,279.2471374684297,1,1,0,0,0,0
5.4,27,16.636626271985943,626.182626684892,1,1,0,0,0,0
5.4,27,16.949068824563547,150.37827278922424,1,1,0,0,0,0
5.4,27,16.709044311040472,319.6097773391808,1,1,0,0,0,0
5.4,27,16.648006048121957,174.6947073483496,1,1,0,0,0,0
5.4,27,17.02770808477732,182.8723706910952,1,1,0,0,0,0
5.4,27,16.945358428778427,95.1571781591655,1,1,0,0,0,0
5.4,27,16.85819304619009,159.32359621683574,1,1,0,0,0,0
5.4,27,16.639133075719993,209.25018675548927,1,1,0,0,0,0
5.4,27,16.52721939829169,109.22252663560889,1,1,0,0,0,0
5.4,27,16.9932592518765,109.03418795763196,1,1,0,0,0,0
5.4,27,16.932305279829272,32.15380230084201,1,1,0,0,0,0
5.4,27,16.950920178426202,32.64770777076064,1,1,0,0,0,0
5.4,27,16.108340450720952,436.8478465019308,1,1,0,0,0,0
5.4,27,16.13522369487897,227.23487085076584,1,1,0,0,0,0
5.4,27,15.829212382328926,172.99903700253435,1,1,0,0,0,0
5.4,27,16.32810377014084,351.6862373132372,1,1,0,0,0,0
5.4,27,16.287054746073647,74.6131035105682,1,1,0,0,0,0
5.4,27,16.22530690845519,69.68496070580233,1,1,0,0,0,0
5.4,27,16.16823459896949,54.07112144871091,1,1,0,0,0,0
5.4,27,16.2555718166693,31.937224619393817,1,1,0,0,0,0
5.4,27,16.207441586721128,58.312806664206775,1,1,0,0,0,0
5.4,27,16.207185221144833,27.015194739222224,1,1,0,0,0,0
5.4,27,16.18409784958536,56.576996081587126,1,1,0,0,0,0
5.4,27,16.357097590100278,94.2362656584272,1,1,0,0,0,0
5.4,27,16.29856412984751,171.77667932183692,1,1,0,0,0,0
5.4,27,16.01538837691337,204.0842378773952,1,1,0,0,0,0
5.4,27,15.979580956902028,43.69911319642008,1,1,0,0,0,0
5.4,27,15.916554111031775,189.8703311806244,1,1,0,0,0,0
5.4,27,15.780731043334727,54.31677016947778,1,1,0,0,0,0
5.4,27,15.940736675885724,48.98321932558042,1,1,0,0,0,0
5.4,27,16.024630270642902,72.76683553684448,1,1,0,0,0,0
5.4,27,15.926051259011176,51.5365677994661,1,1,0,0,0,0
5.4,27,15.906100204053676,70.68655401911838,1,1,0,0,0,0
5.4,27,15.878987331676488,64.46686456253659,1,1,0,0,0,0
5.4,27,16.13548674164099,429.2517245917204,1,1,0,0,0,0
5.4,27,16.016593822818642,102.23043812250414,1,1,0,0,0,0
5.4,27,16.063264280995032,109.06679987004642,1,1,0,0,0,0
5.4,27,15.90233558693729,98.95604632474436,1,1,0,0,0,0
5.4,27,16.047839749301758,265.5589038451527,1,1,0,0,0,0
5.4,27,16.107228668471027,93.43806129677138,1,1,0,0,0,0
5.4,27,16.119489443644852,47.15578175262618,1,1,0,0,0,0
5.4,27,16.388778279921045,118.90692154529977,1,1,0,0,0,0
5.4,27,18.13570541372112,225.8528041125306,1,1,0,0,0,0
5.4,27,18.11144927378288,294.9915888447813,1,1,0,0,0,0
5.4,27,18.16596890319741,334.3188553864758,1,1,0,0,0,0
5.4,27,18.14513832026491,334.25934238511206,1,1,0,0,0,0
5.4,27,18.150949251099657,484.12736014571175,1,1,0,0,0,0
5.4,27,18.277028107139227,137.20560945840853,1,1,0,0,0,0
5.4,27,18.249132679330103,55.26479310489457,1,1,0,0,0,0
5.4,27,18.47362087393936,30.49501813572552,1,1,0,0,0,0
5.4,27,18.430560665863,29.897726358552905,1,1,0,0,0,0
5.4,27,17.310855016722403,132.6131311872752,1,1,0,0,0,0
5.4,27,17.62525212491963,105.0392858119681,1,1,0,0,0,0
5.4,27,17.52165442290494,98.27573106947344,1,1,0,0,0,0
5.4,27,17.781326664076797,64.70010271962805,1,1,0,0,0,0
5.4,27,17.580786404447696,233.9750525527384,1,1,0,0,0,0
5.4,27,17.333524092704245,87.11285656179797,1,1,0,0,0,0
5.4,27,17.330684464101758,174.23070939831797,1,1,0,0,0,0
5.4,27,17.25348957817353,228.9196339526829,1,1,0,0,0,0
5.4,27,17.312485918626606,169.1001715315453,1,1,0,0,0,0
5.4,27,17.365974647615634,93.56340075340478,1,1,0,0,0,0
5.4,27,17.608679419482215,183.8928496966549,1,1,0,0,0,0
5.4,27,17.69993303689292,66.19700954893409,1,1,0,0,0,0
5.4,27,17.735057220293264,55.09770643770992,1,1,0,0,0,0
5.4,27,16.79975400154851,1666.867129286341,1,1,0,0,0,0
5.4,27,17.992423766038694,1399.4804229315232,1,1,0,0,0,0
5.4,27,17.373379176048317,333.8340435495894,1,1,0,0,0,0
5.4,27,17.348918070464755,383.58892752570847,1,1,0,0,0,0
5.4,27,17.902492753601617,508.8844278715315,1,1,0,0,0,0
5.4,27,17.230477552380606,121.112029339171,1,1,0,0,0,0
5.4,27,18.045724824499352,443.8545801027623,1,1,0,0,0,0
5.4,27,18.241166707665062,581.6741161068556,1,1,0,0,0,0
5.4,27,17.89920403448084,166.6042923485657,1,1,0,0,0,0
5.4,27,17.642083047001414,198.6452255996302,1,1,0,0,0,0
5.4,27,16.987319378897237,1767.6873942557947,1,1,0,0,0,0
5.4,27,17.266182387321486,132.7599672614834,1,1,0,0,0,0
5.4,27,18.1623826810884,252.67727933025728,1,1,0,0,0,0
5.4,27,18.076113991940627,74.4205621001059,1,1,0,0,0,0
5.4,27,18.008054152368167,50.24925123891645,1,1,0,0,0,0
5.4,27,18.37756537839163,143.31582057038375,1,1,0,0,0,0
5.4,27,17.63333099017582,86.71843425810566,1,1,0,0,0,0
5.4,27,17.525070676524464,102.514529610439,1,1,0,0,0,0
5.4,27,17.589294501144693,140.1156180099101,1,1,0,0,0,0
5.4,27,17.525985245192782,127.91191613038254,1,1,0,0,0,0
5.4,27,17.786692667496155,165.3455584482181,1,1,0,0,0,0
5.4,27,16.97044739344118,368.9956686512016,1,1,0,0,0,0
5.4,27,17.10361562018598,209.39629280997147,1,1,0,0,0,0
5.4,27,16.928822126376172,370.2095808821495,1,1,0,0,0,0
5.4,27,16.999091533289427,324.296997365628,1,1,0,0,0,0
5.4,27,16.644718271442276,113.74817273186736,1,1,0,0,0,0
5.4,27,17.191464600097245,98.67412922181956,1,1,0,0,0,0
5.4,27,17.108776621330033,113.6759414702521,1,1,0,0,0,0
5.4,27,17.001015401348102,134.31002521203362,1,1,0,0,0,0
5.4,27,16.963893947985287,136.91314480595824,1,1,0,0,0,0
5.4,27,16.943366804692076,86.94743254246251,1,1,0,0,0,0
5.4,27,16.908138331482167,98.19253648205284,1,1,0,0,0,0
5.4,27,16.80118549617632,68.30131320257374,1,1,0,0,0,0
5.4,27,16.780855588219804,200.4534789408692,1,1,0,0,0,0
5.4,27,16.796450994740564,38.43539556738425,1,1,0,0,0,0
5.4,27,16.728343571745135,149.37861789200838,1,1,0,0,0,0
5.4,27,16.70167544692894,160.62148321739795,1,1,0,0,0,0
5.4,27,16.69844494865327,139.12628009981336,1,1,0,0,0,0
5.4,27,16.69263249334423,52.150372511659896,1,1,0,0,0,0
5.4,27,16.640908101786266,84.40535952287763,1,1,0,0,0,0
5.4,27,16.615781200766566,83.54417794126374,1,1,0,0,0,0
5.4,27,16.5883965028513,86.48292994224903,1,1,0,0,0,0
5.4,27,16.619296837608104,36.567474265974994,1,1,0,0,0,0
5.4,27,17.017912373462625,244.4607534056381,1,1,0,0,0,0
5.4,27,16.920664552758684,52.653878975892674,1,1,0,0,0,0
5.4,27,17.014492499013304,62.063408012176495,1,1,0,0,0,0
5.4,27,16.695267060767275,122.58372350402496,1,1,0,0,0,0
5.4,27,16.734136561960092,87.34605639498929,1,1,0,0,0,0
5.4,27,16.721192923511044,107.15647088968042,1,1,0,0,0,0
5.4,27,16.710178685801562,81.80447136516437,1,1,0,0,0,0
5.4,27,17.012787040461667,86.38225410200425,1,1,0,0,0,0
5.4,27,16.13121554765134,302.3018674521137,1,1,0,0,0,0
5.4,27,16.53935461248869,546.370636363513,1,1,0,0,0,0
5.4,27,16.061983256877067,232.41995961876432,1,1,0,0,0,0
5.4,27,16.392971672009246,286.22677264435004,1,1,0,0,0,0
5.4,27,16.271575092350712,77.05004157664705,1,1,0,0,0,0
5.4,27,16.204167735337357,218.62910806704105,1,1,0,0,0,0
5.4,27,16.039347820284235,173.98134798136016,1,1,0,0,0,0
5.4,27,16.24729049369811,134.29161323846492,1,1,0,0,0,0
5.4,27,16.234927164635074,43.46660680425987,1,1,0,0,0,0
5.4,27,16.14004938300469,32.371081373428936,1,1,0,0,0,0
5.4,27,16.12356125097845,213.1296943017576,1,1,0,0,0,0
5.4,27,16.347661219575357,217.695915441297,1,1,0,0,0,0
5.4,27,16.472911058318292,216.6606995641929,1,1,0,0,0,0
5.4,27,16.37170977140079,188.7283200662565,1,1,0,0,0,0
5.4,27,16.578991970477826,211.3973574238922,1,1,0,0,0,0
5.4,27,16.55053375892456,141.25025746506358,1,1,0,0,0,0
5.4,27,16.477667922706555,51.24764635763868,1,1,0,0,0,0
5.4,27,16.412787969024492,98.48020469036484,1,1,0,0,0,0
5.4,27,16.127822647988953,227.48866528464083,1,1,0,0,0,0
5.4,27,16.10608269160769,359.3199554456741,1,1,0,0,0,0
5.4,27,16.254152608655374,88.83506379673443,1,1,0,0,0,0
5.4,27,16.19720800994027,85.52318047654609,1,1,0,0,0,0
5.4,27,16.210325176057548,22.1184038716978,1,1,0,0,0,0
5.4,27,16.299050104031867,156.82523020824732,1,1,0,0,0,0
5.4,27,15.978500479159624,209.7314551438328,1,1,0,0,0,0
5.4,27,16.37981139798866,246.58223885429328,1,1,0,0,0,0
5.4,27,16.777665050875406,718.3158894313178,1,1,0,0,0,0
5.4,27,16.95473816456025,874.9779021833535,1,1,0,0,0,0
5.4,27,15.877592013539427,212.91805755464927,1,1,0,0,0,0
5.4,27,16.9922783528825,91.39924333169732,1,0,0,1,0,0
5.4,27,17.000567043300407,299.25719496125475,1,1,0,0,0,0
5.4,27,17.094995906388416,201.11827346174968,1,1,0,0,0,0
5.4,27,16.701492914664684,957.7411175236568,1,1,0,0,0,0
5.4,27,16.016601211297726,262.7393162901635,1,1,0,0,0,0
5.4,27,16.77541351500657,485.28155880726416,1,1,0,0,0,0
5.4,27,16.033747870607726,274.0379877475513,1,1,0,0,0,0
5.4,27,16.017933422598944,143.38068989903758,1,1,0,0,0,0
5.4,27,16.036808331071732,138.42178288863644,1,1,0,0,0,0
5.4,27,15.979635816786482,172.81028675317953,1,1,0,0,0,0
5.4,27,16.089092977770456,290.3269745079592,1,1,0,0,0,0
5.4,27,17.17483287236483,106.8202283926314,1,1,0,0,0,0
5.4,27,17.14632220211034,40.22587196871698,1,1,0,0,0,0
5.4,27,15.85161821791935,191.6921386756426,1,1,0,0,0,0
5.4,27,16.055869257547734,110.298168850794,1,1,0,0,0,0
5.4,27,16.575620839717807,184.7610651392932,1,1,0,0,0,0
5.4,27,16.351346832610343,137.15988187039943,1,1,0,0,0,0
5.4,27,16.744028093723667,186.27097684509425,1,1,0,0,0,0
5.4,27,16.968986604065496,332.4428080119421,1,1,0,0,0,0
5.4,27,17.055969675781284,131.6636061750469,1,1,0,0,0,0
5.4,27,17.11434310508977,158.64067994312478,1,1,0,0,0,0
5.4,27,16.979139298695934,41.13517698292804,1,0,0,1,0,0
5.4,27,17.225536690467166,27.239387207181856,1,1,0,0,0,0
5.4,27,17.24559673590738,45.576067567607886,1,1,0,0,0,0
5.4,27,17.2707023166551,39.87222935105243,1,1,0,0,0,0
5.4,27,17.188297226459774,103.41198378229682,1,1,0,0,0,0
5.4,27,16.88308046075501,129.62104274640265,1,1,0,0,0,0
5.4,27,16.83895811959962,135.15079985293303,1,1,0,0,0,0
5.4,27,16.798819582453618,59.292377667343935,1,1,0,0,0,0
5.4,27,17.12988656771041,45.51053735390912,1,1,0,0,0,0
5.4,27,17.035941563726304,122.73569008734674,1,1,0,0,0,0
5.4,27,16.402500520630493,545.6584502390508,1,1,0,0,0,0
5.4,27,16.748514257153662,110.7998723156258,1,1,0,0,0,0
5.4,27,16.20209888946208,169.06587049405948,1,1,0,0,0,0
5.4,27,16.236783716485615,169.38606225186305,1,1,0,0,0,0
5.4,27,16.371692962722012,194.5038240019829,1,1,0,0,0,0
5.4,27,16.796450296282757,164.48167048461193,1,1,0,0,0,0
5.4,27,16.285243165537622,51.02466024302288,1,1,0,0,0,0
5.4,27,16.29981572793926,130.6360883646542,1,1,0,0,0,0
5.4,27,16.15378766623729,58.05206428985675,1,1,0,0,0,0
5.4,27,16.526195996683352,308.24564125887184,1,1,0,0,0,0
5.4,27,16.415580069784795,101.4975264230138,1,1,0,0,0,0
5.4,27,16.363341831495482,172.07136509935782,1,1,0,0,0,0
5.4,27,16.325149880702572,181.685717946981,1,1,0,0,0,0
5.4,27,16.68920243549612,162.2455291536184,1,1,0,0,0,0
5.4,27,16.613423302898457,108.3752301610993,1,1,0,0,0,0
5.4,27,16.503038875987272,110.2637172527019,1,1,0,0,0,0
5.4,27,16.39516065043852,206.7106326381937,1,1,0,0,0,0
5.4,27,16.645877629262714,86.7979376149772,1,1,0,0,0,0
5.4,27,18.988252996268866,503.8856262904735,1,1,0,0,0,0
5.4,27,18.990721237687435,173.08829512805153,1,1,0,0,0,0
5.4,27,19.121425623511684,96.02388977517344,1,1,0,0,0,0
5.4,27,18.40531047193051,614.173819587889,1,1,0,0,0,0
5.4,27,17.908426655281083,260.62023440777347,1,1,0,0,0,0
5.4,27,17.37341012901991,450.3289130201844,1,0,0,1,0,0
5.4,27,17.09680332767709,147.92426474750943,1,0,0,1,0,0
5.4,27,17.51809262042983,172.89042491637522,1,1,0,0,0,0
5.4,27,17.087494763073504,603.303605923747,1,1,0,0,0,0
5.4,27,16.778455288363705,559.3186672983068,1,1,0,0,0,0
5.4,27,16.888699150482154,288.44226930032187,1,1,0,0,0,0
5.4,27,12.316958693655716,1551.2810007385287,1,1,0,0,0,0
5.4,27,10.68055109333946,6323.53534976653,1,0,0,1,0,0
5.4,27,15.455710278333234,207.3395335873389,1,1,0,0,0,0
5.4,27,14.18614995455801,315.0799049298802,1,1,0,0,0,0
5.4,27,14.259452402919464,174.18991059376975,1,1,0,0,0,0
5.4,27,14.225106782981298,168.79104318281844,1,1,0,0,0,0
5.4,27,15.52605442227602,338.91539867889986,1,1,0,0,0,0
5.4,27,14.19899077636152,997.6156886305278,1,1,0,0,0,0
5.4,27,13.64035996746667,585.0426686455694,1,0,0,1,0,0
5.4,27,13.167176646581805,448.39062579001,1,1,0,0,0,0
5.4,27,13.448214172502318,297.0186360524183,1,1,0,0,0,0
5.4,27,13.231646888869095,351.3298038360153,1,1,0,0,0,0
5.4,27,12.69517952958337,1043.6146125061075,1,1,0,0,0,0
5.4,27,12.94512309035098,266.46329959554686,1,1,0,0,0,0
5.4,27,12.91183816103282,152.87051309941165,1,1,0,0,0,0
5.4,27,12.902820649912524,48.23436522752555,1,1,0,0,0,0
5.4,27,12.922356165612028,145.75905764797676,1,1,0,0,0,0
5.4,27,13.320341142245375,574.0222567871773,1,1,0,0,0,0
5.4,27,13.629864797175433,462.6985561103636,1,1,0,0,0,0
5.4,27,13.532275694029716,143.78908318548562,1,1,0,0,0,0
5.4,27,13.571329902485084,116.618385097975,1,1,0,0,0,0
5.4,27,12.966393091468897,109.66209422114962,1,1,0,0,0,0
5.4,27,12.950926936850802,178.05362514009795,1,1,0,0,0,0
5.4,27,12.929961344021576,94.9799257066089,1,1,0,0,0,0
5.4,27,13.8555724341217,407.2961524764308,1,1,0,0,0,1
5.4,27,14.166784800036954,166.87428003823243,1,1,0,0,0,0
5.4,27,14.12918047555466,164.69563476836967,1,1,0,0,0,0
5.4,27,14.055011394847714,151.8044452301573,1,1,0,0,0,0
5.4,27,14.010564664929795,125.799172938717,1,1,0,0,0,0
5.4,27,13.967371195491994,102.07686936591442,1,1,0,0,0,0
5.4,27,13.92405497490252,78.59678192172733,1,1,0,0,0,0
5.4,27,13.882885724948547,56.604786875761775,1,1,0,0,0,0
5.4,27,14.095473904293438,166.99392241318526,1,1,0,0,0,0
5.4,27,13.960486701896365,457.44205311413856,1,1,0,0,0,0
5.4,27,13.814316671029152,21.56738985700975,1,1,0,0,0,0
5.4,27,13.611658788936872,194.30567018005897,1,1,0,0,0,0
5.4,27,13.20365449390088,103.93256074075109,1,1,0,0,0,0
5.4,27,13.105167572099148,376.1553690785849,1,1,0,0,0,0
5.4,27,13.185742813267185,38.63805908388845,1,1,0,0,0,0
5.4,27,12.98707398070452,156.05617373151222,1,1,0,0,0,0
5.4,27,13.232292448129993,142.9996690651282,1,1,0,0,0,0
5.4,27,12.92027464352077,57.46002522020946,1,1,0,0,0,0
5.4,27,13.472991154099423,295.4167736768362,1,1,0,0,0,0
5.4,27,13.481285130120726,135.2092406081131,1,1,0,0,0,0
5.4,27,12.993648538268184,10.40211538141956,1,1,0,0,0,0
5.4,27,12.996106324022607,4.866864526148122,1,1,0,0,0,0
5.4,27,12.99897484162078,19.2567944936028,1,1,0,0,0,0
5.4,27,13.019511875844463,40.31044993573352,1,1,0,0,0,0
5.4,27,13.04079628286089,10.389974151149223,1,1,0,0,0,0
5.4,27,13.24114974632594,98.62059233657678,1,1,0,0,0,0
5.4,27,13.328862987541656,272.5263142274971,1,1,0,0,0,0
5.4,27,13.487799330609803,95.49417191660226,1,1,0,0,0,0
5.4,27,13.545545557525053,73.4104335421966,1,1,0,0,0,0
5.4,27,12.913172531743164,61.350936850647344,1,1,0,0,0,0
5.4,27,13.470677902833614,53.34747988423379,1,1,0,0,0,0
5.4,27,13.391022093967075,110.45204355891543,1,1,0,0,0,0
5.4,27,13.396798468062103,123.71803542977716,1,1,0,0,0,0
5.4,27,14.950509122478952,211.929286371033,1,1,0,0,0,0
5.4,27,15.074049685795597,55.05326640022229,1,1,0,0,0,0
5.4,27,15.152770161122527,160.08069279923853,1,1,0,0,0,0
5.4,27,15.09126293412979,107.88120366830402,1,1,0,0,0,0
5.4,27,15.137060831413349,141.93507301639997,1,1,0,0,0,0
5.4,27,15.179743400082492,218.9342208932392,1,1,0,0,0,0
5.4,27,15.225736059323374,318.2377257654758,1,1,0,0,0,0
5.4,27,15.284754290082978,65.50108076079371,1,1,0,0,0,0
5.4,27,15.278746995899947,169.93895702839015,1,1,0,0,0,0
5.4,27,15.05758825290873,31.91976116110396,1,1,0,0,0,0
5.4,27,14.990143603411813,146.747036092765,1,1,0,0,0,0
5.4,27,15.179994568721796,90.23944774360154,1,1,0,0,0,0
5.4,27,14.959962684792792,63.17486476395676,1,1,0,0,0,0
5.4,27,15.26569094229236,101.90765947580906,1,1,0,0,0,0
5.4,27,15.391852710961125,150.08706525981862,1,1,0,0,0,0
5.4,27,15.50898297150311,249.5550753227613,1,1,0,0,0,0
5.4,27,15.50312769792993,73.91366809835739,1,1,0,0,0,0
5.4,27,15.530854212399737,95.33840101389411,1,1,0,0,0,0
5.4,27,15.486847943988533,68.57956794773244,1,1,0,0,0,0
5.4,27,15.42835350817877,62.03404465179702,1,1,0,0,0,0
5.4,27,15.403543869959002,49.2548434956986,1,1,0,0,0,0
5.4,27,15.52841727831055,22.81853136014091,1,1,0,0,0,0
5.4,27,15.220694011787597,165.87665564796873,1,1,0,0,0,0
5.4,27,14.954835976541377,22.33084536757421,1,1,0,0,0,0
5.4,27,15.0284513702892,150.30045821377425,1,1,0,0,0,0
5.4,27,15.143221049080337,423.4407711162691,1,1,0,0,0,0
5.4,27,14.944597728305212,9.859346248894395,1,0,0,1,0,0
5.4,27,15.327665497512095,68.88191267253542,1,1,0,0,0,0
5.4,27,15.507411868567068,11.708724725380728,1,1,0,0,0,0
5.4,27,15.234452196660156,29.67434973031985,1,1,0,0,0,0
5.4,27,15.045432148235165,113.9213491750493,1,1,0,0,0,0
5.4,27,14.44477837135315,74.69605329948737,1,1,0,0,0,0
5.4,27,14.466703426019032,84.70025013354173,1,1,0,0,0,0
5.4,27,14.41826274680947,126.85804608194988,1,1,0,0,0,0
5.4,27,14.362035829865698,179.79611784042334,1,1,0,0,0,0
5.4,27,14.323046188578209,189.1263887777078,1,1,0,0,0,0
5.4,27,14.896520270564396,345.29160170564785,1,1,0,0,0,0
5.4,27,14.781338808188265,364.2503418785335,1,1,0,0,0,0
5.4,27,14.847940958901775,115.95617069839597,1,1,0,0,0,0
5.4,27,14.673912013163717,246.79967411889223,1,1,0,0,0,0
5.4,27,14.612694415816756,392.4555722476625,1,1,0,0,0,0
5.4,27,14.545776040880217,314.1727972726157,1,1,0,0,0,0
5.4,27,14.480728984996537,323.38148950406867,1,1,0,0,0,0
5.4,27,14.409643375871356,396.50576048301264,1,1,0,0,0,0
5.4,27,14.361456726966528,403.71766391510096,1,1,0,0,0,0
5.4,27,14.357683957149453,101.56159646997015,1,1,0,0,0,0
5.4,27,14.469915860369174,312.21308619453544,1,1,0,0,0,0
5.4,27,14.651505549921083,476.30222233959415,1,1,0,0,0,0
5.4,27,14.836401606679887,237.2429327688839,1,1,0,0,0,0
5.4,27,14.70525815599539,168.25362510688723,1,1,0,0,0,0
5.4,27,14.553501540273922,133.63115267247608,1,1,0,0,0,0
5.4,27,14.727924945571354,367.5474099397966,1,1,0,0,0,0
5.4,27,14.44611784979879,80.57724163097706,1,1,0,0,0,0
5.4,27,14.426029787180266,20.025454639654978,1,1,0,0,0,0
5.4,27,14.726370504160446,238.3460675613329,1,1,0,0,0,0
5.4,27,14.254938657063514,52.804678422687495,1,1,0,0,0,0
5.4,27,14.266330030284962,53.72604755025077,1,1,0,0,0,0
5.4,27,14.27011569960923,55.17555053962507,1,1,0,0,0,0
5.4,27,14.269645864420276,51.096573757085736,1,1,0,0,0,0
5.4,27,14.27051052390283,53.771021460201446,1,1,0,0,0,0
5.4,27,14.884755250503993,10.445665613296756,1,0,0,1,0,0
5.4,27,14.50338142374465,386.7491547556504,1,1,0,0,0,0
5.4,27,14.37111414117669,301.7835977606509,1,1,0,0,0,0
5.4,27,14.932335400087451,488.9865688872009,1,1,0,0,0,0
5.4,27,14.759869319302522,333.29012402655985,1,1,0,0,0,0
5.4,27,14.29240502898087,180.41861717259505,1,1,0,0,0,0
5.4,27,14.881952672385587,183.9335980304108,1,1,0,0,0,0
5.4,27,14.952101310033097,289.2477097719881,1,1,0,0,0,0
5.4,27,14.928937938007648,57.547915113973154,1,1,0,0,0,0
5.4,27,14.6065710990882,680.616141132548,1,0,0,1,0,1
5.4,27,14.797143441024607,297.99887526911454,1,1,0,0,0,0
5.4,27,14.920522942060238,289.66793650378384,1,1,0,0,0,0
5.4,27,14.51876064849588,68.06059896218883,1,1,0,0,0,0
5.4,27,14.701802787149262,555.9518879153019,1,1,0,0,0,0
5.4,27,15.171054940180824,523.1309353832849,1,1,0,0,0,0
5.4,27,15.09216756827969,392.3361174753392,1,1,0,0,0,0
5.4,27,15.192651475937629,478.4916138863943,1,1,0,0,0,0
5.4,27,15.219798193429956,542.8424193136254,1,1,0,0,0,0
5.4,27,15.16418698566028,474.4672894092341,1,1,0,0,0,0
5.4,27,15.146678988202815,397.5723706551664,1,1,0,0,0,0
5.4,27,15.339783928010483,380.903853154518,1,1,0,0,0,0
5.4,27,15.585460628146652,281.0557684969808,1,1,0,0,0,0
5.4,27,13.985619591311336,582.189103061495,1,1,0,0,0,0
5.4,27,14.268155361321089,482.19580486910814,1,1,0,0,0,0
5.4,27,14.189041582185029,154.62420219474447,1,1,0,0,0,0
5.4,27,14.333734245008934,743.3319287736381,1,1,0,0,0,0
5.4,27,14.983292772560151,487.3751643053101,1,1,0,0,0,0
5.4,27,15.288813122577457,53.66399837083236,1,1,0,0,0,0
5.4,27,14.618374570277336,114.6642656107552,1,1,0,0,0,0
5.4,27,14.287042131085116,821.8158112148539,1,1,0,0,0,0
5.4,27,14.556213854304666,359.07737553963443,1,1,0,0,0,0
5.4,27,15.481142572075475,78.61868759385733,1,1,0,0,0,0
5.4,27,14.99010057808472,67.10995836785781,1,0,0,1,0,1
5.4,27,15.433652943602889,61.41516001032839,1,1,0,0,0,0
5.4,27,15.53772314426365,49.86721095144765,1,1,0,0,0,0
5.4,27,14.603263182391435,689.6010761785077,1,0,0,1,0,1
5.4,27,14.960724466309829,85.9770618776419,1,0,0,1,0,1
5.4,27,14.947903766894555,236.35683555229724,1,0,0,1,0,1
5.4,27,14.154036512310636,356.26545088737,1,1,0,0,0,0
5.4,27,14.206201338647752,84.4156753707633,1,1,0,0,0,0
5.4,27,14.213870677727364,96.07442198720288,1,1,0,0,0,0
5.4,27,14.219570113964126,103.29012530347288,1,1,0,0,0,0
5.4,27,14.21966288385055,99.5413444351358,1,1,0,0,0,0
5.4,27,14.22123286556652,98.08845487247012,1,1,0,0,0,0
5.4,27,14.223087446527837,96.13900458624732,1,1,0,0,0,0
5.4,27,14.383067497067886,383.8949740362336,1,0,0,1,0,0
5.4,27,14.93400429537471,59.787142427840045,1,1,0,0,0,0
5.4,27,15.291035451806232,543.2516528974855,1,0,0,1,0,1
5.4,27,15.276193394127612,543.4183923755063,1,0,0,1,0,1
5.4,27,15.25751080259323,357.47276325067133,1,1,0,0,0,0
5.4,27,15.148701300119194,425.2612203791378,1,1,0,0,0,0
5.4,27,15.282814279507296,167.9387380391797,1,1,0,0,0,0
5.4,27,15.337867571667209,253.4696294309571,1,1,0,0,0,0
5.4,27,15.136684488036517,50.24979079494046,1,1,0,0,0,0
5.4,27,15.452319676393827,248.63148001158788,1,1,0,0,0,0
5.4,27,15.457497349809053,247.8655308862033,1,1,0,0,0,0
5.4,27,15.462601486998912,247.136623703596,1,1,0,0,0,0
5.4,27,15.241593680200037,286.3001836567529,1,1,0,0,0,0
5.4,27,15.392559769093475,102.00847846943032,1,1,0,0,0,0
5.4,27,15.326766870608257,103.71541525585263,1,1,0,0,0,0
5.4,27,15.359978573503977,66.17318224454047,1,1,0,0,0,0
5.4,27,15.121814803896838,48.967517615998354,1,1,0,0,0,0
5.4,27,15.213408786750902,147.5863031340748,1,1,0,0,0,0
5.4,27,15.118027307019016,142.63944724828372,1,1,0,0,0,0
5.4,27,15.291604357455386,72.54196598919837,1,1,0,0,0,0
5.4,27,15.33851813326705,137.2880183872037,1,1,0,0,0,0
5.4,27,15.464244677875156,90.84009547529092,1,1,0,0,0,0
5.4,27,15.491393975374791,58.58920510496765,1,1,0,0,0,0
5.4,27,15.04777881312091,49.47518556315697,1,0,0,1,0,1
5.4,27,15.455235413019013,325.74736812908213,1,1,0,0,0,0
5.4,27,15.46785954067298,16.85187433865937,1,1,0,0,0,0
5.4,27,15.33398536092615,374.1239986970682,1,1,0,0,0,0
5.4,27,15.62398909994566,68.38986699488058,1,1,0,0,1,0
5.4,27,15.338100148095725,268.2828216432546,1,1,0,0,0,0
5.4,27,15.27276301941326,45.14650021025669,1,1,0,0,0,0
5.4,27,15.333826612844948,253.26538336450253,1,1,0,0,0,0
5.4,27,15.184885969143837,47.22579580392896,1,1,0,0,0,0
5.4,27,15.364520905111467,66.80912091258041,1,1,0,0,0,0
5.4,27,14.770099038682783,298.76943158125874,1,1,0,0,0,0
5.4,27,14.94432497337183,239.7548088158823,1,0,0,1,0,1
5.4,27,14.713914310185643,348.0486746073271,1,1,0,0,0,0
5.4,27,14.670897203627243,68.05637434431758,1,1,0,0,0,0
5.4,27,14.44697723295612,190.65664078200945,1,1,0,0,0,0
5.4,27,14.416088591847798,182.4416113542419,1,1,0,0,0,0
5.4,27,14.411223258533166,100.6726743955389,1,1,0,0,0,0
5.4,27,14.835169156355402,172.66747134732034,1,1,0,0,0,0
5.4,27,14.859731468435449,121.75201805521124,1,1,0,0,0,0
5.4,27,14.588067809636192,437.79949131037904,1,1,0,0,0,0
5.4,27,14.711698979597148,175.1871250667246,1,1,0,0,0,0
5.4,27,14.472010513964138,153.67726535448995,1,1,0,0,0,0
5.4,27,14.552409049918644,406.95522005389614,1,1,0,0,0,0
5.4,27,14.61489677913536,647.0151424227901,1,0,0,1,0,1
5.4,27,14.803736356753229,105.53030227134514,1,1,0,0,0,0
5.4,27,14.847782032844602,88.37707826612642,1,1,0,0,0,0
5.4,27,14.82559337035162,142.48892586436543,1,1,0,0,0,0
5.4,27,14.956788969391166,53.552563420753,1,0,0,1,0,1
5.4,27,14.7926229740663,230.48893074763456,1,1,0,0,0,0
5.4,27,14.83320633506944,176.66628962126845,1,1,0,0,0,0
5.4,27,14.756295788029831,280.1826914556504,1,1,0,0,0,0
5.4,27,14.80071577902976,227.93522660798703,1,1,0,0,0,0
5.4,27,14.360519033184632,337.78158944577865,1,1,0,0,0,0
5.4,27,14.46340927309332,198.0558581272249,1,1,0,0,0,0
5.4,27,14.49970763951126,92.9685533310696,1,1,0,0,0,0
5.4,27,14.652314866418337,132.09678376729846,1,1,0,0,0,0
5.4,27,14.432517072369928,239.87363905342303,1,1,0,0,0,0
5.4,27,14.60286284471127,132.24469282695796,1,1,0,0,0,0
5.4,27,14.817041895008828,82.6099235469845,1,1,0,0,0,0
5.4,27,14.461804435397204,116.55097864567163,1,1,0,0,0,0
5.4,27,14.482270305371744,129.88593860476365,1,1,0,0,0,0
5.4,27,14.6534621321401,206.3021102449385,1,1,0,0,0,0
5.4,27,14.70632107393856,67.14029293376628,1,1,0,0,0,0
5.4,27,14.702087117534482,102.44650753891383,1,1,0,0,0,0
5.4,27,14.62554201132477,125.84503582325672,1,1,0,0,0,0
5.4,27,14.470604326701956,165.48074019894648,1,1,0,0,0,0
5.4,27,14.436110197933534,93.12864883370308,1,1,0,0,0,0
5.4,27,14.492675879454872,142.47072825286,1,1,0,0,0,0
5.4,27,14.419531926971564,148.8245203558755,1,1,0,0,0,0
5.4,27,14.614047127874697,646.3106488757546,1,0,0,1,0,1
5.4,27,14.93219849527367,16.425038692552807,1,1,0,0,0,0
5.4,27,14.50985141180054,95.46136159965096,1,1,0,0,0,0
5.4,27,14.932054123291724,49.51408319660776,1,1,0,0,0,0
5.4,27,14.89285433183389,283.15376414831087,1,1,0,0,0,0
5.4,27,14.865883101107045,125.22091555911402,1,1,0,0,0,0
5.4,27,14.811790040759073,17.096434403531404,1,1,0,0,0,0
5.4,27,14.105625359122968,112.2659280971001,1,1,0,0,0,0
5.4,27,13.974853771365002,271.5266698576598,1,1,0,0,0,0
5.4,27,13.951436705493762,325.8557145796589,1,1,0,0,0,0
5.4,27,13.899758222269986,437.1304051534068,1,1,0,0,0,0
5.4,27,13.903222345673504,435.5210603149883,1,1,0,0,0,0
5.4,27,13.907629848092904,435.8743878639514,1,1,0,0,0,0
5.4,27,14.036301117898391,131.34217124867797,1,1,0,0,0,0
5.4,27,13.744000499156172,165.97591985358972,1,1,0,0,0,0
5.4,27,13.72595726300739,90.5586593081346,1,1,0,0,0,0
5.4,27,13.729147514619854,88.90754320872765,1,1,0,0,0,0
5.4,27,13.725690831916143,100.85997636962772,1,1,0,0,0,0
5.4,27,13.730145915431631,94.04267602050732,1,1,0,0,0,0
5.4,27,13.738007493803748,92.63296432265504,1,1,0,0,0,0
5.4,27,13.709389538739812,125.03965996132676,1,1,0,0,0,0
5.4,27,13.972559794853025,295.6495779284899,1,1,0,0,0,0
5.4,27,13.80525760689446,56.40569967148329,1,1,0,0,0,0
5.4,27,14.03520530920956,98.332438352889,1,1,0,0,0,0
5.4,27,13.732160153668753,105.01134720175348,1,1,0,0,0,0
5.4,27,14.014069092876683,230.4806001210848,1,1,0,0,0,0
5.4,27,13.858263428297793,60.93638653445986,1,1,0,0,0,0
5.4,27,13.964412903182108,135.75197256882086,1,1,0,0,0,0
5.4,27,13.912764607856673,143.05432985130176,1,1,0,0,0,0
5.4,27,14.044470354408624,82.57482320875746,1,1,0,0,0,0
5.4,27,14.069014708462584,48.36925148724523,1,1,0,0,0,0
5.4,27,14.133574990945032,164.7300202733869,1,1,0,0,0,0
5.4,27,13.83435487415038,323.7818974642692,1,1,0,0,0,0
5.4,27,14.194498626702684,62.30229373798456,1,1,0,0,0,0
5.4,27,14.165206452967524,47.03336235179359,1,1,0,0,0,0
5.4,27,14.122279412141689,160.40937956084534,1,1,0,0,0,0
5.4,27,14.1670630743553,51.704434440252975,1,1,0,0,0,0
5.4,27,14.169065142445984,53.99663088072204,1,1,0,0,0,0
5.4,27,14.170856495098562,40.53349282836283,1,1,0,0,0,0
5.4,27,14.112567551468064,150.93849806539748,1,1,0,0,0,0
5.4,27,14.144437003456774,54.62495135776423,1,1,0,0,0,0
5.4,27,14.17203419180427,11.382587706409172,1,1,0,0,0,0
5.4,27,14.173760915661283,51.97155604483359,1,1,0,0,0,0
5.4,27,14.178355290438873,93.62006806520868,1,1,0,0,0,0
5.4,27,14.163781466004693,53.224880051362405,1,1,0,0,0,0
5.4,27,14.137314898089013,58.087395579204426,1,1,0,0,0,0
5.4,27,14.166169538957927,5.178142638748127,1,1,0,0,0,0
5.4,27,14.049661728057025,107.24050846712194,1,1,0,0,0,0
5.4,27,14.101042239152536,49.677502900901416,1,1,0,0,0,0
5.4,27,14.151588805400747,100.14248576876382,1,1,0,0,0,0
5.4,27,14.102439269735196,29.074644220281005,1,1,0,0,0,0
5.4,27,13.860509445392514,416.2458352254769,1,1,0,0,0,1
5.4,27,13.822625484791534,131.0896041651655,1,1,0,0,0,0
5.4,27,13.7681966483887,130.68582651649203,1,1,0,0,0,0
5.4,27,13.66093951671839,58.94536063916712,1,1,0,0,0,0
5.4,27,14.133752103768623,59.60824589398626,1,1,0,0,0,0
5.4,27,13.11618071451706,281.61109898688323,1,1,0,0,0,0
5.4,27,13.413993263823002,602.9557959866142,1,1,0,0,0,0
5.4,27,13.04575055476744,258.21799833248,1,1,0,0,0,0
5.4,27,13.413975494831588,60.51928415590423,1,1,0,0,0,0
5.4,27,13.123036459429285,247.7330965141468,1,1,0,0,0,0
5.4,27,12.986812545310984,136.04256683669345,1,1,0,0,0,0
5.4,27,12.995856561397336,82.6523683544678,1,1,0,0,0,0
5.4,27,13.09360337103712,158.37435305811198,1,1,0,0,0,0
5.4,27,13.235043189420356,245.121806126932,1,1,0,0,0,0
5.4,27,13.199500433834022,191.3953272796469,1,1,0,0,0,0
5.4,27,13.436424726986594,200.585222135854,1,1,0,0,0,0
5.4,27,13.012618117831982,107.93167809924756,1,1,0,0,0,0
5.4,27,14.01625483224064,186.1656889312268,1,1,0,0,0,0
5.4,27,14.120829835838874,309.04261617519586,1,1,0,0,0,0
5.4,27,14.057449811943368,309.03727025670383,1,1,0,0,0,0
5.4,27,13.89773270658686,205.28460810189583,1,1,0,0,0,0
5.4,27,13.793377828581978,666.1143299174937,1,1,0,0,0,0
5.4,27,13.109269303196273,1148.045406550121,1,0,0,1,0,0
5.4,27,13.36897494867696,392.7309410525936,1,1,0,0,0,0
5.4,27,13.18812131975693,925.7307077426668,1,1,0,0,0,0
5.4,27,13.014021239201668,213.01840796395075,1,1,0,0,0,0
5.4,27,12.996431378832185,224.2329700864817,1,1,0,0,0,0
5.4,27,13.763913658937982,714.0871947471072,1,1,0,0,0,0
5.4,27,13.57871965359847,320.8380498169634,1,1,0,0,0,0
5.4,27,12.958708917083118,162.8338030719243,1,1,0,0,0,0
5.4,27,13.578397630008558,275.5818422338842,1,1,0,0,0,0
5.4,27,12.95644160547603,158.08764843946688,1,1,0,0,0,0
5.4,27,12.900184143327538,143.145981715008,1,1,0,0,0,0
5.4,27,13.599165484985551,132.16615926092692,1,1,0,0,0,0
5.4,27,12.993073418080703,301.6410222913179,1,1,0,0,0,0
5.4,27,13.580102493162435,223.7028791361436,1,1,0,0,0,0
5.4,27,13.478832864203694,168.55270251788414,1,1,0,0,0,0
5.4,27,13.011758269154589,111.08851942197217,1,1,0,0,0,0
5.4,27,13.594625581665506,194.124153019082,1,1,0,0,0,0
5.4,27,13.65873168411308,621.71672649638,1,1,0,0,0,0
5.4,27,13.59196417535564,212.66978132061783,1,1,0,0,0,0
5.4,27,12.86532843381126,1817.6508429579208,1,0,1,0,0,0
5.4,27,13.953074512999864,611.8598564137336,1,1,0,0,0,0
5.4,27,13.136191078011908,106.89937375770512,1,1,0,0,0,0
5.4,27,13.647505559439873,174.2920873945938,1,1,0,0,0,0
5.4,27,13.637842513178398,108.7745855943763,1,1,0,0,0,0
5.4,27,13.682079752564276,164.32016643653935,1,1,0,0,0,0
5.4,27,13.597831716734978,75.58998478395304,1,1,0,0,0,0
5.4,27,13.647913669269007,107.41276377379911,1,1,0,0,0,0
5.4,27,14.144866876515357,274.9144518725509,1,1,0,0,0,1
5.4,27,14.012307715710962,529.1275393554573,1,0,1,0,0,1
5.4,27,14.193599173319042,342.5408694010042,1,1,0,0,0,0
5.4,27,13.910706412790937,325.86968158380296,1,1,0,0,0,0
5.4,27,14.0424871977866,281.4129280605958,1,1,0,0,0,0
5.4,27,14.007680607693484,197.0998987905971,1,1,0,0,0,0
5.4,27,14.057392185684597,109.96087369856204,1,1,0,0,0,0
5.4,27,14.063551701096882,111.82200397258042,1,1,0,0,0,0
5.4,27,14.11730006947097,167.08059692636547,1,1,0,0,0,0
5.4,27,13.839693069721674,137.2840716438854,1,1,0,0,0,0
5.4,27,13.844025669785957,185.82143848122053,1,1,0,0,0,0
5.4,27,14.1095544318696,449.659431729813,1,1,0,0,0,0
5.4,27,13.805609303192316,207.18844603480537,1,1,0,0,0,0
5.4,27,14.19144492108638,149.5819345464325,1,1,0,0,0,0
5.4,27,14.194795345813237,142.9497232316808,1,1,0,0,0,0
5.4,27,14.198398187432865,137.22066236118386,1,1,0,0,0,0
5.4,27,13.84799212759145,301.72083782815605,1,1,0,0,0,0
5.4,27,13.848682224601893,282.1303038827256,1,1,0,0,0,0
5.4,27,13.804687097964358,179.64139092792274,1,1,0,0,0,0
5.4,27,14.272031234948807,330.68472609443387,1,1,0,0,0,0
5.4,27,13.818823501087516,54.802228401595954,1,1,0,0,0,0
5.4,27,13.799755515966972,80.97804881921182,1,1,0,0,0,0
5.4,27,14.052667382030146,149.00924248235287,1,1,0,0,0,0
5.4,27,14.013416316892943,523.5179624720018,1,0,1,0,0,1
5.4,27,13.701229718743695,266.4159882802124,1,1,0,0,0,0
5.4,27,13.838605394932449,118.55938776410886,1,1,0,0,0,0
5.4,27,13.950383392710885,102.49271793862742,1,1,0,0,0,0
5.4,27,13.999884257103666,102.6313899373674,1,1,0,0,0,0
5.4,27,14.050650148289618,102.77762751378457,1,1,0,0,0,0
5.4,27,13.800158343746018,12.15642617461211,1,1,0,0,0,0
5.4,27,13.861885771898958,67.81008893039231,1,1,0,0,0,0
5.4,27,13.885098953846128,119.46277033426176,1,1,0,0,0,0
5.4,27,13.79300148202715,119.43775943390054,1,1,0,0,0,0
5.4,27,13.78100426125916,116.09807891110005,1,1,0,0,0,0
5.4,27,13.73076436608369,78.96923436332382,1,0,1,0,0,1
5.4,27,13.728106066597666,88.44148134280509,1,0,1,0,0,1
5.4,27,14.104912344299748,61.58987576453698,1,1,0,0,0,0
5.4,27,13.934251738084214,34.88195684675375,1,1,0,0,0,0
5.4,27,13.933042672682278,153.5471953992356,1,1,0,0,0,1
5.4,27,14.06847047206208,429.4785627863166,1,1,0,0,0,1
5.4,27,13.817575432918993,81.00903959715195,1,1,0,0,0,0
5.4,27,13.455559640786594,298.6594602187789,1,1,0,0,0,0
5.4,27,13.112033840050522,256.4437208865485,1,1,0,0,0,0
5.4,27,13.579757464623723,53.57540186367336,1,1,0,0,0,0
5.4,27,13.424716633447726,12.545835786546716,1,1,0,0,0,0
5.4,27,13.097376244910912,129.87589485358723,1,1,0,0,0,0
5.4,27,13.169990594429898,81.94751743566235,1,1,0,0,0,0
5.4,27,13.23624887718409,133.05287877601376,1,1,0,0,0,0
5.4,27,13.442695306534034,216.8691243446417,1,1,0,0,0,0
5.4,27,13.58994249586175,71.5820942487265,1,1,0,0,0,0
5.4,27,13.58764723134226,36.12950673959392,1,1,0,0,0,0
5.4,27,13.279874927037092,128.13799226984702,1,1,0,0,0,0
5.4,27,13.030970240803404,84.201082914343,1,1,0,0,0,0
5.4,27,13.562010859975924,89.04201621066241,1,1,0,0,0,0
5.4,27,12.46182977062159,294.1934567503435,1,1,0,0,0,0
5.4,27,12.31321526793406,694.6964989681711,1,1,0,0,0,0
5.4,27,12.758028910890507,230.3541069155013,1,1,0,0,0,0
5.4,27,12.781778465977643,102.30168665306276,1,1,0,0,0,0
5.4,27,12.2454410522537,1017.9854883298392,1,1,0,0,0,0
5.4,27,12.59670561023227,181.5559374902841,1,1,0,0,0,0
5.4,27,12.861266954808308,242.6403501865452,1,1,0,0,0,0
5.4,27,12.709201672186456,142.5925264018678,1,1,0,0,0,0
5.4,27,12.843797746189216,58.36349363387849,1,1,0,0,0,0
5.4,27,12.43729245542269,283.0203635891769,1,1,0,0,0,0
5.4,27,12.67454941731561,419.4911416956109,1,1,0,0,0,0
5.4,27,12.64322742204808,614.2935498188604,1,1,0,0,0,0
5.4,27,12.317242375885684,72.31286774709106,1,1,0,0,0,0
5.4,27,12.32592572835203,213.12298610037828,1,1,0,0,0,0
5.4,27,12.442022669146104,210.0187658190502,1,1,0,0,0,0
5.4,27,12.5040572555046,64.19275963302701,1,1,0,0,0,0
5.4,27,12.727200532210007,83.87739660582677,1,1,0,0,0,0
5.4,27,12.824554008953497,152.2918927187252,1,1,0,0,0,0
5.4,27,12.467532946744877,33.49287529119075,1,1,0,0,0,0
5.4,27,12.470876262383683,141.09310649467085,1,1,0,0,0,0
5.4,27,12.532305802823116,78.04780663940204,1,1,0,0,0,0
5.4,27,12.54296122024478,63.87397994045271,1,1,0,0,0,0
5.4,27,12.714070674381723,107.15288816484446,1,1,0,0,0,0
5.4,27,12.660508570945437,39.847945868662,1,1,0,0,0,0
5.4,27,12.71692729674422,176.42467690443075,1,1,0,0,0,0
5.4,27,12.782198470050655,481.4752330524368,1,1,0,0,0,0
5.4,27,12.400827419900404,185.7775000941765,1,1,0,0,0,0
5.4,27,12.327653535177864,50.9757371295788,1,1,0,0,0,0
5.4,27,12.401122914556856,173.77786849630203,1,1,0,0,0,0
5.4,27,12.828852191251135,72.98439750209786,1,1,0,0,0,0
5.4,27,12.545407945066568,121.10738065843267,1,1,0,0,0,0
5.4,27,12.329728905094008,204.24429862684343,1,1,0,0,0,0
5.4,27,12.571529688550529,69.00757033915414,1,1,0,0,0,0
5.4,27,12.341904716043375,55.78533442707851,1,1,0,0,0,0
5.4,27,12.77568260990592,106.5714477853353,1,1,0,0,0,0
5.4,27,12.338056222953496,115.16079400966468,1,1,0,0,0,0
5.4,27,12.307600069637044,51.01100433497244,1,1,0,0,0,0
5.4,27,12.334369557066562,46.09756085673724,1,1,0,0,0,0
5.4,27,12.786987609912018,1474.7363894818122,1,1,0,0,0,0
5.4,27,12.49950600202448,1215.6618341911148,1,1,0,0,0,0
5.4,27,12.46007926883623,626.1120437587484,1,1,0,0,0,0
5.4,27,12.806257382470816,223.58261896272955,1,1,0,0,0,0
5.4,27,12.268080546480276,160.38035425561233,1,1,0,0,0,0
5.4,27,12.7546098825742,417.534923952277,1,1,0,0,0,0
5.4,27,12.321691960479027,449.848065897236,1,1,0,0,0,0
5.4,27,12.21824300769774,449.8706148244356,1,1,0,0,0,0
5.4,27,12.258967743243558,139.7051874391766,1,1,0,0,0,0
5.4,27,12.24891915462024,92.31663071099445,1,1,0,0,0,0
5.4,27,12.54834297276432,191.87139755674843,1,1,0,0,0,0
5.4,27,12.77163821044991,330.8247985194811,1,1,0,0,0,0
5.4,27,12.485813944773192,68.64468911790178,1,1,0,0,0,0
5.4,27,12.959394203558428,11.159939262115236,1,1,0,0,0,0
5.4,27,12.473807117058566,27.550699658095485,1,1,0,0,0,0
5.4,27,12.492699739028168,79.80847881303457,1,1,0,0,0,0
5.4,27,12.52332250392593,51.40479866668604,1,1,0,0,0,0
5.4,27,12.380962834532388,156.98493751895327,1,1,0,0,0,0
5.4,27,12.814068413437036,45.09481145757334,1,1,0,0,0,0
5.4,27,12.680932994975263,114.5201459617018,1,1,0,0,0,0
5.4,27,15.205613019331835,237.69646317656893,1,1,0,0,0,0
5.4,27,15.095381690632776,205.4645489509765,1,1,0,0,0,0
5.4,27,15.387706870218969,67.00967213242843,1,1,0,0,0,0
5.4,27,15.177701723476009,137.3064331472332,1,1,0,0,0,0
5.4,27,15.467993259139488,246.4071770872771,1,1,0,0,0,0
5.4,27,15.518152481755523,140.02540141537708,1,1,0,0,0,0
5.4,27,15.433700543725624,164.99356869188884,1,1,0,0,0,0
5.4,27,15.559501495253052,51.152418679653934,1,1,0,0,0,0
5.4,27,15.24728189623201,58.32213802067682,1,1,0,0,0,0
5.4,27,15.192086691541409,52.03340288350751,1,1,0,0,0,0
5.4,27,15.03286626749592,80.72642453020312,1,1,0,0,0,0
5.4,27,15.115969835544083,70.60619378016499,1,1,0,0,0,0
5.4,27,15.142360352156324,63.18423385120579,1,1,0,0,0,0
5.4,27,15.0976853403801,62.72479161258372,1,1,0,0,0,0
5.4,27,15.48179130938622,48.81194818428415,1,1,0,0,0,0
5.4,27,15.66491072630903,53.92028453759548,1,1,0,0,0,0
5.4,27,15.658432721605449,55.109515223173794,1,1,0,0,0,0
5.4,27,15.179354933914349,62.4868829295388,1,1,0,0,0,0
5.4,27,15.34800274139794,13.240335613385932,1,1,0,0,0,0
5.4,27,15.669269191626922,13.087822616648644,1,1,0,0,0,0
5.4,27,15.503246752225976,51.66892677864487,1,1,0,0,0,0
5.4,27,15.41565316476641,91.58254736072382,1,1,0,0,0,0
5.4,27,15.41816606775818,9.399080867028282,1,1,0,0,0,0
5.4,27,14.593509386843726,272.0169600319415,1,1,0,0,0,0
5.4,27,14.600835494600483,206.48058875830995,1,1,0,0,0,0
5.4,27,14.532159289176624,344.3554770457837,1,1,0,0,0,0
5.4,27,14.444196710396255,208.1187400203355,1,1,0,0,0,0
5.4,27,14.55541792106653,271.89688646074046,1,1,0,0,0,0
5.4,27,14.496814920622256,207.08417998805385,1,1,0,0,0,0
5.4,27,14.883229952493112,106.53361044326772,1,1,0,0,0,0
5.4,27,14.839175510533298,228.1002147066157,1,1,0,0,0,0
5.4,27,14.842166864271688,173.37012021340817,1,1,0,0,0,0
5.4,27,14.83367157084928,201.47495458182777,1,1,0,0,0,0
5.4,27,14.889074084863031,132.58914909018057,1,1,0,0,0,0
5.4,27,14.773676841647214,120.9707855713036,1,1,0,0,0,0
5.4,27,14.746843037021607,182.27745010325967,1,1,0,0,0,0
5.4,27,14.642867674686944,198.63056773878475,1,1,0,0,0,0
5.4,27,14.597100349415316,199.2233148670939,1,1,0,0,0,0
5.4,27,14.552827321574746,200.88906491539635,1,1,0,0,0,0
5.4,27,14.504786862405766,200.9230542799732,1,1,0,0,0,0
5.4,27,14.459102599109086,342.5449768741253,1,1,0,0,0,0
5.4,27,14.550797530245209,213.4096086278959,1,1,0,0,0,0
5.4,27,14.55081136882655,209.2361766432288,1,1,0,0,0,0
5.4,27,14.716005665901395,263.3161893017041,1,1,0,0,0,0
5.4,27,14.843861690039342,184.88912082637376,1,1,0,0,0,0
5.4,27,14.824883013609902,131.31174000032772,1,1,0,0,0,0
5.4,27,14.814736530443628,97.15474770945626,1,1,0,0,0,0
5.4,27,14.861170422162552,42.37501100727946,1,1,0,0,0,0
5.4,27,14.426521072090958,72.76617795418048,1,1,0,0,0,0
5.4,27,14.487046460608324,228.93868612648365,1,1,0,0,0,0
5.4,27,14.980097714638564,53.54050112726448,1,1,0,0,0,0
5.4,27,14.723759621891649,100.3174083228885,1,1,0,0,0,0
5.4,27,14.661543535123654,107.14240103573287,1,1,0,0,0,0
5.4,27,14.892976547383256,81.57948940056859,1,1,0,0,0,0
5.4,27,14.923315240540466,47.12180881715854,1,1,0,0,0,0
5.4,27,14.727768930392443,57.24159487724784,1,1,0,0,0,0
5.4,27,14.843849506029864,40.54293909207514,1,1,0,0,0,0
5.4,27,14.886772696474978,42.98575230795183,1,1,0,0,0,0
5.4,27,14.931376357311684,44.916215847802505,1,1,0,0,0,0
5.4,27,14.460669214457653,24.69833902146019,1,1,0,0,0,0
5.4,27,14.415196665664151,71.50012802800863,1,1,0,0,0,0
5.4,27,14.466062123933671,43.64047543212418,1,1,0,0,0,0
5.4,27,14.727647514204552,54.86512261833524,1,1,0,0,0,0
5.4,27,14.661406240089685,115.69433454772886,1,1,0,0,0,0
5.4,27,14.650984219159469,99.5066837718433,1,1,0,0,0,0
5.4,27,14.43312078216284,73.97030516765714,1,0,1,0,0,1
5.4,27,14.520345555036943,103.029052849642,1,0,1,0,0,1
5.4,27,14.648442910462377,10.5425936525728,1,1,0,0,0,0
5.4,27,14.654888178588816,167.5549020675436,1,0,1,0,0,1
5.4,27,14.653604895290195,167.3752434843714,1,0,1,0,0,1
5.4,27,14.84987108607156,228.23500584067864,1,0,1,0,0,1
5.4,27,14.84865246405664,228.234174870188,1,0,1,0,0,1
5.4,27,14.987532289614668,53.37579696627734,1,0,1,0,0,1
5.4,27,14.748959140916533,46.768789990006766,1,1,0,0,0,0
5.4,27,15.366528295338185,549.0202845351527,1,0,0,1,0,1
5.4,27,15.516696149041858,806.7590137393063,1,1,0,0,0,0
5.4,27,15.568126642336487,813.3235913141173,1,1,0,0,0,0
5.4,27,15.678220755133651,549.9084411291689,1,1,0,0,0,0
5.4,27,15.721737004276967,550.1658788569189,1,1,0,0,0,0
5.4,27,15.688793513109813,226.54922816712653,1,1,0,0,0,1
5.4,27,15.288709149427794,352.6184421479955,1,1,0,0,0,0
5.4,27,15.10540155833448,363.4132506766686,1,1,0,0,0,0
5.4,27,15.220396415873712,341.89183251150894,1,1,0,0,0,0
5.4,27,15.223810470932127,315.3660766532886,1,1,0,0,0,0
5.4,27,15.184416548352212,252.50737387143928,1,1,0,0,0,0
5.4,27,15.176916707070388,252.5205538891507,1,1,0,0,0,0
5.4,27,15.169763644151349,252.15428489336333,1,1,0,0,0,0
5.4,27,15.098838197558877,361.56318422262063,1,1,0,0,0,0
5.4,27,15.122384375759731,299.0608698719447,1,1,0,0,0,0
5.4,27,15.700289602825976,421.2385377123496,1,1,0,0,0,0
5.4,27,15.439120265296706,336.2951611751132,1,1,0,0,0,0
5.4,27,14.542495976227762,323.1584820957938,1,1,0,0,0,0
5.4,27,14.512929216379623,321.4700481214695,1,1,0,0,0,0
5.4,27,14.41745101853732,433.19343853228577,1,1,0,0,0,0
5.4,27,14.698509020952583,604.1046560526394,1,1,0,0,0,0
5.4,27,14.566865975094403,225.06753138365195,1,1,0,0,0,0
5.4,27,14.578116264826985,299.01167880308685,1,1,0,0,0,0
5.4,27,14.403154628044463,206.90059193695885,1,1,0,0,0,0
5.4,27,14.66190924336804,220.7314459573919,1,1,0,0,0,0
5.4,27,14.77226280765722,203.91991336134217,1,1,0,0,0,0
5.4,27,14.857843452650071,311.7358409762222,1,1,0,0,0,0
5.4,27,15.055698609251944,260.1763864220309,1,1,0,0,0,0
5.4,27,14.967338988769994,78.10589928493849,1,1,0,0,0,0
5.4,27,14.50293267049748,88.88764997097209,1,1,0,0,0,0
5.4,27,14.787234104125046,116.08239040839686,1,1,0,0,0,0
5.4,27,15.35967729288362,549.9148677990386,1,0,0,1,0,1
5.4,27,15.139940971654076,359.8127789131646,1,0,1,0,0,1
5.4,27,15.164965113564085,306.32135818896097,1,0,1,0,0,1
5.4,27,14.450534193626682,247.86900838952408,1,0,1,0,0,1
5.4,27,14.86118143449248,124.2804587813928,1,1,0,0,0,0
5.4,27,14.374128321278311,45.70992539195886,1,0,1,0,0,1
5.4,27,15.591450845954451,319.312169528549,1,1,0,0,0,0
5.4,27,15.592554435409795,365.1217353063156,1,1,0,0,0,0
5.4,27,15.562420468718608,272.16433035628813,1,1,0,0,0,0
5.4,27,15.586239471555086,272.0163912318812,1,1,0,0,0,0
5.4,27,15.42535190647235,45.33278166214385,1,1,0,0,0,0
5.4,27,15.59053350854174,289.3209174663069,1,1,0,0,0,0
5.4,27,15.54564150107885,187.0848529916184,1,1,0,0,0,0
5.4,27,15.634882340173428,41.500560341953694,1,1,0,0,0,0
5.4,27,15.757820620494243,59.584959202776254,1,1,0,0,0,1
5.4,27,15.567813093603666,364.8357767485388,1,1,0,0,0,0
5.4,27,15.615060313571009,365.3568899242287,1,1,0,0,0,0
5.4,27,15.326717483602408,187.79437248467008,1,0,0,1,0,0
5.4,27,15.694558953753456,161.31983577583907,1,1,0,0,0,0
5.4,27,15.736563207634555,34.55892669650736,1,1,0,0,0,0
5.4,27,15.304417279813968,126.07294270334646,1,1,0,0,0,0
5.4,27,15.709471277972748,55.212764815023256,1,1,0,0,0,0
5.4,27,15.740516261426524,25.19504571135133,1,1,0,0,0,0
5.4,27,15.523519490614577,88.389153965678,1,1,0,0,0,0
5.4,27,15.398589523811316,153.0712077432324,1,1,0,0,0,0
5.4,27,15.241339723931258,47.61300327802152,1,1,0,0,0,0
5.4,27,15.322328065317462,151.61969119205838,1,1,0,0,0,0
5.4,27,15.758047632258634,96.88653028392936,1,1,0,0,0,1
5.4,27,15.70910612612458,51.75489039893527,1,1,0,0,0,0
5.4,27,15.412572469042052,8.681168121255435,1,1,0,0,0,0
5.4,27,15.43796196567592,11.3316724517964,1,1,0,0,0,0
5.4,27,15.408712618592352,89.08886808192342,1,1,0,0,0,0
5.4,27,15.289108062193144,41.35258259917442,1,1,0,0,0,0
5.4,27,15.452772523799936,54.98193355892615,1,1,0,0,0,0
5.4,27,15.438857140644132,55.30709969151383,1,1,0,0,0,0
5.4,27,12.614934711222276,2368.842618159115,1,1,0,0,0,0
5.4,27,14.571195904323623,297.06765470619564,1,1,0,0,0,0
5.4,27,14.65661549743766,155.39892239935273,1,1,0,0,0,0
5.4,27,14.642029991091944,201.5422267321435,1,1,0,0,0,0
5.4,27,14.553955681790953,182.9040276965168,1,1,0,0,0,0
5.4,27,14.7969605137078,488.4149765884368,1,1,0,0,0,0
5.4,27,14.672790547953106,361.791911259742,1,1,0,0,0,0
5.4,27,14.913966526926608,411.6486193399218,1,1,0,0,0,0
5.4,27,14.818384464946766,78.13341453764693,1,1,0,0,0,0
5.4,27,14.859730442040998,341.5453122934724,1,1,0,0,0,0
5.4,27,14.599054341320716,85.2906816846407,1,1,0,0,0,0
5.4,27,14.468532655194885,240.61287323444287,1,1,0,0,0,0
5.4,27,14.479199568539512,48.510074201118826,1,1,0,0,0,0
5.4,27,13.973530533728072,299.30083005778624,1,1,0,0,0,1
5.4,27,14.051702363090266,503.5537506144755,1,1,0,0,0,0
5.4,27,14.079148407798067,464.6668539773904,1,1,0,0,0,0
5.4,27,14.197124678187368,194.9083635294973,1,1,0,0,0,0
5.4,27,14.101188148049069,109.2700536219034,1,1,0,0,0,0
5.4,27,13.974224163401091,107.53381080099334,1,1,0,0,0,0
5.4,27,13.89659493179447,154.7188698310543,1,1,0,0,0,0
5.4,27,14.036946022403727,492.1850448985846,1,1,0,0,0,0
5.4,27,14.030748858108812,495.87110474978886,1,1,0,0,0,0
5.4,27,14.364155065773875,125.29702313954714,1,1,0,0,0,0
5.4,27,14.360277959414514,48.609603796406255,1,1,0,0,0,0
5.4,27,14.05166387232624,55.267246160150805,1,1,0,0,0,0
5.4,27,14.060755916837058,72.6913691611667,1,1,0,0,0,0
5.4,27,14.023294751990813,258.5542351316012,1,1,0,0,0,1
5.4,27,13.8577435937051,77.8579852354303,1,1,0,0,0,0
5.4,27,14.048927500742195,481.5446498245617,1,1,0,0,0,0
5.4,27,14.313054877855423,10.627487685352031,1,1,0,0,0,0
5.4,27,13.75564827755735,23.40028011552937,1,1,0,0,0,0
5.4,27,13.789258443731596,60.716078753633774,1,1,0,0,0,0
5.4,27,13.815031989679545,119.6752690973332,1,1,0,0,0,0
5.4,27,13.998714409654806,115.8009060215782,1,1,0,0,0,0
5.4,27,14.089025760027232,535.1261254605566,1,1,0,0,0,1
5.4,27,14.20691347188709,118.84772670522288,1,1,0,0,0,0
5.4,27,14.265207639569123,132.6913211068016,1,1,0,0,0,0
5.4,27,14.17281349543454,119.537247817139,1,1,0,0,0,0
5.4,27,14.16882293296589,57.18076782697875,1,1,0,0,0,0
5.4,27,14.171773408737488,50.22801872304159,1,1,0,0,0,0
5.4,27,14.181258445629997,56.02567357996331,1,1,0,0,0,0
5.4,27,14.224566100678295,211.935250835756,1,1,0,0,0,1
5.4,27,14.0937962262118,111.21166590370169,1,1,0,0,0,0
5.4,27,14.088355928174105,48.38286179365727,1,1,0,0,0,0
5.4,27,14.09151054723161,52.229324809870334,1,1,0,0,0,0
5.4,27,14.10312929105168,18.716534851498835,1,1,0,0,0,0
5.4,27,14.089580952586632,8.921653469882258,1,1,0,0,0,0
5.4,27,14.099659524554069,44.84554390272624,1,1,0,0,0,0
5.4,27,14.242794980747428,64.33617642705225,1,1,0,0,0,0
5.4,27,14.26068453884774,102.27989947938302,1,1,0,0,0,0
5.4,27,14.260866516197868,49.88164245124876,1,1,0,0,0,0
5.4,27,14.259325646751885,87.88664977660555,1,1,0,0,0,0
5.4,27,13.901855629639682,86.35467818150414,1,1,0,0,0,0
5.4,27,13.89569593848962,96.7160555002517,1,1,0,0,0,0
5.4,27,13.876065100352408,46.40688440403962,1,1,0,0,0,0
5.4,27,13.881384836935164,43.95520622570661,1,1,0,0,0,0
5.4,27,13.88566660314717,42.3706826791879,1,1,0,0,0,0
5.4,27,13.889157661693304,42.024240099328914,1,1,0,0,0,0
5.4,27,13.936258319231293,54.51156115886617,1,1,0,0,0,0
5.4,27,13.918327265709966,28.428395740116947,1,1,0,0,0,0
5.4,27,13.243128891981128,398.8412402842428,1,1,0,0,0,0
5.4,27,13.597483149841558,78.09278204680156,1,1,0,0,0,0
5.4,27,13.22761558667523,13.541764279521704,1,1,0,0,0,0
5.4,27,13.272225976516438,92.5215654176896,1,1,0,0,0,0
5.4,27,13.432610120064927,257.9243569961675,1,1,0,0,0,0
5.4,27,13.550388292171688,11.260325041857117,1,1,0,0,0,0
5.4,27,13.489635641036562,119.43070009909312,1,1,0,0,0,0
5.4,27,13.534241179556178,58.82666459853316,1,1,0,0,0,0
5.4,27,13.546309560069943,25.238933556423618,1,1,0,0,0,0
5.4,27,13.489229788121335,95.42685498457988,1,1,0,0,0,0
5.4,27,13.44798452861579,69.6920180309812,1,1,0,0,0,0
5.4,27,13.379062712777726,184.36103911473592,1,1,0,0,0,0
5.4,27,14.10425085288449,396.2286901177082,1,1,0,0,0,0
5.4,27,14.130032186570796,188.57609857887564,1,1,0,0,0,0
5.4,27,13.51291498160593,941.4311763222518,1,1,0,0,0,0
5.4,27,13.666236535130404,66.14538060480105,1,1,0,0,0,0
5.4,27,13.099254686384954,258.68565174479534,1,1,0,0,0,0
5.4,27,13.72314433738416,476.4802276769049,1,1,0,0,0,0
5.4,27,13.618271836566995,370.1088847797877,1,1,0,0,0,0
5.4,27,12.742616937004358,1039.3849432252696,1,1,0,0,0,0
5.4,27,13.897092046490654,111.62135684853372,1,1,0,0,0,0
5.4,27,13.34764110037503,2161.956222088133,1,0,1,0,0,0
5.4,27,12.58063602727439,1158.2022052796126,1,1,0,0,0,0
5.4,27,13.719925403807997,168.72602366166117,1,1,0,0,0,0
5.4,27,13.58543598504708,293.8366491006475,1,1,0,0,0,0
5.4,27,13.578551089080523,676.5704647557216,1,1,0,0,0,0
5.4,27,12.793655740408076,1528.3923582664338,1,1,0,0,0,0
5.4,27,14.231542547874328,165.93453618249322,1,1,0,0,0,0
5.4,27,13.650045720545693,217.74968002501595,1,1,0,0,0,0
5.4,27,14.15067347784563,418.0919477199212,1,1,0,0,0,0
5.4,27,13.054379086888892,113.87825423009936,1,1,0,0,0,0
5.4,27,14.402035643248505,169.39825578012167,1,1,0,0,0,0
5.4,27,14.2501323004317,412.1663908749614,1,1,0,0,0,0
5.4,27,14.273018882165676,133.02766415084173,1,1,0,0,0,0
5.4,27,14.114445937997004,218.41313357085755,1,1,0,0,0,0
5.4,27,14.072215503671387,173.240561202948,1,1,0,0,0,0
5.4,27,14.149392284279978,152.55222007068434,1,1,0,0,0,0
5.4,27,14.108371148267947,84.20408545740733,1,1,0,0,0,0
5.4,27,14.1143865185025,110.42258743062524,1,1,0,0,0,0
5.4,27,14.088316018312726,137.06488254019737,1,1,0,0,0,0
5.4,27,13.875129517495523,184.9246015209877,1,1,0,0,0,0
5.4,27,14.462045310317492,138.70516369302612,1,1,0,0,0,0
5.4,27,14.212393407568536,207.47758143371087,1,1,0,0,0,0
5.4,27,14.02869010208345,127.11701504253072,1,1,0,0,0,0
5.4,27,14.439141558318225,55.99167218745063,1,1,0,0,0,0
5.4,27,14.448942070425757,35.37923084780343,1,1,0,0,0,0
5.4,27,14.442840569817104,24.738859638196622,1,1,0,0,0,0
5.4,27,13.192005911259246,66.58917306605916,1,1,0,0,0,0
5.4,27,13.54770244914351,51.81624054664419,1,1,0,0,0,0
5.4,27,13.298015799754502,91.45648644084316,1,1,0,0,0,0
5.4,27,13.163721796518782,36.579361550523245,1,1,0,0,0,0
5.4,27,15.770726640400634,285.76003197158497,1,1,0,0,0,0
5.4,27,15.795710368506793,145.27826465844555,1,1,0,0,0,0
5.4,27,15.800247739030706,68.28590963060483,1,1,0,0,0,0
5.4,27,15.83562548945444,169.44855083568527,1,1,0,0,0,0
5.4,27,15.862363943444883,104.1901652994508,1,1,0,0,0,0
5.4,27,15.908861615813462,87.27985706715745,1,1,0,0,0,0
5.4,27,15.638170722744317,60.57657140516794,1,1,0,0,0,0
5.4,27,15.590841000862588,118.7480083225025,1,1,0,0,0,0
5.4,27,15.59203184078432,56.5049293659186,1,1,0,0,0,0
5.4,27,15.633901425084964,59.46252675780106,1,1,0,0,0,0
5.4,27,15.549259633650998,135.5797078558497,1,1,0,0,0,0
5.4,27,15.604748241076033,333.81951611622713,1,1,0,0,0,0
5.4,27,15.73065190118793,52.21823039939878,1,1,0,0,0,0
5.4,27,15.661652607710222,62.790770141753015,1,1,0,0,0,0
5.4,27,15.699183036039996,24.06639479632469,1,1,0,0,0,0
5.4,27,15.607527111781812,56.0104793196365,1,1,0,0,0,0
5.4,27,15.821982447088034,34.749423406612124,1,1,0,0,0,0
5.4,27,15.841506874815217,75.260816560972,1,1,0,0,0,0
5.4,27,15.834294652711336,147.0845818440159,1,1,0,0,0,0
5.4,27,15.735541439794291,59.79698862716651,1,1,0,0,0,0
5.4,27,15.094729453544412,103.77535189189076,1,1,0,0,0,0
5.4,27,15.12434842703843,14.917676840412044,1,1,0,0,0,0
5.4,27,15.245402699369954,1098.73433153548,1,0,0,0,0,1
5.4,27,15.880625512427342,24.63603159878757,1,1,0,0,0,0
5.4,27,14.73964406832316,1281.830382328833,1,1,0,0,0,0
5.4,27,15.912192577323902,79.76259792213831,1,1,0,0,0,1
5.4,27,15.241309700401745,1109.6330384331045,1,0,0,0,0,1
5.4,27,15.270661905732942,325.389144369883,1,1,0,0,0,0
5.4,27,15.844786266638003,74.3465328102391,1,0,0,0,0,1
5.4,27,15.770602999043549,107.59121964420422,1,0,0,0,0,1
5.4,27,15.76902360071043,349.2802806852583,1,1,0,0,0,0
5.4,27,15.9537141560972,49.57226458699576,1,1,0,0,0,0
5.4,27,15.83884692590645,77.10360317675708,1,0,0,0,0,1
5.4,27,15.767529214289848,98.78446445607382,1,0,0,0,0,1
5.4,27,15.03261343018002,103.76095695286396,1,1,0,0,0,0
5.4,27,15.107698905016369,202.0454029539593,1,1,0,0,0,0
5.4,27,14.377760830131743,273.2118739925085,1,1,0,0,0,0
5.4,27,14.167025178370007,69.46935782637519,1,1,0,0,0,0
5.4,27,14.266415121394305,105.36143544283712,1,1,0,0,0,0
5.4,27,14.242317333109112,134.46022725434216,1,1,0,0,0,0
5.4,27,14.261946521872142,111.2817626028721,1,1,0,0,0,0
5.4,27,14.32096410872334,126.55685671667784,1,1,0,0,0,0
5.4,27,14.27886753569612,125.00845411653911,1,1,0,0,0,0
5.4,27,14.24635665084616,197.97456710395656,1,1,0,0,0,0
5.4,27,14.18282502690136,44.86516829682192,1,1,0,0,0,0
5.4,27,13.399239715874591,138.6037347574711,1,1,0,0,0,0
5.4,27,13.72684021342402,175.6422671981436,1,1,0,0,0,0
5.4,27,13.694517062777486,467.4116858817729,1,1,0,0,0,0
5.4,27,13.828051491641276,208.06753886234023,1,1,0,0,0,0
5.4,27,13.744994542138324,395.2629371915156,1,1,0,0,0,0
5.4,27,13.724684314370874,124.85045548805108,1,1,0,0,0,0
5.4,27,13.423209858039222,489.8900940732228,1,1,0,0,0,0
5.4,27,13.73002613861522,113.60764307113364,1,1,0,0,0,0
5.4,27,13.714643020718258,206.36092524742045,1,1,0,0,0,0
5.4,27,13.96508209684542,195.4808797230698,1,1,0,0,0,0
5.4,27,13.72618600014534,132.62093203148746,1,1,0,0,0,0
5.4,27,13.809083975281707,15.023205413396218,1,1,0,0,0,0
5.4,27,13.944910821191169,95.8422279629704,1,1,0,0,0,0
5.4,27,13.925953629257716,108.42276895928396,1,1,0,0,0,0
5.4,27,13.799614391384948,89.08420743852336,1,1,0,0,0,0
5.4,27,13.735175049811554,209.6931776990901,1,1,0,0,0,0
5.4,27,13.876840841669027,212.59225517479547,1,1,0,0,0,0
5.4,27,13.454228867676438,297.36317176012744,1,1,0,0,0,0
5.4,27,13.248294573071528,338.3532357735159,1,1,0,0,0,0
5.4,27,13.977902885347808,269.11014266468715,1,1,0,0,0,0
5.4,27,14.007133053095531,689.1214180573675,1,1,0,0,0,0
5.4,27,13.928816946177658,357.9387705692982,1,1,0,0,0,0
5.4,27,14.26903639481906,137.30770891310573,1,0,0,1,0,0
5.4,27,14.159262805221044,106.13358944529472,1,1,0,0,0,0
5.4,27,14.046508062680378,194.8749086482792,1,0,0,0,0,0
5.4,27,14.19584403950426,403.290310163089,1,0,0,0,0,1
5.4,27,14.178550637792558,395.4446053047266,1,0,0,0,0,0
5.4,27,14.208123887427826,703.9379038564159,1,0,0,0,0,1
5.4,27,14.06138487200536,289.396135164542,1,0,0,0,0,1
5.4,27,13.35952929195932,124.13466794158974,1,1,0,0,0,0
5.4,27,14.254976331950408,350.6510165918256,1,1,0,0,0,0
5.4,27,14.23621241918177,328.93892299925545,1,1,0,0,0,0
5.4,27,14.18267591858519,81.09228075159443,1,1,0,0,0,0
5.4,27,14.348024064260532,83.70482281318795,1,1,0,0,0,0
5.4,27,14.47026645344198,439.16026896306033,1,0,0,0,0,1
5.4,27,14.330682282738172,4.128164244044728,1,0,0,0,0,0
5.4,27,14.467544521336674,446.3849814062942,1,0,0,0,0,1
5.4,27,14.613589956965832,262.7487196769193,1,1,0,0,0,0
5.4,27,14.160744055888689,123.26935581791813,1,1,0,0,0,0
5.4,27,14.117428674891972,70.39137763443942,1,1,0,0,0,0
5.4,27,14.432919138073451,136.1495599725195,1,1,0,0,0,0
5.4,27,14.124438867501787,106.1826040546957,1,1,0,0,0,0
5.4,27,12.40590070340809,182.0209941342428,1,1,0,0,0,0
5.4,27,12.465503159201726,52.22628232285292,1,1,0,0,0,0
5.4,27,12.964996503247065,95.67693474451272,1,1,0,0,0,0
5.4,27,12.989252671009638,56.334147786383326,1,1,0,0,0,0
5.4,27,12.388485468646824,473.6892755941423,1,1,0,0,0,0
5.4,27,12.681751770261974,518.963300281263,1,1,0,0,0,0
5.4,27,12.976570750148332,169.6446967189332,1,1,0,0,0,0
5.4,27,12.853595326672435,384.6849216464874,1,1,0,0,0,0
5.4,27,12.867504409210827,62.70811269359739,1,1,0,0,0,0
5.4,27,12.819267792715635,55.34360911812407,1,1,0,0,0,0
5.4,27,12.710357615339104,269.4858419636041,1,1,0,0,0,0
5.4,27,12.692587403181149,70.91853247357577,1,1,0,0,0,0
5.4,27,12.904190029363,106.56126965225002,1,1,0,0,0,0
5.4,27,12.820989294686084,80.7573746712131,1,1,0,0,0,0
5.4,27,13.050939691510624,275.0146158212034,1,1,0,0,0,0
5.4,27,13.119951712719214,194.4224572618413,1,1,0,0,0,0
5.4,27,12.7431642630368,48.3978786226796,1,1,0,0,0,0
5.4,27,12.772357119958444,70.91980325672863,1,1,0,0,0,0
5.4,27,12.83074863337617,76.29097691028508,1,1,0,0,0,0
5.4,27,12.944770710859988,31.747210230175423,1,1,0,0,0,0
5.4,27,12.758343971670763,61.95385951914752,1,1,0,0,0,0
5.4,27,12.7745482591283,20.801119153674705,1,1,0,0,0,0
5.4,27,12.634454993650987,247.20961679548188,1,1,0,0,0,0
5.4,27,12.649721904052615,39.59989719770896,1,1,0,0,0,0
5.4,27,12.899310334763218,16.12606497976276,1,1,0,0,0,0
5.4,27,13.041004398903503,250.6116050890586,1,1,0,0,0,0
5.4,27,12.864813478265551,74.20692607826442,1,1,0,0,0,0
5.4,27,12.805144166234337,300.3166339101033,1,1,0,0,0,0
5.4,27,12.876638994234904,34.59168899330196,1,1,0,0,0,0
5.4,27,12.998665220671503,53.11183933803274,1,1,0,0,0,0
5.4,27,12.964866279545758,42.86610000799551,1,1,0,0,0,0
5.4,27,12.821368463850222,31.24902053928514,1,1,0,0,0,0
5.4,27,13.118408189958128,20.420550869041502,1,1,0,0,0,0
5.4,27,13.131320302660294,75.80303859536308,1,1,0,0,0,0
5.4,27,13.169345650679071,216.0269937118716,1,1,0,0,0,0
5.4,27,13.071474378448674,128.83168305550294,1,1,0,0,0,0
5.4,27,12.907553597441533,110.98358744445758,1,1,0,0,0,0
5.4,27,12.883506449055304,42.56292154367439,1,1,0,0,0,0
5.4,27,12.843639271079454,71.52681359438755,1,1,0,0,0,0
5.4,27,13.369881216004323,299.3251684762797,1,1,0,0,0,0
5.4,27,12.926142318464434,621.6751770613847,1,1,0,0,0,0
5.4,27,12.839650037225578,379.5485020973929,1,1,0,0,0,0
5.4,27,12.723197557051684,560.6839476629226,1,1,0,0,0,0
5.4,27,12.760956652623952,118.28516584966208,1,1,0,0,0,0
5.4,27,13.080749748511304,322.1714107283313,1,1,0,0,0,0
5.4,27,13.37783234435616,444.1980096567167,1,1,0,0,0,0
5.4,27,13.299785891049588,146.8527875966237,1,1,0,0,0,0
5.4,27,13.090543388307744,403.03735415336126,1,1,0,0,0,0
5.4,27,13.203363450276564,112.60214258596542,1,1,0,0,0,0
5.4,27,12.93963442613902,164.60334317701208,1,1,0,0,0,0
5.4,27,13.012518221367042,31.187859660505246,1,1,0,0,0,0
5.4,27,13.008614708066853,66.45418465043464,1,1,0,0,0,0
5.4,27,13.09325334801016,65.50627940419416,1,1,0,0,0,0
5.4,27,12.964654981829982,93.13103387391794,1,1,0,0,0,0
5.4,27,13.251271757924227,215.7712890192976,1,1,0,0,0,0
5.4,27,15.75212102993608,459.05482908402166,1,1,0,0,0,0
5.4,27,15.641275476909716,48.12716075747447,1,1,0,0,0,0
5.4,27,16.045282985327013,83.46531054661642,1,1,0,0,0,0
5.4,27,15.718459223312973,32.17265072782443,1,1,0,0,0,0
5.4,27,15.864671629726937,76.67831261212663,1,1,0,0,0,0
5.4,27,15.790546146856816,148.18534779302215,1,1,0,0,0,0
5.4,27,14.705614766875716,761.9269160955159,1,0,0,1,0,0
5.4,27,14.940874772678676,225.3030729559464,1,1,0,0,0,0
5.4,27,14.148041209981605,415.9189817861638,1,1,0,0,0,0
5.4,27,13.796151065073287,222.23700188955465,1,1,0,0,0,0
5.4,27,13.546763826263426,1440.763685266224,1,1,0,0,0,0
5.4,27,13.66730682650246,2540.4388180347005,1,0,0,0,0,0
5.4,27,13.31339670402646,197.2837599452997,1,1,0,0,0,0
4.2,10,25.98137474667365,304.3644674463369,0,1,0,0,0,1
4.2,10,25.15386149349466,334.854817788776,0,1,0,0,0,0
4.2,10,25.133491417173317,695.8516143659663,0,1,0,0,0,0
4.2,10,25.79352193234119,226.0831687403952,0,1,0,0,0,0
4.2,10,25.07642886278233,334.38094831616,0,1,0,0,0,0
4.2,10,25.18026687327738,86.6409247887356,0,1,0,0,0,0
4.2,10,25.126652273459875,608.3779301232823,0,0,0,1,0,1
4.2,10,25.122907866367573,589.8412924082332,0,0,0,1,0,1
4.2,10,25.03662118719337,514.7967337502447,0,0,0,1,0,1
4.2,10,25.02262858981643,555.7214270657979,0,0,0,1,0,1
4.2,10,25.714999259504467,743.6237152385429,0,0,0,1,0,1
4.2,10,25.869598069235664,338.7799712436523,0,1,0,0,0,1
4.2,10,25.76326112793364,571.8688928984491,0,1,0,0,0,1
4.2,10,25.3457751212748,72.76175702414321,0,0,0,1,0,1
4.2,10,26.090262817635285,201.0233467237804,0,0,0,1,0,1
4.2,10,26.043676476008606,442.0969465199373,0,1,0,0,0,1
4.2,10,25.748435334062805,700.6289300491355,0,1,0,0,0,0
4.2,10,25.78776644883961,28.564072210688124,0,1,0,0,0,0
4.2,10,26.019803873299843,1013.4438244598526,0,0,0,1,0,1
4.2,10,26.136439760577463,470.8485188768407,0,1,0,0,0,0
4.2,10,26.07812996502978,134.88620542085744,0,1,0,0,0,1
4.2,10,26.04244422441412,325.8406889755462,0,1,0,0,0,0
4.2,10,26.26197821424036,33.81804707509349,0,0,0,1,0,1
4.2,10,26.26197821424036,27.0057110383233,0,0,0,1,0,1
4.2,10,26.310354294248185,184.29153958651577,0,1,0,0,0,1
4.2,10,26.19595437241747,243.0595011305093,0,1,0,0,0,1
4.2,10,26.198884073523736,230.65386808968407,0,1,0,0,0,1
4.2,10,25.978770217906128,156.15608943176431,0,1,0,0,0,0
4.2,10,25.933963589070743,208.9568677098557,0,1,0,0,0,0
4.2,10,26.110183182005677,102.40924283206056,0,1,0,0,0,0
4.2,10,26.05845164827759,136.60985299431258,0,1,0,0,0,0
4.2,10,26.07349608457473,134.76024459742771,0,1,0,0,0,1
4.2,10,25.90847081229768,65.8490246342879,0,1,0,0,0,0
4.2,10,26.03550754078637,83.4233461372355,0,1,0,0,0,0
4.2,10,25.991199514934223,112.34559459757868,0,1,0,0,0,0
4.2,10,26.19470929406251,241.731053853642,0,0,0,1,0,1
4.2,10,26.13805528821484,8.105233444637209,0,1,0,0,0,0
4.2,10,26.174456904115143,137.22749182080418,0,1,0,0,0,1
4.2,10,26.206526462568547,169.41216413864896,0,1,0,0,0,0
4.2,10,26.260046195818383,94.23118380122268,0,1,0,0,0,0
4.2,10,26.300966395822268,164.32873932173572,0,1,0,0,0,1
4.2,10,26.29298981999371,160.0583684431548,0,1,0,0,0,1
4.2,10,26.36273538213073,142.763226755689,0,1,0,0,0,0
4.2,10,26.338435107914336,209.3735917233021,0,1,0,0,0,0
4.2,10,26.18506371502725,353.13016841652404,0,1,0,0,0,0
4.2,10,25.527716900107464,122.80593668108776,0,1,0,0,0,0
4.2,10,25.683544442368092,96.24729301508408,0,1,0,0,0,1
4.2,10,25.764170685569603,94.71429113672994,0,1,0,0,0,1
4.2,10,25.331804146799943,230.15905157321723,0,0,0,1,0,1
4.2,10,25.32656846590264,246.36663905119497,0,0,0,1,0,1
4.2,10,25.273209499440814,17.187901695007383,0,0,0,1,0,1
4.2,10,25.26437579637488,12.523101903261429,0,0,0,1,0,1
4.2,10,25.61966212697499,86.18600799610255,0,1,0,0,0,0
4.2,10,25.78980320183655,111.81526598282282,0,1,0,0,0,0
4.2,10,25.71914877202937,102.24791152574556,0,1,0,0,0,1
4.2,10,25.74783924263584,108.7993696701492,0,1,0,0,0,0
4.2,10,25.700138397084057,108.61872264479398,0,1,0,0,0,0
4.2,10,25.78248776272904,331.7609611801652,0,1,0,0,0,1
4.2,10,25.842614433427403,48.50636524753127,0,1,0,0,0,0
4.2,10,25.82027585556148,50.18546022346658,0,1,0,0,0,0
4.2,10,25.29129830431893,52.749742125932485,0,0,0,1,0,1
4.2,10,25.3009200917708,52.7317141798262,0,0,0,1,0,1
4.2,10,25.35607269054616,72.39469187386604,0,0,0,1,0,1
4.2,10,25.789271379638407,88.11659928511604,0,1,0,0,0,1
4.2,10,25.824861935332247,54.68411069150906,0,1,0,0,0,1
4.2,10,25.837487674871262,24.89461266748181,0,1,0,0,0,0
4.2,10,25.789271379638407,86.93604510604756,0,1,0,0,0,1
4.2,10,25.721398974267704,104.02801580486924,0,1,0,0,0,1
4.2,10,25.76993724356083,55.00920909677474,0,1,0,0,0,0
4.2,10,25.80642746339037,13.050284527613348,0,1,0,0,0,0
4.2,10,25.708544600361925,63.90600267693989,0,1,0,0,0,0
4.2,10,25.575589329143494,133.1816455706609,0,1,0,0,0,1
4.2,10,25.76456482688785,183.96219818047825,0,1,0,0,0,1
4.2,10,25.80927526764032,11.96579179772858,0,1,0,0,0,0
4.2,10,25.797038941615508,33.57557703966273,0,1,0,0,0,1
4.2,10,25.728154846976185,54.61296433895083,0,1,0,0,0,1
4.2,10,25.606997623827848,110.6164239770453,0,1,0,0,0,0
4.2,10,25.67709922126213,99.7761516454042,0,1,0,0,0,1
4.2,10,25.68671762336948,243.4208776399183,0,1,0,0,0,1
4.2,10,25.72752688048699,94.29773220516972,0,1,0,0,0,1
4.2,10,25.646689498737704,53.489823586484725,0,1,0,0,0,1
4.2,10,25.78204773792314,310.4756827327067,0,1,0,0,0,1
4.2,10,25.76630729636631,75.95891824830728,0,1,0,0,0,0
4.2,10,25.67875082988721,116.70334921305054,0,1,0,0,0,1
4.2,10,25.68162787861682,116.63770651764392,0,1,0,0,0,1
4.2,10,25.62573393411678,10.158002496495769,0,1,0,0,0,0
4.2,10,25.635731726939618,104.10959827239115,0,1,0,0,0,0
4.2,10,25.26529104883861,10.980598599219263,0,0,0,1,0,1
4.2,10,25.272295536442066,11.5453558609021,0,0,0,1,0,1
4.2,10,25.67860591155767,225.56819313437435,0,1,0,0,0,0
4.2,10,25.704749573598697,226.58510146826856,0,1,0,0,0,0
4.2,10,25.875469312429875,220.89696614249047,0,1,0,0,0,0
4.2,10,25.69407782962214,247.68806370163884,0,1,0,0,0,0
4.2,10,25.84054714590973,247.8046554081185,0,1,0,0,0,0
4.2,10,25.789791528795053,245.43657173545955,0,1,0,0,0,0
4.2,10,25.74585808408274,247.71614489555668,0,1,0,0,0,0
4.2,10,25.84804232536152,222.32990793674028,0,1,0,0,0,0
4.2,10,26.145422227124108,261.28217381542026,0,0,0,1,0,1
4.2,10,26.102931332102667,104.55926440316526,0,1,0,0,0,0
4.2,10,26.154485003529555,155.1702375685863,0,1,0,0,0,0
4.2,10,26.080777167901093,164.5735409988647,0,1,0,0,0,0
4.2,10,26.045173074614237,146.0096823679477,0,1,0,0,0,0
4.2,10,25.9101136876996,568.7882092029527,0,0,0,1,0,1
4.2,10,25.20960703079676,227.179529311646,0,1,0,0,0,0
4.2,10,25.37445894310121,230.61164774442275,0,1,0,0,0,0
4.2,10,25.26811142090228,246.18337387742963,0,1,0,0,0,0
4.2,10,25.34744962132097,226.4583705351604,0,1,0,0,0,0
4.2,10,25.37351086049585,227.0893893714016,0,1,0,0,0,0
4.2,10,25.47912758390387,245.6203241972088,0,1,0,0,0,0
4.2,10,25.545398014815724,366.8145854981536,0,1,0,0,0,0
4.2,10,25.562420551940622,57.92634604100982,0,1,0,0,0,0
4.2,10,25.38288776285141,249.9144911518317,0,1,0,0,0,0
4.2,10,25.48751776924404,112.18777134806884,0,1,0,0,0,0
4.2,10,25.434400563673037,248.49640751857092,0,1,0,0,0,0
4.2,10,25.21602927965597,246.551405088048,0,1,0,0,0,0
4.2,10,25.419018231097677,30.66962632528418,0,1,0,0,0,0
4.2,10,24.994085298088688,42.35364165974346,0,0,0,1,0,1
4.2,10,24.95195464439109,119.87414093596412,0,0,0,1,0,1
4.2,10,24.980666622717965,14.584546515866396,0,0,0,1,0,0
4.2,10,24.97501505946779,76.53712986203533,0,0,0,1,0,1
4.2,10,24.96634408953448,93.34345263279398,0,0,0,1,0,1
4.2,10,24.951912763205502,92.19805065697224,0,0,0,1,0,1
4.2,10,25.59593278502577,33.1450623385572,0,1,0,0,0,0
4.2,10,24.98041744078685,23.389110941212827,0,0,0,1,0,1
4.2,10,25.457205012342804,1137.6003858049348,0,1,0,0,0,0
4.2,10,25.49537351639708,132.32235279855908,0,1,0,0,0,0
4.2,10,25.41266494411481,247.8459003660864,0,1,0,0,0,0
4.2,10,25.36126436525121,235.5926122283809,0,1,0,0,0,0
4.2,10,25.32953002774203,220.96440021833288,0,1,0,0,0,0
4.2,10,25.31359214025319,249.25415546431427,0,1,0,0,0,0
4.2,10,25.365248547157524,248.0396418981713,0,1,0,0,0,0
4.2,10,25.52933378342424,309.03455240139664,0,1,0,0,0,0
4.2,10,25.34472038603128,648.2048017535491,0,1,0,0,0,0
4.2,10,25.134774664435245,1106.99704189035,0,1,0,0,0,0
4.2,10,24.585522929487976,801.8959430605998,0,1,0,0,0,0
4.2,10,24.917810780481208,423.815118496895,0,1,0,0,0,0
4.2,10,25.646149030104745,131.5686154701172,0,1,0,0,0,0
4.2,10,25.697874406242796,132.45050269328647,0,1,0,0,0,0
4.2,10,25.572737771020304,246.4043029877172,0,1,0,0,0,0
4.2,10,25.559813750204317,318.5613398125939,0,1,0,0,0,0
4.2,10,25.42424428679548,284.05608854792774,0,1,0,0,0,0
4.2,10,25.521328244112137,245.84303176566308,0,1,0,0,0,0
4.2,10,25.62880456759262,288.5156275900139,0,1,0,0,0,0
4.2,10,25.683411204934124,225.96316838715123,0,1,0,0,0,0
4.2,10,25.52635547872312,688.550238128322,0,1,0,0,0,0
4.2,10,25.568775124805587,233.08154822822084,0,1,0,0,0,0
4.2,10,26.012627366190323,1429.0438627203737,0,1,0,0,0,0
4.2,10,24.895140820290948,430.2921308919063,0,1,0,0,0,0
4.2,10,24.8504975845737,548.4439970279692,0,0,0,1,0,1
4.2,10,24.867886852349557,520.5380468539837,0,0,0,1,0,1
4.2,10,24.56471482131152,789.8013748532004,0,0,0,1,0,1
4.2,10,25.80033777152788,1008.1717495359828,0,0,0,1,0,1
4.2,10,24.783953179734727,395.7850992389177,0,1,0,0,0,0
4.2,10,25.1408956178938,618.8393404270547,0,0,0,1,0,1
4.2,10,25.144795637828697,615.2765063450715,0,0,0,1,0,1
4.2,10,25.027045776923924,836.1519604348279,0,1,0,0,0,0
4.2,10,24.817570757750964,417.4797235192687,0,0,0,1,0,1
4.2,10,25.400250286633856,1522.2107394945451,0,0,0,1,0,1
4.2,10,25.41255146467411,1521.624751401402,0,0,0,1,0,1
4.2,10,25.268293417710115,264.7589206876436,0,1,0,0,0,0
4.2,10,25.28655506015163,251.4543368474347,0,1,0,0,0,0
4.2,10,24.73139033326391,727.684731020604,0,1,0,0,0,0
4.2,10,24.832105105310035,264.94248698389833,0,1,0,0,0,0
4.2,10,25.147826247644517,248.5103221771824,0,1,0,0,0,0
4.2,10,25.19996768490528,248.4781380762073,0,1,0,0,0,0
4.2,10,24.94717501095321,47.468973571348265,0,0,0,1,0,1
4.2,10,24.93491189174606,46.972994660772365,0,0,0,1,0,1
4.2,10,24.91936402599373,46.71925618528916,0,0,0,1,0,1
4.2,10,24.906301786587253,46.86517170482762,0,0,0,1,0,1
4.2,10,24.70548771777503,191.1160778341384,0,0,0,1,0,1
4.2,10,24.711110071186397,188.536215949148,0,0,0,1,0,1
4.2,10,24.87849547957036,265.65683301075853,0,1,0,0,0,0
4.2,10,24.82974791348,90.68051575180706,0,1,0,0,0,0
4.2,10,25.607990301871016,141.363381427582,0,1,0,0,0,0
4.2,10,25.492268120691502,169.36752316018357,0,1,0,0,0,0
4.2,10,25.522649400210984,179.64492373981713,0,1,0,0,0,0
4.2,10,25.06179510658129,221.7956292189868,0,1,0,0,0,0
4.2,10,25.10705285848539,222.5076135739614,0,1,0,0,0,0
4.2,10,25.36013768940063,247.03897011965373,0,1,0,0,0,0
4.2,10,25.205090508712207,249.68427660914423,0,1,0,0,0,0
4.2,10,25.15310201859161,249.260641899219,0,1,0,0,0,0
4.2,10,25.21081729168917,230.29892228816607,0,1,0,0,0,0
4.2,10,25.23623152338035,230.87084469452725,0,1,0,0,0,0
4.2,10,25.10386276288066,244.76794096958028,0,1,0,0,0,0
4.2,10,25.052059645634625,245.1042581309592,0,1,0,0,0,0
4.2,10,25.048287385624008,227.99440685264528,0,1,0,0,0,0
4.2,10,25.18304611362099,227.10790945592709,0,1,0,0,0,0
4.2,10,24.915963849238462,187.24082312911523,0,0,0,1,0,1
4.2,10,24.842961941843424,357.53926836425074,0,1,0,0,0,0
4.2,10,24.829688508908344,416.8609546575837,0,0,0,1,0,1
4.2,10,25.02348051357488,228.12815682204985,0,1,0,0,0,0
4.2,10,25.001577712447222,143.31270274067393,0,1,0,0,0,0
4.2,10,24.977009354129518,244.71946309752607,0,1,0,0,0,0
4.2,10,24.89051119292888,101.74802221874111,0,1,0,0,0,0
4.2,10,24.99461670896956,244.58847820645065,0,1,0,0,0,0
4.2,10,24.82668720211427,78.34191176288715,0,0,0,1,0,1
4.2,10,24.831821091669354,79.88138024170178,0,0,0,1,0,1
4.2,10,24.350012439718352,260.92248686147286,0,1,0,0,0,0
4.2,10,24.40496335480571,313.0649075905794,0,1,0,0,0,0
4.2,10,24.29623267871044,355.25719251106455,0,1,0,0,0,0
4.2,10,24.49396066228536,127.22530677918787,0,1,0,0,0,0
4.2,10,24.54438296463869,130.67485973109862,0,1,0,0,0,0
4.2,10,24.731001344515462,730.7880517832672,0,1,0,0,0,0
4.2,10,24.800034833053317,478.0929296666675,0,1,0,0,0,0
4.2,10,24.577778156899576,262.8998574861602,0,1,0,0,0,0
4.2,10,24.78754263490228,778.4596955190843,0,0,1,0,0,1
4.2,10,24.696569336498182,244.71717912240416,0,1,0,0,0,0
4.2,10,24.58336197410312,269.83716285134665,0,1,0,0,0,0
4.2,10,24.422746655269915,794.3565087091185,0,1,0,0,0,0
4.2,10,24.53407070954028,448.38783802596834,0,1,0,0,0,0
4.2,10,24.050141050129582,212.3132364896045,0,1,0,0,0,0
4.2,10,24.06533208520269,527.4644937366955,0,1,0,0,0,0
4.2,10,24.355434921618954,360.65019507335165,0,1,0,0,0,0
4.2,10,24.620675097765066,262.9428434646358,0,1,0,0,0,0
4.2,10,24.265510039356084,246.4206247930444,0,1,0,0,0,0
4.2,10,24.252120223883708,294.9569628259614,0,1,0,0,0,0
4.2,10,24.64929917982792,348.27252337484776,0,1,0,0,0,0
4.2,10,24.624038246800534,347.8686423141569,0,1,0,0,0,0
4.2,10,23.938390006627102,454.1123682082477,0,1,0,0,0,0
4.2,10,24.32990721028211,785.45315726014,0,1,0,0,0,0
4.2,10,24.75568539330065,557.8818187149966,0,0,0,1,0,1
4.2,10,24.75162434111451,557.3366131268899,0,0,0,1,0,1
4.2,10,24.18650781139016,254.9369398077493,0,0,0,1,0,1
4.2,10,24.193016410383656,252.0222529358156,0,0,0,1,0,1
4.2,10,24.480625478682917,607.5210284884432,0,0,0,1,0,1
4.2,10,24.492081805853942,612.28709761282,0,0,0,1,0,1
4.2,10,24.5580832340201,481.3997824670992,0,1,0,0,0,0
4.2,10,24.137691784679834,103.6473015199873,0,1,0,0,0,0
4.2,10,23.935279930393985,142.7642297599618,0,1,0,0,0,0
4.2,10,25.144895293444332,647.1993960368553,0,0,1,0,0,1
4.2,10,24.80041667690882,777.8804485412265,0,0,1,0,0,1
4.2,10,25.15194662704725,639.2668376802603,0,0,1,0,0,1
4.2,10,24.04023446494837,292.0806899191252,0,0,0,1,0,0
4.2,10,24.770671496560634,226.28198306133183,0,1,0,0,0,0
4.2,10,24.81387095966806,218.85730394439432,0,1,0,0,0,0
4.2,10,24.793928916515814,41.62418146216248,0,0,0,1,0,1
4.2,10,24.936684099328676,68.3373080742785,0,1,0,0,0,0
4.2,10,24.17491481784279,100.10816298612414,0,1,0,0,0,0
4.2,10,24.149976137331247,99.53249452642596,0,1,0,0,0,0
4.2,10,24.12677625923791,99.9439408006502,0,1,0,0,0,0
4.2,10,24.102204249218214,99.13197998356928,0,1,0,0,0,0
4.2,10,24.409701200234323,104.4190026316398,0,1,0,0,0,0
4.2,10,24.479332603693027,169.8935287377654,0,1,0,0,0,0
4.2,10,24.43482873617248,104.69542719165835,0,1,0,0,0,0
4.2,10,24.47809174589643,90.94198614623843,0,0,0,1,0,1
4.2,10,24.38115766298948,122.394256528763,0,0,0,1,0,1
4.2,10,24.47347758043817,91.41197155472454,0,0,0,1,0,1
4.2,10,24.38683399313341,120.71009800532056,0,0,0,1,0,1
4.2,10,24.31596187535407,65.13416414636349,0,0,0,1,0,1
4.2,10,24.31596187535407,65.25890804650697,0,0,0,1,0,1
4.2,10,24.23986247521891,238.57493600690472,0,1,0,0,0,0
4.2,10,24.2750132910684,519.5961373851926,0,0,0,1,0,0
4.2,10,24.06501258716449,143.7361843215816,0,1,0,0,0,0
4.2,10,24.261759641864263,307.5344866721535,0,1,0,0,0,0
4.2,10,24.431571283402768,121.45287760722545,0,1,0,0,0,0
4.2,10,24.13411252584976,123.5653856367438,0,1,0,0,0,0
4.2,10,24.05541660682924,232.111318029287,0,1,0,0,0,0
4.2,10,24.10307016015964,97.74138654644211,0,1,0,0,0,0
4.2,10,23.289326781232337,133.42251518382542,0,1,0,0,0,0
4.2,10,23.360099437243825,15.450885129215468,0,1,0,0,0,0
4.2,10,23.37407995269478,13.489871069172011,0,1,0,0,0,0
4.2,10,23.019552265759327,13.13687919785574,0,1,0,0,0,0
4.2,10,23.213814468931886,51.24393220330757,0,1,0,0,0,0
4.2,10,22.384819312128467,1187.046168608776,0,0,0,1,0,0
4.2,10,22.93580567894242,747.5313440579326,0,0,0,1,0,0
4.2,10,23.889479394052557,769.9619607304982,0,1,0,0,0,0
4.2,10,23.243570540609845,171.1734775614018,0,1,0,0,0,0
4.2,10,23.4134266816042,334.9678178437784,0,1,0,0,0,0
4.2,10,23.25358849898753,411.18751093370406,0,1,0,0,0,0
4.2,10,23.314952545156565,407.102788710132,0,1,0,0,0,0
4.2,10,23.51100715017952,54.2445204920496,0,1,0,0,0,0
4.2,10,23.35199657016681,916.4268990592798,0,1,0,0,0,0
4.2,10,23.053239942259825,316.63835191233113,0,1,0,0,0,0
4.2,10,23.299854480539576,495.6710874864089,0,1,0,0,0,0
4.2,10,23.466174641388896,198.6019367055612,0,1,0,0,0,0
4.2,10,23.003481986677997,119.03675328779045,0,1,0,0,0,0
4.2,10,23.330105068660064,41.31239571139946,0,1,0,0,0,0
4.2,10,23.28898734708144,339.26294224917825,0,1,0,0,0,0
4.2,10,23.521680643242124,13.698035131360236,0,1,0,0,0,0
4.2,10,23.461763924394237,128.77996129876863,0,1,0,0,0,0
4.2,10,23.569012282521417,180.24233839721893,0,1,0,0,0,0
4.2,10,23.73446715540376,99.2498644110216,0,1,0,0,0,0
4.2,10,23.74037503325317,129.55732422407158,0,1,0,0,0,0
4.2,10,23.686649710273976,276.25228566117653,0,1,0,0,0,0
4.2,10,23.84406290548725,136.06629036382265,0,1,0,0,0,0
4.2,10,23.87499094094888,100.9470898002742,0,1,0,0,0,0
4.2,10,23.52108051864792,21.44792909648802,0,1,0,0,0,0
4.2,10,23.75701438715947,514.1411680009701,0,1,0,0,0,0
4.2,10,23.721865284862663,60.982999919924254,0,1,0,0,0,0
4.2,10,24.08132246787416,15.111157297998584,0,0,0,1,0,1
4.2,10,23.478077265796173,133.90614867287957,0,1,0,0,0,0
4.2,10,23.580537320635457,163.82462989892528,0,1,0,0,0,0
4.2,10,23.9379855183576,84.24327576902948,0,1,0,0,0,0
4.2,10,23.93514031178876,129.61859453045727,0,1,0,0,0,0
4.2,10,23.194898809479703,76.24010312462525,0,1,0,0,0,0
4.2,10,23.266633994102047,178.0630809675996,0,1,0,0,0,0
4.2,10,23.041268843581243,255.2195822720508,0,1,0,0,0,0
4.2,10,23.19738924989194,885.9919035661948,0,1,0,0,0,0
4.2,10,23.381255039788652,148.2584866110292,0,1,0,0,0,0
4.2,10,23.160528014335,374.6173122755369,0,1,0,0,0,0
4.2,10,22.901751863297385,69.70291159032244,0,1,0,0,0,0
4.2,10,23.41937051460417,83.17573624950992,0,1,0,0,0,0
4.2,10,23.23592163056749,64.76223194849538,0,1,0,0,0,0
4.2,10,23.068833313624246,94.33007155828764,0,1,0,0,0,0
4.2,10,23.322790826895485,346.0959215535913,0,1,0,0,0,0
4.2,10,22.978786323053725,75.93712483102733,0,1,0,0,0,0
4.2,10,24.48709720252953,331.554603652956,0,0,0,1,0,0
4.2,10,24.902969216184196,315.7390817173245,0,1,0,0,0,0
4.2,10,24.98926462635557,32.56428721580276,0,1,0,0,0,0
4.2,10,24.41551309824619,44.11741526256323,0,0,0,1,0,0
4.2,10,24.451452857395928,31.72598781217374,0,0,0,1,0,0
4.2,10,24.509899878020757,404.19417318668746,0,0,1,0,0,1
4.2,10,24.411582065659942,51.4131648738046,0,0,1,0,0,1
4.2,10,24.5059145087065,353.16363512394764,0,0,1,0,0,1
4.2,10,24.60191924624747,40.20444519337948,0,0,1,0,0,1
4.2,10,24.72373904739459,35.00086031840798,0,1,0,0,0,0
4.2,10,24.626313522639546,27.340483666816485,0,0,0,1,0,1
4.2,10,24.60191924624747,40.21272661398304,0,0,1,0,0,1
4.2,10,24.02110554658608,129.19266190598557,0,1,0,0,0,0
4.2,10,23.99901958247244,64.9284344064769,0,0,0,1,0,1
4.2,10,24.003415483219893,65.13043903381312,0,0,0,1,0,1
4.2,10,24.11070414703188,9.320297629368602,0,0,0,1,0,0
4.2,10,24.22648186380229,10.436297276152713,0,1,0,0,0,0
4.2,10,23.93204796932237,14.992176649305009,0,0,0,1,0,0
4.2,10,24.232267552839023,102.47033130282892,0,1,0,0,0,0
4.2,10,23.78226498851445,224.6811941158504,0,1,0,0,0,0
4.2,10,23.70885649797332,190.27561546864044,0,1,0,0,0,0
4.2,10,23.78848195014787,192.5094739756776,0,1,0,0,0,0
4.2,10,24.3579402922914,445.5267249432695,0,1,0,0,0,0
4.2,10,24.49500059223216,242.70031060776896,0,1,0,0,0,0
4.2,10,24.288031416766238,584.5065356555798,0,1,0,0,0,0
4.2,10,24.096916217080647,532.3025448834971,0,1,0,0,0,0
4.2,10,24.127202590357204,448.9309502950244,0,1,0,0,0,0
4.2,10,23.683726589937784,362.52284962796375,0,0,0,1,0,1
4.2,10,24.52072654126665,788.5675386573193,0,1,0,0,0,0
4.2,10,24.00031068356449,316.705556542717,0,0,0,1,0,1
4.2,10,24.30764901960552,643.5928614428785,0,0,0,1,0,1
4.2,10,23.847708900345346,282.7840937171931,0,0,0,1,0,1
4.2,10,24.3126437776148,642.8961770912376,0,0,0,1,0,1
4.2,10,23.85109545181096,284.625764095446,0,0,0,1,0,1
4.2,10,24.00601950958701,317.52984256478544,0,0,0,1,0,1
4.2,10,23.67555750360775,363.70997014860257,0,0,0,1,0,1
4.2,10,24.098926088488643,1126.4744744292072,0,0,1,0,0,1
4.2,10,23.68307912872661,868.2248089879133,0,0,0,1,0,0
4.2,10,24.06423046488937,219.3477727307061,0,1,0,0,0,0
4.2,10,24.092033674480028,232.65771112706983,0,1,0,0,0,0
4.2,10,24.555477104706497,789.8022156042739,0,0,0,1,0,1
4.2,10,24.071923877363044,1120.4738027034032,0,0,1,0,0,1
4.2,10,24.38529202556765,64.94454752445316,0,0,1,0,0,1
4.2,10,24.402169836618008,62.50453250745959,0,0,1,0,0,1
4.2,10,23.42130100599995,533.8939857114128,0,1,0,0,0,0
4.2,10,23.520343838449943,102.87030171208376,0,1,0,0,0,0
4.2,10,24.22016997707584,49.77578655603914,0,1,0,0,0,0
4.2,10,23.45843184250088,367.7401531448594,0,1,0,0,0,0
4.2,10,24.05897278710494,64.9139489659875,0,1,0,0,0,0
4.2,10,24.09178668356388,199.3394868464553,0,1,0,0,0,0
4.2,10,24.557438740382228,154.94614079338885,0,1,0,0,0,0
4.2,10,24.194703829117085,412.8379336713797,0,1,0,0,0,0
4.2,10,24.702920203606556,373.5296428497567,0,1,0,0,0,0
4.2,10,24.547704984716518,701.620161749252,0,1,0,0,0,0
4.2,10,24.70036436073546,319.05224050944923,0,1,0,0,0,0
4.2,10,24.52129222346615,414.00384665086574,0,1,0,0,0,0
4.2,10,24.61993551090781,164.14496974224124,0,1,0,0,0,0
4.2,10,24.508622468316556,143.12164793001298,0,1,0,0,0,0
4.2,10,24.402492995770697,221.90821506300333,0,1,0,0,0,0
4.2,10,24.31256477713987,222.3774670374084,0,1,0,0,0,0
4.2,10,24.316094464955796,101.9494049771024,0,1,0,0,0,0
4.2,10,24.42326699781966,165.46230270563447,0,1,0,0,0,0
4.2,10,24.489740881159324,462.5933168635979,0,1,0,0,0,0
4.2,10,24.54970144519919,292.2554527404765,0,1,0,0,0,0
4.2,10,24.53108849340411,245.3041954858478,0,1,0,0,0,0
4.2,10,24.479540195118865,331.5559374045997,0,1,0,0,0,0
4.2,10,24.62614807782204,10.057928025065891,0,1,0,0,0,0
4.2,10,24.456534976136385,324.3552767445024,0,0,0,1,0,1
4.2,10,24.46106446287531,322.16284422909416,0,0,0,1,0,1
4.2,10,24.25638566873436,151.83959291089937,0,1,0,0,0,0
4.2,10,24.24430735154692,367.3976011025552,0,1,0,0,0,0
4.2,10,24.267271621147074,47.99885152573137,0,1,0,0,0,0
4.2,10,24.617225704094377,76.98464414136139,0,0,0,1,0,1
4.2,10,24.47933390075181,245.25710402327672,0,1,0,0,0,0
4.2,10,24.39534781177068,94.5274699262171,0,1,0,0,0,0
4.2,10,24.38581949334249,71.89241771136562,0,1,0,0,0,0
4.2,10,24.367895559745207,326.7709872930001,0,1,0,0,0,0
4.2,10,24.552331243736088,258.2724959038204,0,1,0,0,0,0
4.2,10,24.25080747797332,172.06815810864876,0,1,0,0,0,0
4.2,10,24.234574938983013,161.95122421944146,0,1,0,0,0,0
4.2,10,24.331572514121948,30.67602338377884,0,1,0,0,0,0
4.2,10,24.222966236184384,170.08206611835314,0,0,0,1,0,1
4.2,10,24.21810257243441,171.18281509499764,0,0,0,1,0,1
4.2,10,24.29445757246043,71.7426766025203,0,0,0,1,0,1
4.2,10,24.28862319915087,53.97260441241113,0,1,0,0,0,0
4.2,10,24.49347846662572,126.62384770000747,0,1,0,0,0,0
4.2,10,24.239498734632477,294.6452652703528,0,1,0,0,0,0
4.2,10,23.74757667007455,255.51795579965136,0,1,0,0,0,0
4.2,10,23.847362437958783,147.4361369461943,0,1,0,0,0,0
4.2,10,23.57693222070628,48.082004968690704,0,1,0,0,0,0
4.2,10,23.62886733985028,141.25205651085025,0,1,0,0,0,0
4.2,10,23.60594963857946,245.0210175107585,0,1,0,0,0,0
4.2,10,23.694779922125488,286.7942790979734,0,1,0,0,0,0
4.2,10,23.648718866923744,53.00276822097079,0,1,0,0,0,0
4.2,10,23.51585779581206,217.971612971166,0,1,0,0,0,0
4.2,10,23.76846936213567,243.02477513138183,0,1,0,0,0,0
4.2,10,23.680545378305915,81.14760562711908,0,1,0,0,0,0
4.2,10,23.604308126693248,187.4540803195179,0,1,0,0,0,0
4.2,10,23.679710244484795,53.79682823533998,0,1,0,0,0,0
4.2,10,23.625183105672168,141.9571379622363,0,1,0,0,0,0
4.2,10,23.79249132830101,242.3794492221995,0,1,0,0,0,0
4.2,10,23.977539573758744,154.19841631923757,0,1,0,0,0,0
4.2,10,23.92840620301938,55.48766188044418,0,1,0,0,0,0
4.2,10,23.952084664423108,108.43853404737727,0,1,0,0,0,0
4.2,10,23.8787715047841,100.2906784715034,0,1,0,0,0,0
4.2,10,23.92405897448476,119.30308758284664,0,1,0,0,0,0
4.2,10,23.9842120267436,56.49582538786116,0,1,0,0,0,0
4.2,10,23.52713411188066,89.39262039229854,0,1,0,0,0,0
4.2,10,23.57463130517465,141.07682318329458,0,1,0,0,0,0
4.2,10,24.156204843798577,172.62488384718085,0,1,0,0,0,0
4.2,10,24.1042792587382,190.1255406897863,0,1,0,0,0,0
4.2,10,23.746912211693083,531.1449472118136,0,1,0,0,0,0
4.2,10,23.90753636867673,234.6212838496077,0,1,0,0,0,0
4.2,10,23.931636831291502,242.3462626046213,0,1,0,0,0,0
4.2,10,24.025586367207925,49.6482261773561,0,1,0,0,0,0
4.2,10,23.76532294972789,87.35205894337838,0,1,0,0,0,0
4.2,10,24.051606651417668,50.70918931643571,0,1,0,0,0,0
4.2,10,23.833845099128517,41.50175387207327,0,1,0,0,0,0
4.2,10,23.813692359406115,45.52193033322545,0,1,0,0,0,0
4.2,10,23.793238504290144,45.93643107409793,0,1,0,0,0,0
4.2,10,23.953784275255888,9.454279351658084,0,1,0,0,0,0
4.2,10,23.62678701217348,245.81524950124705,0,1,0,0,0,0
4.2,10,23.85545137278822,88.87078504415545,0,0,0,1,0,1
4.2,10,23.474110103629133,16.421297550863546,0,1,0,0,0,0
4.2,10,23.587117657757968,190.01997829510816,0,1,0,0,0,0
4.2,10,23.64617597992913,66.54188029137103,0,1,0,0,0,0
4.2,10,23.747547515857384,92.88297699180112,0,1,0,0,0,0
4.2,10,23.32380472899452,138.931680885543,0,1,0,0,0,0
4.2,10,23.68553401914317,43.66191194056015,0,1,0,0,0,0
4.2,10,23.72592509808641,10.012622180216962,0,0,0,1,0,1
4.2,10,23.474991452244893,102.35028309612298,0,1,0,0,0,0
4.2,10,23.5369744944707,191.1641639205736,0,1,0,0,0,0
4.2,10,23.370235074476422,244.0278573321124,0,1,0,0,0,0
4.2,10,23.48484118377876,246.7179241602205,0,1,0,0,0,0
4.2,10,23.41880510537034,207.10653736112607,0,1,0,0,0,0
4.2,10,23.5912853376184,17.80462200996548,0,1,0,0,0,0
4.2,10,23.66261908923228,146.71645004646592,0,1,0,0,0,0
4.2,10,23.61241507067728,56.48156595115452,0,1,0,0,0,0
4.2,10,23.71779898552349,51.57047702449298,0,1,0,0,0,0
4.2,10,23.480855889457064,9.988348466384789,0,1,0,0,0,0
4.2,10,23.44285377849275,199.50162791304783,0,1,0,0,0,0
4.2,10,23.53819285900912,103.8950929163343,0,1,0,0,0,0
4.2,10,22.487384796832234,251.838675199694,0,1,0,0,0,0
4.2,10,22.697321799297185,217.75062539124173,0,1,0,0,0,0
4.2,10,22.571738690275744,408.31078458733657,0,1,0,0,0,0
4.2,10,22.532863797502,252.01843281488576,0,1,0,0,0,0
4.2,10,22.69473736719157,145.27030355970476,0,1,0,0,0,0
4.2,10,22.591756162596607,95.3148844064081,0,1,0,0,0,0
4.2,10,22.63064924957296,110.30188894761886,0,1,0,0,0,0
4.2,10,22.62193722989648,86.37789708518451,0,1,0,0,0,0
4.2,10,22.606473178727622,153.56652893413863,0,1,0,0,0,0
4.2,10,22.56921160438495,50.165926531953815,0,1,0,0,0,0
4.2,10,22.59472503573033,51.17887771223258,0,1,0,0,0,0
4.2,10,22.081119767342077,899.0035563781269,0,0,0,1,0,1
4.2,10,22.41330681889116,542.9756577682066,0,0,0,1,0,1
4.2,10,22.307960419679567,380.8873992987132,0,1,0,0,0,0
4.2,10,22.404276434776527,143.87816000950835,0,1,0,0,0,0
4.2,10,22.348767310773432,308.7702694699147,0,1,0,0,0,0
4.2,10,22.253813592459903,429.2024679520272,0,1,0,0,0,0
4.2,10,22.24109406286253,431.6016102903381,0,1,0,0,0,0
4.2,10,22.279629555567823,648.0568143586947,0,1,0,0,0,0
4.2,10,22.33458180784009,307.6580487134016,0,1,0,0,0,0
4.2,10,22.346176735598068,474.98918996679095,0,1,0,0,0,0
4.2,10,22.33058254767482,472.7345833647447,0,1,0,0,0,0
4.2,10,22.30237541044442,479.3197150857478,0,1,0,0,0,0
4.2,10,22.499333230874235,85.1044503882953,0,1,0,0,0,0
4.2,10,22.3666292981942,286.8522100470911,0,1,0,0,0,0
4.2,10,22.37761626038079,384.18212810651374,0,1,0,0,0,0
4.2,10,22.14628616442072,580.430312714662,0,1,0,0,0,0
4.2,10,22.135821706918243,326.0537625773193,0,1,0,0,0,0
4.2,10,22.219187041360136,333.3780281206402,0,1,0,0,0,0
4.2,10,22.51968533129374,786.0609490614431,0,1,0,0,0,0
4.2,10,22.712167333560487,295.5275314405337,0,1,0,0,0,0
4.2,10,22.749479039254755,404.6265890726759,0,1,0,0,0,0
4.2,10,22.735366808050053,403.7635116056796,0,1,0,0,0,0
4.2,10,22.71969421596494,402.7404886489337,0,1,0,0,0,0
4.2,10,22.730193733693188,365.6216884926444,0,1,0,0,0,0
4.2,10,22.7770598227989,323.96065858977124,0,1,0,0,0,0
4.2,10,22.616208584089588,271.1560083890394,0,1,0,0,0,0
4.2,10,22.62981419819671,271.5737051526084,0,1,0,0,0,0
4.2,10,22.644134715571667,271.9878234385009,0,1,0,0,0,0
4.2,10,23.03229825486489,659.0567543304383,0,1,0,0,0,0
4.2,10,23.026890212381456,435.2087073473136,0,1,0,0,0,0
4.2,10,22.475255494903717,478.6018740214645,0,1,0,0,0,0
4.2,10,22.30364240552981,406.4590318162548,0,1,0,0,0,0
4.2,10,22.413151749561266,199.26633250243444,0,1,0,0,0,0
4.2,10,22.805929191334965,406.1539597133449,0,0,0,1,0,1
4.2,10,22.46276720375077,50.231448552843375,0,1,0,0,0,0
4.2,10,22.333031733167555,492.7955557985834,0,1,0,0,0,0
4.2,10,22.54274152992505,144.18740635167208,0,1,0,0,0,0
4.2,10,22.58191984638288,136.13011329001966,0,1,0,0,0,0
4.2,10,22.621724938587025,193.9285186714241,0,1,0,0,0,0
4.2,10,22.896862483822733,159.56372194352153,0,1,0,0,0,0
4.2,10,22.88660866742287,201.26557865112315,0,1,0,0,0,0
4.2,10,22.89634579074808,199.4663043122431,0,1,0,0,0,0
4.2,10,22.92258491601413,151.25084609745494,0,1,0,0,0,0
4.2,10,22.904142198666573,349.0232773513684,0,1,0,0,0,0
4.2,10,23.13839223096397,383.0356055431566,0,1,0,0,0,0
4.2,10,22.299511029438715,361.8232614550508,0,1,0,0,0,0
4.2,10,22.70826656904416,85.30170104859621,0,1,0,0,0,0
4.2,10,22.037170827255565,1013.4040285346738,0,0,0,1,0,1
4.2,10,22.816267309396533,413.49496489928737,0,0,0,1,0,1
4.2,10,22.42274672168795,550.7597029039908,0,0,0,1,0,1
4.2,10,22.896826394177065,173.29270262121605,0,1,0,0,0,0
4.2,10,23.445864900266383,187.4060474542374,0,1,0,0,0,0
4.2,10,22.62655184952764,91.00239885488214,0,1,0,0,0,0
4.2,10,23.196985319464037,153.4419729117976,0,1,0,0,0,0
4.2,10,23.159254478105105,662.3621793417724,0,0,0,1,0,1
4.2,10,22.903124302402624,109.58342598796187,0,1,0,0,0,0
4.2,10,22.93139470626118,142.27085097726945,0,1,0,0,0,0
4.2,10,23.10231779151565,549.0119157076114,0,0,0,1,0,1
4.2,10,23.152720509254888,403.0195486695157,0,1,0,0,0,0
4.2,10,23.129222135356606,142.8172072570603,0,1,0,0,0,0
4.2,10,22.98204693914424,134.44169197583506,0,1,0,0,0,0
4.2,10,23.106418051574867,78.79435087787674,0,1,0,0,0,0
4.2,10,23.162351446040468,178.2257195390242,0,1,0,0,0,0
4.2,10,23.19259158590182,205.77528487920603,0,1,0,0,0,0
4.2,10,22.94052658323941,51.02395229273801,0,1,0,0,0,0
4.2,10,23.22291176255077,229.41595064700493,0,1,0,0,0,0
4.2,10,23.389909419174337,128.72217651300977,0,0,0,1,0,1
4.2,10,23.04301486022024,121.71001300373209,0,1,0,0,0,0
4.2,10,23.00782725459087,116.22869552595589,0,1,0,0,0,0
4.2,10,23.47752496304824,83.69186782408747,0,0,0,1,0,1
4.2,10,23.485529681661383,83.89559809916274,0,0,0,1,0,1
4.2,10,23.4453106430392,6.217325855061672,0,0,0,1,0,1
4.2,10,23.02155615997969,86.28834022873454,0,1,0,0,0,0
4.2,10,23.008204249872943,78.10920586011439,0,1,0,0,0,0
4.2,10,22.885312548936614,15.083537578835651,0,1,0,0,0,0
4.2,10,23.42327791636341,56.76679656268043,0,0,0,1,0,0
4.2,10,23.287877502271584,197.51045045341388,0,1,0,0,0,0
4.2,10,22.419354551057783,458.0099510924268,0,1,0,0,0,0
4.2,10,22.275306407999093,246.9136745595643,0,1,0,0,0,0
4.2,10,22.288624375102778,246.25136425183925,0,1,0,0,0,0
4.2,10,22.537035657604736,65.55453889122302,0,1,0,0,0,0
4.2,10,22.646311668232784,126.24410297353052,0,1,0,0,0,0
4.2,10,22.501126050508955,192.48538998425911,0,1,0,0,0,0
4.2,10,22.545805944267144,181.68164609045925,0,1,0,0,0,0
4.2,10,22.614526436321267,62.40315162211422,0,1,0,0,0,0
4.2,10,22.76005757258696,96.97052008513528,0,1,0,0,0,0
4.2,10,22.755721024439502,130.28210329027422,0,1,0,0,0,0
4.2,10,22.512945404156863,50.40398183719382,0,1,0,0,0,0
4.2,10,22.714394856918016,13.87086191970756,0,1,0,0,0,0
4.2,10,22.698461207328226,31.88140942087416,0,1,0,0,0,0
4.2,10,22.70543654178562,56.71530039759492,0,1,0,0,0,0
4.2,10,22.645590101905043,82.46417237983707,0,1,0,0,0,0
4.2,10,22.584288898657014,172.6161232170989,0,1,0,0,0,0
4.2,10,22.700555695473277,45.34640085010094,0,1,0,0,0,0
4.2,10,22.63652606486916,206.00641529141865,0,1,0,0,0,0
4.2,10,22.502247243730395,8.761477560805906,0,0,0,1,0,1
4.2,10,22.545248949171366,235.4621008947322,0,0,0,1,0,0
4.2,10,22.566136701807352,34.097650129589056,0,1,0,0,0,0
4.2,10,22.89211992440956,204.39995445533145,0,1,0,0,0,0
4.2,10,25.444205100760318,114.19768140748344,0,1,0,0,0,0
4.2,10,25.256342267574748,264.46540801503187,0,1,0,0,0,0
4.2,10,25.20710022663311,264.048287537012,0,1,0,0,0,0
4.2,10,25.38640711211578,187.88544109940167,0,1,0,0,0,0
4.2,10,25.14258059680669,11.87679803999491,0,1,0,0,0,0
4.2,10,25.42981849776983,205.6546404854465,0,1,0,0,0,0
4.2,10,25.39570463440098,140.57000709104057,0,1,0,0,0,0
4.2,10,24.820361666133163,244.053958616738,0,1,0,0,0,0
4.2,10,24.823649354981253,244.0464645110572,0,1,0,0,0,0
4.2,10,25.053357482140303,37.2979303025436,0,0,0,1,0,1
4.2,10,24.984312354492264,218.19755931096608,0,1,0,0,0,0
4.2,10,24.80132156087043,244.37461446846189,0,1,0,0,0,0
4.2,10,25.028966065472165,218.46507304616915,0,1,0,0,0,0
4.2,10,24.6732219699497,217.0606771164612,0,1,0,0,0,0
4.2,10,24.64992448060732,46.21531511347977,0,1,0,0,0,0
4.2,10,24.805593273069636,297.14263437022163,0,1,0,0,0,0
4.2,10,24.94151840907006,263.5920615424484,0,1,0,0,0,0
4.2,10,24.803006058228373,244.4583136930322,0,1,0,0,0,0
4.2,10,24.97388742481156,245.0317405459283,0,1,0,0,0,0
4.2,10,24.95423869880724,245.4708506287648,0,1,0,0,0,0
4.2,10,25.03066811802036,97.36997330728266,0,0,1,0,0,1
4.2,10,24.780001971730005,244.7156354122185,0,1,0,0,0,0
4.2,10,24.603703687750954,55.820994958328136,0,1,0,0,0,0
4.2,10,24.963063566832744,49.72883549286616,0,1,0,0,0,0
4.2,10,24.737768275431147,117.11829124722088,0,1,0,0,0,0
4.2,10,24.89694162690075,263.25188306202034,0,1,0,0,0,0
4.2,10,24.691918092149304,100.63249067870652,0,1,0,0,0,0
4.2,10,25.07664889295433,59.05191731219167,0,0,0,1,0,1
4.2,10,25.10640720869999,42.4550917675463,0,1,0,0,0,0
4.2,10,25.04546658986754,28.809513279536613,0,0,1,0,0,1
4.2,10,25.01802602055079,42.376746106207406,0,0,1,0,0,1
4.2,10,25.061404300711523,37.91031307075006,0,0,1,0,0,1
4.2,10,25.262778773512327,200.76320128289424,0,1,0,0,0,0
4.2,10,25.28019419406552,185.4945895445284,0,1,0,0,0,0
4.2,10,25.03492643139982,672.453239885764,0,1,0,0,0,0
4.2,10,24.214880026871832,309.4935534607309,0,1,0,0,0,0
4.2,10,24.70953360739783,636.2030794264614,0,0,1,0,0,1
4.2,10,24.71553549319427,732.246931114232,0,0,1,0,0,1
4.2,10,25.130964112984245,239.92838405783965,0,1,0,0,0,0
4.2,10,25.128740791092863,224.9446722683999,0,1,0,0,0,0
4.2,10,25.0913478153671,240.24064689098373,0,1,0,0,0,0
4.2,10,25.11190750228876,240.0826645383587,0,1,0,0,0,0
4.2,10,25.06151949649898,166.91708859424784,0,1,0,0,0,0
4.2,10,25.11818637157907,10.471565364424976,0,1,0,0,0,0
4.2,10,24.035877362184888,471.41808301673024,0,1,0,0,0,0
4.2,10,24.118934834748345,361.0621158602297,0,1,0,0,0,0
4.2,10,24.208515181216743,1075.3079286565464,0,1,0,0,0,0
4.2,10,24.019035956152223,186.10210107427443,0,1,0,0,0,0
4.2,10,23.81781082245762,694.6583876890359,0,1,0,0,0,0
4.2,10,24.11919943279415,378.0426131970976,0,1,0,0,0,0
4.2,10,24.381129878148396,119.41566520055883,0,0,1,0,0,1
4.2,10,24.243364839012123,84.35476600898936,0,1,0,0,0,0
4.2,10,24.194957433097837,83.36086563371009,0,1,0,0,0,0
4.2,10,24.285192266279434,80.70698102358016,0,1,0,0,0,0
4.2,10,24.31076245139518,55.8456231869791,0,1,0,0,0,0
4.2,10,24.33040737794021,39.6652556649684,0,1,0,0,0,0
4.2,10,24.304912348073984,11.539202773204668,0,1,0,0,0,0
4.2,10,24.20212128858217,52.848772194566536,0,1,0,0,0,0
4.2,10,24.14619312608445,83.17533190158613,0,1,0,0,0,0
4.2,10,24.103039166407136,58.82771953112463,0,1,0,0,0,0
4.2,10,24.06559849555649,51.86447017515467,0,1,0,0,0,0
4.2,10,24.09906212074134,106.79806249070587,0,1,0,0,0,0
4.2,10,24.262954807078348,81.37409394987117,0,1,0,0,0,0
4.2,10,24.153834806722543,53.30286676954589,0,1,0,0,0,0
4.2,10,24.54895436594691,31.446319879088392,0,1,0,0,0,0
4.2,10,24.36357730556289,18.29788639912347,0,1,0,0,0,0
4.2,10,24.34121631826957,33.31829643257721,0,1,0,0,0,0
4.2,10,24.422974618834264,14.335754367552674,0,0,1,0,0,0
4.2,10,24.33688592382016,12.850819625794609,0,0,1,0,0,0
4.2,10,23.58749258309741,79.99959880240341,0,1,0,0,0,0
4.2,10,23.5594259010967,95.5802322725434,0,1,0,0,0,0
4.2,10,23.591042678373068,51.44174600138202,0,1,0,0,0,0
4.2,10,23.74471215980367,289.4619074271157,0,1,0,0,0,0
4.2,10,23.56085563603124,512.1019317233206,0,1,0,0,0,0
4.2,10,23.74503659030289,329.4826849836558,0,0,1,0,0,1
4.2,10,23.60875117730167,76.32715277615408,0,1,0,0,0,0
4.2,10,23.273187025624487,28.85627074171481,0,1,0,0,0,0
4.2,10,23.372016359655767,96.62822442698148,0,1,0,0,0,0
4.2,10,23.36736811178274,28.9556733349078,0,1,0,0,0,0
4.2,10,23.47348376770785,27.84221241386296,0,1,0,0,0,0
4.2,10,23.441330340956835,50.54421960735315,0,1,0,0,0,0
4.2,10,23.51794382994652,292.8785626209772,0,1,0,0,0,0
4.2,10,23.666353205015188,23.03851182479792,0,1,0,0,0,0
4.2,10,23.62393658833304,49.46851428316447,0,1,0,0,0,0
4.2,10,23.734091103066863,44.5554203876351,0,1,0,0,0,0
4.2,10,23.67326104839895,27.23368004957509,0,1,0,0,0,0
4.2,10,23.65318436007748,23.24948346144852,0,1,0,0,0,0
4.2,10,23.6587456606166,27.205277085523605,0,1,0,0,0,0
4.2,10,23.77535777750727,62.58313720886182,0,1,0,0,0,0
4.2,10,23.712505781021857,47.55029301516164,0,1,0,0,0,0
4.2,10,23.633015732486943,100.2772670813651,0,1,0,0,0,0
4.2,10,22.9987896776899,893.1541605066424,0,1,0,0,0,0
4.2,10,23.228787474650005,487.2970117754178,0,1,0,0,0,0
4.2,10,24.083927374173463,570.0560839355832,0,0,1,0,0,1
4.2,10,23.459670417950235,818.114634637849,0,0,0,1,0,0
4.2,10,23.29151440088326,221.8338571895152,0,1,0,0,0,0
4.2,10,23.07435565936664,406.3657136786584,0,1,0,0,0,0
4.2,10,24.08612799591509,611.7397390899404,0,1,0,0,0,0
4.2,10,24.13212588153451,130.50191867408162,0,1,0,0,0,0
4.2,10,24.075481124197392,106.87651003869236,0,1,0,0,0,0
4.2,10,23.26428759627589,597.6456141687039,0,1,0,0,0,0
4.2,10,23.29186054211588,982.1445564370172,0,0,1,0,0,1
4.2,10,23.345574596741702,862.1747160565099,0,1,0,0,0,0
4.2,10,24.076629807516674,562.8242443444443,0,0,1,0,0,1
4.2,10,23.28166423048407,980.5873583570118,0,0,1,0,0,1
4.2,10,23.556678659464342,471.8841836527543,0,1,0,0,0,0
4.2,10,23.56513277410122,319.44948590111886,0,1,0,0,0,0
4.2,10,24.043526512053752,80.66939676464774,0,1,0,0,0,0
4.2,10,23.74769326599921,729.7013711902121,0,1,0,0,0,0
4.2,10,23.79847342467651,413.97819468045066,0,1,0,0,0,0
4.2,10,23.72187151554183,470.75391214852135,0,1,0,0,0,0
4.2,10,23.72366710018984,90.99690791030886,0,1,0,0,0,0
4.2,10,23.632433933251605,291.15854519198734,0,1,0,0,0,0
4.2,10,23.09414827042476,202.379036466918,0,1,0,0,0,0
4.2,10,23.0668771809327,160.24613937278292,0,1,0,0,0,0
4.2,10,23.201782837880728,207.16539591749145,0,1,0,0,0,0
4.2,10,23.0592680621056,342.079427816233,0,1,0,0,0,0
4.2,10,23.0048134017998,176.3825255987698,0,1,0,0,0,0
4.2,10,22.99460410667761,109.98889515752528,0,1,0,0,0,0
4.2,10,23.986674165671385,69.90859397516445,0,1,0,0,0,0
4.2,10,24.009593594425144,817.462368836812,0,1,0,0,0,0
4.2,10,23.811202255478737,89.70860605890148,0,1,0,0,0,0
4.2,10,23.762053595030004,73.93220039562287,0,1,0,0,0,0
4.2,10,24.00027092073832,96.43822521934496,0,1,0,0,0,0
4.2,10,23.823420683605416,120.37671831563196,0,1,0,0,0,0
4.2,10,23.78592851162484,135.17065698416746,0,1,0,0,0,0
4.2,10,23.84831228449019,45.03329584849755,0,1,0,0,0,0
4.2,10,23.83121153405374,91.6865128817842,0,1,0,0,0,0
4.2,10,23.40047572651836,367.4650814826636,0,1,0,0,0,0
4.2,10,23.25173150856432,50.54223865034507,0,1,0,0,0,0
4.2,10,23.320594104535036,260.80379045887673,0,1,0,0,0,0
4.2,10,23.293023760668238,573.9386975330156,0,1,0,0,0,0
4.2,10,23.404914071232387,144.33908526238798,0,1,0,0,0,0
4.2,10,23.48723743895185,300.36938202901746,0,1,0,0,0,0
4.2,10,23.63261136785335,102.01738217256316,0,1,0,0,0,0
4.2,10,23.187475525749083,305.91097547168613,0,1,0,0,0,0
4.2,10,23.11052235770165,69.41577018038316,0,1,0,0,0,0
4.2,10,22.648410831809965,134.90154119866236,0,1,0,0,0,0
4.2,10,22.6964523762611,132.05918250868115,0,1,0,0,0,0
4.2,10,23.054180881080026,30.22986281338782,0,1,0,0,0,0
4.2,10,22.874719965303715,91.00218908685709,0,1,0,0,0,0
4.2,10,22.9081996657627,28.26913731630865,0,1,0,0,0,0
4.2,10,22.970092693045377,46.5828831172477,0,1,0,0,0,0
4.2,10,22.87692438698856,147.37931221445731,0,1,0,0,0,0
4.2,10,22.873902285518103,324.776723723229,0,1,0,0,0,0
4.2,10,23.09304222466783,203.9755409177465,0,1,0,0,0,0
4.2,10,22.804627175100787,78.19758455998179,0,0,1,0,0,1
4.2,10,22.74179207815305,54.16969615113719,0,0,1,0,0,1
4.2,10,22.76337903417789,27.76453652823825,0,0,1,0,0,1
4.2,10,22.81258351918719,75.69114509622894,0,0,1,0,0,1
4.2,10,22.61925486543068,21.03902005078229,0,1,0,0,0,0
4.2,10,22.622869498848083,4.132342319004735,0,1,0,0,0,0
4.2,10,22.617217653821747,1.8744537752159347,0,1,0,0,0,0
4.2,10,23.23615961088345,133.03650926439838,0,1,0,0,0,0
4.2,10,23.180436062873888,25.57034603595447,0,1,0,0,0,0
4.2,10,23.277183006827165,168.4516590557837,0,1,0,0,0,0
4.2,10,23.02867412107614,23.427677842640943,0,1,0,0,0,0
4.2,10,23.126639188955384,26.08679394718236,0,1,0,0,0,0
4.2,10,22.939097711846134,72.69867829422496,0,1,0,0,0,0
4.2,10,23.224941962225014,51.1190504263312,0,1,0,0,0,0
4.2,10,22.98721636385213,63.88091430830356,0,1,0,0,0,0
4.2,10,22.221456878161337,233.8629467635245,0,1,0,0,0,0
4.2,10,22.14533904871709,49.584599704234,0,1,0,0,0,0
4.2,10,22.034391658753467,47.27535797076176,0,1,0,0,0,0
4.2,10,22.24534358162177,245.62067230764188,0,1,0,0,0,0
4.2,10,22.111487207270567,42.163342673176174,0,1,0,0,0,0
4.2,10,22.336922483771986,244.9548186485173,0,1,0,0,0,0
4.2,10,22.53723636620761,92.40428493856724,0,1,0,0,0,0
4.2,10,22.37273691730658,119.77197107711746,0,1,0,0,0,0
4.2,10,22.309597981186872,125.21371390299556,0,1,0,0,0,0
4.2,10,22.44472311773018,61.25161546569736,0,1,0,0,0,0
4.2,10,22.38198144167512,43.2535597212823,0,1,0,0,0,0
4.2,10,22.380694950933734,98.70249495381726,0,1,0,0,0,0
4.2,10,22.280024165885088,279.09398025829216,0,0,0,1,0,0
4.2,10,22.32091187533255,93.08453897350836,0,1,0,0,0,0
4.2,10,22.212525354282075,56.627548840093255,0,1,0,0,0,0
4.2,10,22.22779429723125,340.27747462200284,0,1,0,0,0,0
4.2,10,22.284241483405285,88.80970041827598,0,1,0,0,0,0
4.2,10,22.59941393505752,69.13151400047118,0,1,0,0,0,0
4.2,10,22.18495626131562,1113.8511541118462,0,0,1,0,0,1
4.2,10,21.59321872570629,365.64058158029206,0,1,0,0,0,0
4.2,10,21.77460043251225,267.96018620176386,0,1,0,0,0,0
4.2,10,22.592154624854555,365.1871400956596,0,1,0,0,0,0
4.2,10,21.97859255157332,689.4027669901633,0,1,0,0,0,0
4.2,10,21.937730057293603,636.0539900092799,0,1,0,0,0,0
4.2,10,21.956418690524448,567.9755112173814,0,1,0,0,0,0
4.2,10,21.923538616925903,575.3128646854993,0,1,0,0,0,0
4.2,10,21.910615810247027,574.7529353104052,0,1,0,0,0,0
4.2,10,21.879768894654045,540.1669721257488,0,1,0,0,0,0
4.2,10,21.817092669050947,436.8499428942665,0,1,0,0,0,0
4.2,10,22.04484980696034,695.9560480267629,0,1,0,0,0,0
4.2,10,22.057734743257985,577.6698545616057,0,1,0,0,0,0
4.2,10,22.190236176411357,335.22960069142937,0,1,0,0,0,0
4.2,10,22.02838866835689,696.1786365277121,0,1,0,0,0,0
4.2,10,22.012758808533302,696.3421948597148,0,1,0,0,0,0
4.2,10,22.502946297347997,371.1215325833661,0,1,0,0,0,0
4.2,10,22.489448320311297,308.45263110990464,0,1,0,0,0,0
4.2,10,22.503036848317027,309.0971036729504,0,1,0,0,0,0
4.2,10,22.61921413334617,395.3833305671154,0,1,0,0,0,0
4.2,10,22.573702214275286,269.850851830783,0,1,0,0,0,0
4.2,10,22.58748069649155,270.0867376542883,0,1,0,0,0,0
4.2,10,22.634060969260663,202.95513702110767,0,1,0,0,0,0
4.2,10,21.858334833321237,480.5993067445032,0,1,0,0,0,0
4.2,10,22.25851133083717,677.0056827811665,0,1,0,0,0,0
4.2,10,22.567356580685853,294.09364391176683,0,1,0,0,0,0
4.2,10,21.69682276384575,236.5121894100809,0,1,0,0,0,0
4.2,10,22.166920768999955,215.92521397608635,0,1,0,0,0,0
4.2,10,21.736841233020744,85.58510939368301,0,1,0,0,0,1
4.2,10,22.458626988757327,1140.9176808463385,0,1,0,0,0,0
4.2,10,21.82016300913979,107.5512141636794,0,1,0,0,0,0
4.2,10,22.90866031821897,1089.568008853888,0,1,0,0,0,0
4.2,10,22.94259605450449,334.59848703598726,0,1,0,0,0,0
4.2,10,21.839909023626976,28.385297681192583,0,1,0,0,0,0
4.2,10,21.941855259505548,567.1465731811318,0,1,0,0,0,0
4.2,10,21.87704201331433,92.74746145535966,0,1,0,0,0,0
4.2,10,22.41372584104324,228.36961989001304,0,1,0,0,0,0
4.2,10,22.579524152862348,254.70050304578703,0,1,0,0,0,0
4.2,10,22.021841394105028,1016.9636271395376,0,1,0,0,0,0
4.2,10,22.2756273509966,85.68664356395496,0,1,0,0,0,0
4.2,10,22.446278413905308,177.29661764545756,0,1,0,0,0,0
4.2,10,21.856394296112367,47.89412665502419,0,1,0,0,0,0
4.2,10,22.203633385505743,1145.0665308117518,0,0,1,0,0,1
4.2,10,22.30605933967141,207.8307273507556,0,1,0,0,0,0
4.2,10,21.9084224499543,159.94714305144652,0,1,0,0,0,0
4.2,10,21.800022252030576,99.44559028889792,0,1,0,0,0,0
4.2,10,22.834882892811905,255.5463066665477,0,1,0,0,0,0
4.2,10,22.69353173831245,90.99704585081024,0,1,0,0,0,0
4.2,10,22.85606432344768,196.00788780873137,0,1,0,0,0,0
4.2,10,22.20503255761715,167.35995366540533,0,1,0,0,0,0
4.2,10,22.2395857377286,167.19934341308138,0,1,0,0,0,0
4.2,10,22.165996983042856,96.6416411710695,0,1,0,0,0,0
4.2,10,22.51909073530777,274.6637791082936,0,1,0,0,0,0
4.2,10,23.058584559416865,137.04688419445134,0,1,0,0,0,0
4.2,10,22.46394929317195,34.03305275747826,0,1,0,0,0,0
4.2,10,22.558831534847915,156.76323288004022,0,1,0,0,0,0
4.2,10,22.5550348834777,158.00689483772993,0,1,0,0,0,0
4.2,10,22.68398832286473,279.2471374684297,0,1,0,0,0,0
4.2,10,22.59511832644357,626.182626684892,0,1,0,0,0,0
4.2,10,22.7768883896822,150.37827278922424,0,1,0,0,0,0
4.2,10,22.71495006125321,319.6097773391808,0,1,0,0,0,0
4.2,10,22.547323027429165,174.6947073483496,0,1,0,0,0,0
4.2,10,22.86677627525204,182.8723706910952,0,1,0,0,0,0
4.2,10,22.964202102363217,95.1571781591655,0,1,0,0,0,0
4.2,10,22.89596578858591,159.32359621683574,0,1,0,0,0,0
4.2,10,22.636205142338948,209.25018675548927,0,1,0,0,0,0
4.2,10,22.460524163464623,109.22252663560889,0,1,0,0,0,0
4.2,10,23.051510794209797,109.03418795763196,0,1,0,0,0,0
4.2,10,22.98363439701301,32.15380230084201,0,1,0,0,0,0
4.2,10,22.987782468478542,32.64770777076064,0,1,0,0,0,0
4.2,10,22.031745330999364,436.8478465019308,0,1,0,0,0,0
4.2,10,22.178816225157536,227.23487085076584,0,1,0,0,0,0
4.2,10,21.88196695709657,172.99903700253435,0,1,0,0,0,0
4.2,10,22.209193335069465,351.6862373132372,0,1,0,0,0,0
4.2,10,22.258721038133285,74.6131035105682,0,1,0,0,0,0
4.2,10,22.297693544010777,69.68496070580233,0,1,0,0,0,0
4.2,10,22.210799025822908,54.07112144871091,0,1,0,0,0,0
4.2,10,22.338634950413105,31.937224619393817,0,1,0,0,0,0
4.2,10,22.263411681324182,58.312806664206775,0,1,0,0,0,0
4.2,10,22.25067287960199,27.015194739222224,0,1,0,0,0,0
4.2,10,22.23966682680769,56.576996081587126,0,1,0,0,0,0
4.2,10,22.41778777781819,94.2362656584272,0,1,0,0,0,0
4.2,10,22.33338634485523,171.77667932183692,0,1,0,0,0,0
4.2,10,22.076005341840915,204.0842378773952,0,1,0,0,0,0
4.2,10,22.00930489551492,43.69911319642008,0,1,0,0,0,0
4.2,10,21.991782124648733,189.8703311806244,0,1,0,0,0,0
4.2,10,21.806505974093508,54.31677016947778,0,1,0,0,0,0
4.2,10,21.990187360286797,48.98321932558042,0,1,0,0,0,0
4.2,10,22.129546657350527,72.76683553684448,0,1,0,0,0,0
4.2,10,22.031339797600637,51.5365677994661,0,1,0,0,0,0
4.2,10,22.016108614100432,70.68655401911838,0,1,0,0,0,0
4.2,10,21.988312653897488,64.46686456253659,0,1,0,0,0,0
4.2,10,22.010300288389026,429.2517245917204,0,1,0,0,0,0
4.2,10,21.850909191572185,102.23043812250414,0,1,0,0,0,0
4.2,10,21.88359909326388,109.06679987004642,0,1,0,0,0,0
4.2,10,21.877406995447544,98.95604632474436,0,1,0,0,0,0
4.2,10,22.03535469595328,265.5589038451527,0,1,0,0,0,0
4.2,10,22.126068489243423,93.43806129677138,0,1,0,0,0,0
4.2,10,22.161148255638015,47.15578175262618,0,1,0,0,0,0
4.2,10,22.442313947068364,118.90692154529977,0,1,0,0,0,0
4.2,10,23.62208880478204,225.8528041125306,0,1,0,0,0,0
4.2,10,23.613937430759297,294.9915888447813,0,1,0,0,0,0
4.2,10,23.686552772721875,334.3188553864758,0,1,0,0,0,0
4.2,10,23.683874405185936,334.25934238511206,0,1,0,0,0,0
4.2,10,23.723843075024455,484.12736014571175,0,1,0,0,0,0
4.2,10,23.869634328908216,137.20560945840853,0,1,0,0,0,0
4.2,10,24.00497441809685,55.26479310489457,0,1,0,0,0,0
4.2,10,24.197382991157912,30.49501813572552,0,1,0,0,0,0
4.2,10,24.157086703749464,29.897726358552905,0,1,0,0,0,0
4.2,10,23.03310339043248,132.6131311872752,0,1,0,0,0,0
4.2,10,23.21373488739244,105.0392858119681,0,1,0,0,0,0
4.2,10,23.27780697751501,98.27573106947344,0,1,0,0,0,0
4.2,10,23.279281658779613,64.70010271962805,0,1,0,0,0,0
4.2,10,23.110982657059218,233.9750525527384,0,1,0,0,0,0
4.2,10,22.92167860988269,87.11285656179797,0,1,0,0,0,0
4.2,10,22.92767643780105,174.23070939831797,0,1,0,0,0,0
4.2,10,22.85830957930076,228.9196339526829,0,1,0,0,0,0
4.2,10,22.831833441853835,169.1001715315453,0,1,0,0,0,0
4.2,10,22.88644856975062,93.56340075340478,0,1,0,0,0,0
4.2,10,23.16160310763467,183.8928496966549,0,1,0,0,0,0
4.2,10,23.23172095752968,66.19700954893409,0,1,0,0,0,0
4.2,10,23.24295416889153,55.09770643770992,0,1,0,0,0,0
4.2,10,22.33698172615483,1666.867129286341,0,1,0,0,0,0
4.2,10,23.487689924203437,1399.4804229315232,0,1,0,0,0,0
4.2,10,22.78409862174108,333.8340435495894,0,1,0,0,0,0
4.2,10,22.849832308738826,383.58892752570847,0,1,0,0,0,0
4.2,10,23.28355018458401,508.8844278715315,0,1,0,0,0,0
4.2,10,22.823669373317344,121.112029339171,0,1,0,0,0,0
4.2,10,23.5807968616262,443.8545801027623,0,1,0,0,0,0
4.2,10,23.806258412529893,581.6741161068556,0,1,0,0,0,0
4.2,10,23.372196850935318,166.6042923485657,0,1,0,0,0,0
4.2,10,23.12519371318007,198.6452255996302,0,1,0,0,0,0
4.2,10,22.31395312179796,1767.6873942557947,0,1,0,0,0,0
4.2,10,22.766915682926246,132.7599672614834,0,1,0,0,0,0
4.2,10,23.6307629890636,252.67727933025728,0,1,0,0,0,0
4.2,10,23.499810072018462,74.4205621001059,0,1,0,0,0,0
4.2,10,23.40118047313451,50.24925123891645,0,1,0,0,0,0
4.2,10,23.79824713067239,143.31582057038375,0,1,0,0,0,0
4.2,10,23.05034772952271,86.71843425810566,0,1,0,0,0,0
4.2,10,22.93663130516364,102.514529610439,0,1,0,0,0,0
4.2,10,22.96207326016708,140.1156180099101,0,1,0,0,0,0
4.2,10,22.891310703315163,127.91191613038254,0,1,0,0,0,0
4.2,10,23.078491239206095,165.3455584482181,0,1,0,0,0,0
4.2,10,22.733531872835652,368.9956686512016,0,1,0,0,0,0
4.2,10,22.76469038956156,209.39629280997147,0,1,0,0,0,0
4.2,10,22.56027471672,370.2095808821495,0,1,0,0,0,0
4.2,10,22.61075619362872,324.296997365628,0,1,0,0,0,0
4.2,10,22.16734415160276,113.74817273186736,0,1,0,0,0,0
4.2,10,22.725326139259327,98.67412922181956,0,1,0,0,0,0
4.2,10,22.726688858280085,113.6759414702521,0,1,0,0,0,0
4.2,10,22.60607693022532,134.31002521203362,0,1,0,0,0,0
4.2,10,22.582499779021838,136.91314480595824,0,1,0,0,0,0
4.2,10,22.50899550903069,86.94743254246251,0,1,0,0,0,0
4.2,10,22.49500315927461,98.19253648205284,0,1,0,0,0,0
4.2,10,22.448658626570907,68.30131320257374,0,1,0,0,0,0
4.2,10,22.46626965204276,200.4534789408692,0,1,0,0,0,0
4.2,10,22.480719907271496,38.43539556738425,0,1,0,0,0,0
4.2,10,22.411969286528443,149.37861789200838,0,1,0,0,0,0
4.2,10,22.31995189871832,160.62148321739795,0,1,0,0,0,0
4.2,10,22.34843081097693,139.12628009981336,0,1,0,0,0,0
4.2,10,22.34412238951083,52.150372511659896,0,1,0,0,0,0
4.2,10,22.336850758456425,84.40535952287763,0,1,0,0,0,0
4.2,10,22.31126639671686,83.54417794126374,0,1,0,0,0,0
4.2,10,22.28431005606533,86.48292994224903,0,1,0,0,0,0
4.2,10,22.24143276189449,36.567474265974994,0,1,0,0,0,0
4.2,10,22.781307875446934,244.4607534056381,0,1,0,0,0,0
4.2,10,22.66503013499064,52.653878975892674,0,1,0,0,0,0
4.2,10,22.77300141666434,62.063408012176495,0,1,0,0,0,0
4.2,10,22.283673767157552,122.58372350402496,0,1,0,0,0,0
4.2,10,22.34278772918497,87.34605639498929,0,1,0,0,0,0
4.2,10,22.24419991434517,107.15647088968042,0,1,0,0,0,0
4.2,10,22.27556641269376,81.80447136516437,0,1,0,0,0,0
4.2,10,22.547671604461502,86.38225410200425,0,1,0,0,0,0
4.2,10,21.74557832056657,302.3018674521137,0,1,0,0,0,0
4.2,10,22.14457186272676,546.370636363513,0,1,0,0,0,0
4.2,10,21.837575275060185,232.41995961876432,0,1,0,0,0,0
4.2,10,21.97955248101478,286.22677264435004,0,1,0,0,0,0
4.2,10,21.80012825443291,77.05004157664705,0,1,0,0,0,0
4.2,10,21.775447238310257,218.62910806704105,0,1,0,0,0,0
4.2,10,21.630593446808355,173.98134798136016,0,1,0,0,0,0
4.2,10,21.78965962344283,134.29161323846492,0,1,0,0,0,0
4.2,10,21.794805517560373,43.46660680425987,0,1,0,0,0,0
4.2,10,21.764691619469115,32.371081373428936,0,1,0,0,0,0
4.2,10,21.669017356069503,213.1296943017576,0,1,0,0,0,0
4.2,10,21.97017576457489,217.695915441297,0,1,0,0,0,0
4.2,10,22.00515220840248,216.6606995641929,0,1,0,0,0,0
4.2,10,21.92792529907726,188.7283200662565,0,1,0,0,0,0
4.2,10,22.153396934389217,211.3973574238922,0,1,0,0,0,0
4.2,10,22.136977640940607,141.25025746506358,0,1,0,0,0,0
4.2,10,22.057943952815386,51.24764635763868,0,1,0,0,0,0
4.2,10,21.9444142684341,98.48020469036484,0,1,0,0,0,0
4.2,10,21.794875345340056,227.48866528464083,0,1,0,0,0,0
4.2,10,21.77278587320298,359.3199554456741,0,1,0,0,0,0
4.2,10,21.840109999119225,88.83506379673443,0,1,0,0,0,0
4.2,10,21.753866703613053,85.52318047654609,0,1,0,0,0,0
4.2,10,21.76338544007327,22.1184038716978,0,1,0,0,0,0
4.2,10,21.96885424894602,156.82523020824732,0,1,0,0,0,0
4.2,10,21.47228510105965,209.7314551438328,0,1,0,0,0,0
4.2,10,21.844898520941168,246.58223885429328,0,1,0,0,0,0
4.2,10,22.347155975655625,718.3158894313178,0,1,0,0,0,0
4.2,10,22.399345236073582,874.9779021833535,0,1,0,0,0,0
4.2,10,21.52991984151213,212.91805755464927,0,1,0,0,0,0
4.2,10,22.149586496465982,91.39924333169732,0,0,0,1,0,0
4.2,10,22.48198050040844,299.25719496125475,0,1,0,0,0,0
4.2,10,22.61214790593821,201.11827346174968,0,1,0,0,0,0
4.2,10,22.296493380708803,957.7411175236568,0,1,0,0,0,0
4.2,10,21.447818454083897,262.7393162901635,0,1,0,0,0,0
4.2,10,21.98592604725823,485.28155880726416,0,1,0,0,0,0
4.2,10,21.42109004014372,274.0379877475513,0,1,0,0,0,0
4.2,10,21.49360320195343,143.38068989903758,0,1,0,0,0,0
4.2,10,21.49264733201413,138.42178288863644,0,1,0,0,0,0
4.2,10,21.497849999314813,172.81028675317953,0,1,0,0,0,0
4.2,10,21.53294020612056,290.3269745079592,0,1,0,0,0,0
4.2,10,22.64954966457055,106.8202283926314,0,1,0,0,0,0
4.2,10,22.62908151323283,40.22587196871698,0,1,0,0,0,0
4.2,10,21.651717971303363,191.6921386756426,0,1,0,0,0,0
4.2,10,21.488221159339705,110.298168850794,0,1,0,0,0,0
4.2,10,22.252216670556383,184.7610651392932,0,1,0,0,0,0
4.2,10,21.830426019977335,137.15988187039943,0,1,0,0,0,0
4.2,10,22.203029708042976,186.27097684509425,0,1,0,0,0,0
4.2,10,22.23953600578407,332.4428080119421,0,1,0,0,0,0
4.2,10,22.47114631870948,131.6636061750469,0,1,0,0,0,0
4.2,10,22.531863811595088,158.64067994312478,0,1,0,0,0,0
4.2,10,22.14568820492151,41.13517698292804,0,0,0,1,0,0
4.2,10,22.54723331340077,27.239387207181856,0,1,0,0,0,0
4.2,10,22.57022515696552,45.576067567607886,0,1,0,0,0,0
4.2,10,22.601358960729687,39.87222935105243,0,1,0,0,0,0
4.2,10,22.5494739057442,103.41198378229682,0,1,0,0,0,0
4.2,10,22.128231835114367,129.62104274640265,0,1,0,0,0,0
4.2,10,22.143699472109613,135.15079985293303,0,1,0,0,0,0
4.2,10,22.146575883210588,59.292377667343935,0,1,0,0,0,0
4.2,10,22.59264201278097,45.51053735390912,0,1,0,0,0,0
4.2,10,22.48125564780135,122.73569008734674,0,1,0,0,0,0
4.2,10,21.65781991348712,545.6584502390508,0,1,0,0,0,0
4.2,10,21.99087505934878,110.7998723156258,0,1,0,0,0,0
4.2,10,21.50529116328098,169.06587049405948,0,1,0,0,0,0
4.2,10,21.555354058833007,169.38606225186305,0,1,0,0,0,0
4.2,10,21.678676554260548,194.5038240019829,0,1,0,0,0,0
4.2,10,21.97575067136407,164.48167048461193,0,1,0,0,0,0
4.2,10,21.56448218056464,51.02466024302288,0,1,0,0,0,0
4.2,10,21.54867527330488,130.6360883646542,0,1,0,0,0,0
4.2,10,21.496436538323284,58.05206428985675,0,1,0,0,0,0
4.2,10,21.835262961589173,308.24564125887184,0,1,0,0,0,0
4.2,10,21.71284603790477,101.4975264230138,0,1,0,0,0,0
4.2,10,21.620466764642984,172.07136509935782,0,1,0,0,0,0
4.2,10,21.58419320724329,181.685717946981,0,1,0,0,0,0
4.2,10,21.9735836995964,162.2455291536184,0,1,0,0,0,0
4.2,10,21.99650836318648,108.3752301610993,0,1,0,0,0,0
4.2,10,21.93413215930595,110.2637172527019,0,1,0,0,0,0
4.2,10,21.795353978473432,206.7106326381937,0,1,0,0,0,0
4.2,10,21.91035809574574,86.7979376149772,0,1,0,0,0,0
4.2,10,24.092546183245805,503.8856262904735,0,1,0,0,0,0
4.2,10,24.031520433513048,173.08829512805153,0,1,0,0,0,0
4.2,10,24.197120009130412,96.02388977517344,0,1,0,0,0,0
4.2,10,23.47587363615092,614.173819587889,0,1,0,0,0,0
4.2,10,22.905882705278174,260.62023440777347,0,1,0,0,0,0
4.2,10,22.463544088409005,450.3289130201844,0,0,0,1,0,0
4.2,10,22.21730538866058,147.92426474750943,0,0,0,1,0,0
4.2,10,22.562229495200416,172.89042491637522,0,1,0,0,0,0
4.2,10,22.08277998022422,603.303605923747,0,1,0,0,0,0
4.2,10,21.681778985985517,559.3186672983068,0,1,0,0,0,0
4.2,10,21.91559971254605,288.44226930032187,0,1,0,0,0,0
4.2,10,19.96261353471496,1551.2810007385287,0,1,0,0,0,0
4.2,10,18.15521536105684,6323.53534976653,0,0,0,1,0,0
4.2,10,22.85483228901988,207.3395335873389,0,1,0,0,0,0
4.2,10,21.30834532785181,315.0799049298802,0,1,0,0,0,0
4.2,10,21.40020145089833,174.18991059376975,0,1,0,0,0,0
4.2,10,21.387750927439264,168.79104318281844,0,1,0,0,0,0
4.2,10,22.525745332426443,338.91539867889986,0,1,0,0,0,0
4.2,10,21.390748411603084,997.6156886305278,0,1,0,0,0,0
4.2,10,20.96865552205177,585.0426686455694,0,0,0,1,0,0
4.2,10,20.66771057235101,448.39062579001,0,1,0,0,0,0
4.2,10,20.6368364966134,297.0186360524183,0,1,0,0,0,0
4.2,10,20.447436068031344,351.3298038360153,0,1,0,0,0,0
4.2,10,20.45558180090434,1043.6146125061075,0,1,0,0,0,0
4.2,10,20.5064447648046,266.46329959554686,0,1,0,0,0,0
4.2,10,20.30828033124582,152.87051309941165,0,1,0,0,0,0
4.2,10,20.21564872779597,48.23436522752555,0,1,0,0,0,0
4.2,10,20.352297218071943,145.75905764797676,0,1,0,0,0,0
4.2,10,20.70032030191956,574.0222567871773,0,1,0,0,0,0
4.2,10,20.774542771735774,462.6985561103636,0,1,0,0,0,0
4.2,10,20.889056391786184,143.78908318548562,0,1,0,0,0,0
4.2,10,20.92204022520525,116.618385097975,0,1,0,0,0,0
4.2,10,20.47231406950057,109.66209422114962,0,1,0,0,0,0
4.2,10,20.35931627583769,178.05362514009795,0,1,0,0,0,0
4.2,10,20.219836984241272,94.9799257066089,0,1,0,0,0,0
4.2,10,21.049730362111266,407.2961524764308,0,1,0,0,0,1
4.2,10,21.3660737962757,166.87428003823243,0,1,0,0,0,0
4.2,10,21.352093432047106,164.69563476836967,0,1,0,0,0,0
4.2,10,21.318661121567445,151.8044452301573,0,1,0,0,0,0
4.2,10,21.29396246401741,125.799172938717,0,1,0,0,0,0
4.2,10,21.2699806693868,102.07686936591442,0,1,0,0,0,0
4.2,10,21.245574683912206,78.59678192172733,0,1,0,0,0,0
4.2,10,21.223650261439783,56.604786875761775,0,1,0,0,0,0
4.2,10,21.33940470454065,166.99392241318526,0,1,0,0,0,0
4.2,10,21.23270840831335,457.44205311413856,0,1,0,0,0,0
4.2,10,21.172520567449933,21.56738985700975,0,1,0,0,0,0
4.2,10,20.897052586473357,194.30567018005897,0,1,0,0,0,0
4.2,10,20.5838816113982,103.93256074075109,0,1,0,0,0,0
4.2,10,20.44920660637344,376.1553690785849,0,1,0,0,0,0
4.2,10,20.643334074762542,38.63805908388845,0,1,0,0,0,0
4.2,10,20.344631235247117,156.05617373151222,0,1,0,0,0,0
4.2,10,20.60654709722792,142.9996690651282,0,1,0,0,0,0
4.2,10,20.24405762402585,57.46002522020946,0,1,0,0,0,0
4.2,10,20.91192004492047,295.4167736768362,0,1,0,0,0,0
4.2,10,20.8674118085357,135.2092406081131,0,1,0,0,0,0
4.2,10,20.416852900725157,10.40211538141956,0,1,0,0,0,0
4.2,10,20.42142026938617,4.866864526148122,0,1,0,0,0,0
4.2,10,20.4282307353674,19.2567944936028,0,1,0,0,0,0
4.2,10,20.45134782257846,40.31044993573352,0,1,0,0,0,0
4.2,10,20.473171408368422,10.389974151149223,0,1,0,0,0,0
4.2,10,20.53362272330076,98.62059233657678,0,1,0,0,0,0
4.2,10,20.6671642414142,272.5263142274971,0,1,0,0,0,0
4.2,10,20.895583154813558,95.49417191660226,0,1,0,0,0,0
4.2,10,20.904667054893785,73.4104335421966,0,1,0,0,0,0
4.2,10,20.26329188241678,61.350936850647344,0,1,0,0,0,0
4.2,10,20.82510779048201,53.34747988423379,0,1,0,0,0,0
4.2,10,20.779822075446862,110.45204355891543,0,1,0,0,0,0
4.2,10,20.7814755248635,123.71803542977716,0,1,0,0,0,0
4.2,10,21.869022196203726,211.929286371033,0,1,0,0,0,0
4.2,10,21.900809761264597,55.05326640022229,0,1,0,0,0,0
4.2,10,21.986144045752912,160.08069279923853,0,1,0,0,0,0
4.2,10,21.950700012423354,107.88120366830402,0,1,0,0,0,0
4.2,10,22.000666375686173,141.93507301639997,0,1,0,0,0,0
4.2,10,22.056499932055672,218.9342208932392,0,1,0,0,0,0
4.2,10,22.097289792033813,318.2377257654758,0,1,0,0,0,0
4.2,10,22.100815785750772,65.50108076079371,0,1,0,0,0,0
4.2,10,22.14342328457065,169.93895702839015,0,1,0,0,0,0
4.2,10,21.896774847698516,31.91976116110396,0,1,0,0,0,0
4.2,10,21.92302304155877,146.747036092765,0,1,0,0,0,0
4.2,10,22.06057178379716,90.23944774360154,0,1,0,0,0,0
4.2,10,21.820890116800115,63.17486476395676,0,1,0,0,0,0
4.2,10,22.1845012237965,101.90765947580906,0,1,0,0,0,0
4.2,10,22.40390884827714,150.08706525981862,0,1,0,0,0,0
4.2,10,22.40687290107165,249.5550753227613,0,1,0,0,0,0
4.2,10,22.50709188972739,73.91366809835739,0,1,0,0,0,0
4.2,10,22.36372442844155,95.33840101389411,0,1,0,0,0,0
4.2,10,22.41861872976408,68.57956794773244,0,1,0,0,0,0
4.2,10,22.23505087652848,62.03404465179702,0,1,0,0,0,0
4.2,10,22.23442470404853,49.2548434956986,0,1,0,0,0,0
4.2,10,22.38533415665232,22.81853136014091,0,1,0,0,0,0
4.2,10,22.18533314599109,165.87665564796873,0,1,0,0,0,0
4.2,10,21.91776614680045,22.33084536757421,0,1,0,0,0,0
4.2,10,21.89975154391038,150.30045821377425,0,1,0,0,0,0
4.2,10,22.133583722002022,423.4407711162691,0,1,0,0,0,0
4.2,10,21.909100491063462,9.859346248894395,0,0,0,1,0,0
4.2,10,22.187589820524583,68.88191267253542,0,1,0,0,0,0
4.2,10,22.363050062812302,11.708724725380728,0,1,0,0,0,0
4.2,10,22.148712990344084,29.67434973031985,0,1,0,0,0,0
4.2,10,21.9684433164039,113.9213491750493,0,1,0,0,0,0
4.2,10,21.36945541943073,74.69605329948737,0,1,0,0,0,0
4.2,10,21.51157627278056,84.70025013354173,0,1,0,0,0,0
4.2,10,21.477694763035636,126.85804608194988,0,1,0,0,0,0
4.2,10,21.43767957275679,179.79611784042334,0,1,0,0,0,0
4.2,10,21.41959591290145,189.1263887777078,0,1,0,0,0,0
4.2,10,21.79477872155995,345.29160170564785,0,1,0,0,0,0
4.2,10,21.690464668822795,364.2503418785335,0,1,0,0,0,0
4.2,10,21.70147815857411,115.95617069839597,0,1,0,0,0,0
4.2,10,21.595698405761816,246.79967411889223,0,1,0,0,0,0
4.2,10,21.538021427588717,392.4555722476625,0,1,0,0,0,0
4.2,10,21.46976511455592,314.1727972726157,0,1,0,0,0,0
4.2,10,21.4111278715844,323.38148950406867,0,1,0,0,0,0
4.2,10,21.36007672162536,396.50576048301264,0,1,0,0,0,0
4.2,10,21.31681835991223,403.71766391510096,0,1,0,0,0,0
4.2,10,21.31481730016837,101.56159646997015,0,1,0,0,0,0
4.2,10,21.332340709854552,312.21308619453544,0,1,0,0,0,0
4.2,10,21.627299005772542,476.30222233959415,0,1,0,0,0,0
4.2,10,21.7396677538668,237.2429327688839,0,1,0,0,0,0
4.2,10,21.573332335322775,168.25362510688723,0,1,0,0,0,0
4.2,10,21.43957059437713,133.63115267247608,0,1,0,0,0,0
4.2,10,21.56365144647341,367.5474099397966,0,1,0,0,0,0
4.2,10,21.34380245988707,80.57724163097706,0,1,0,0,0,0
4.2,10,21.460895916294582,20.025454639654978,0,1,0,0,0,0
4.2,10,21.643289936301077,238.3460675613329,0,1,0,0,0,0
4.2,10,21.275153383130306,52.804678422687495,0,1,0,0,0,0
4.2,10,21.26352167314629,53.72604755025077,0,1,0,0,0,0
4.2,10,21.244064262942967,55.17555053962507,0,1,0,0,0,0
4.2,10,21.221059828950107,51.096573757085736,0,1,0,0,0,0
4.2,10,21.199489744833883,53.771021460201446,0,1,0,0,0,0
4.2,10,21.85722339408246,10.445665613296756,0,0,0,1,0,0
4.2,10,21.02862363023304,386.7491547556504,0,1,0,0,0,0
4.2,10,20.83667926046252,301.7835977606509,0,1,0,0,0,0
4.2,10,21.3963917921986,488.9865688872009,0,1,0,0,0,0
4.2,10,21.229408969333612,333.29012402655985,0,1,0,0,0,0
4.2,10,21.410917742617176,180.41861717259505,0,1,0,0,0,0
4.2,10,21.684187127694564,183.9335980304108,0,1,0,0,0,0
4.2,10,21.70186335340193,289.2477097719881,0,1,0,0,0,0
4.2,10,21.80469781328733,57.547915113973154,0,1,0,0,0,0
4.2,10,21.61386310571965,680.616141132548,0,0,0,1,0,1
4.2,10,21.56580491270433,297.99887526911454,0,1,0,0,0,0
4.2,10,21.68434363129624,289.66793650378384,0,1,0,0,0,0
4.2,10,21.02786982651878,68.06059896218883,0,1,0,0,0,0
4.2,10,21.190193918901144,555.9518879153019,0,1,0,0,0,0
4.2,10,21.980481344263367,523.1309353832849,0,1,0,0,0,0
4.2,10,21.824389060766464,392.3361174753392,0,1,0,0,0,0
4.2,10,21.90110369373659,478.4916138863943,0,1,0,0,0,0
4.2,10,21.67951301712661,542.8424193136254,0,1,0,0,0,0
4.2,10,21.64179278779141,474.4672894092341,0,1,0,0,0,0
4.2,10,21.596427941536792,397.5723706551664,0,1,0,0,0,0
4.2,10,21.82839729119871,380.903853154518,0,1,0,0,0,0
4.2,10,22.06131000960665,281.0557684969808,0,1,0,0,0,0
4.2,10,20.880795026316196,582.189103061495,0,1,0,0,0,0
4.2,10,21.08205880101064,482.19580486910814,0,1,0,0,0,0
4.2,10,21.045496813540595,154.62420219474447,0,1,0,0,0,0
4.2,10,20.8736309355714,743.3319287736381,0,1,0,0,0,0
4.2,10,21.4449611501178,487.3751643053101,0,1,0,0,0,0
4.2,10,22.08008932299849,53.66399837083236,0,1,0,0,0,0
4.2,10,21.43597608383021,114.6642656107552,0,1,0,0,0,0
4.2,10,21.172513590363696,821.8158112148539,0,1,0,0,0,0
4.2,10,21.336186027193808,359.07737553963443,0,1,0,0,0,0
4.2,10,22.262407243209143,78.61868759385733,0,1,0,0,0,0
4.2,10,21.579663789030985,67.10995836785781,0,0,0,1,0,1
4.2,10,22.21478588410929,61.41516001032839,0,1,0,0,0,0
4.2,10,22.309889817930756,49.86721095144765,0,1,0,0,0,0
4.2,10,21.61648443179697,689.6010761785077,0,0,0,1,0,1
4.2,10,21.54626414535885,85.9770618776419,0,0,0,1,0,1
4.2,10,21.59980763497752,236.35683555229724,0,0,0,1,0,1
4.2,10,21.257517643548223,356.26545088737,0,1,0,0,0,0
4.2,10,21.24058572792344,84.4156753707633,0,1,0,0,0,0
4.2,10,21.22571700064916,96.07442198720288,0,1,0,0,0,0
4.2,10,21.208709818724916,103.29012530347288,0,1,0,0,0,0
4.2,10,21.18558827312076,99.5413444351358,0,1,0,0,0,0
4.2,10,21.165045175729517,98.08845487247012,0,1,0,0,0,0
4.2,10,21.14411325922837,96.13900458624732,0,1,0,0,0,0
4.2,10,21.169793313076408,383.8949740362336,0,0,0,1,0,0
4.2,10,21.783015561096438,59.787142427840045,0,1,0,0,0,0
4.2,10,21.752540351374105,543.2516528974855,0,0,0,1,0,1
4.2,10,21.73837745019729,543.4183923755063,0,0,0,1,0,1
4.2,10,22.0394940050464,357.47276325067133,0,1,0,0,0,0
4.2,10,21.847952028228114,425.2612203791378,0,1,0,0,0,0
4.2,10,22.028552243424908,167.9387380391797,0,1,0,0,0,0
4.2,10,21.957293056277024,253.4696294309571,0,1,0,0,0,0
4.2,10,21.783904892138874,50.24979079494046,0,1,0,0,0,0
4.2,10,21.97439440697161,248.63148001158788,0,1,0,0,0,0
4.2,10,21.95916145441805,247.8655308862033,0,1,0,0,0,0
4.2,10,21.94469201910205,247.136623703596,0,1,0,0,0,0
4.2,10,21.964937661417608,286.3001836567529,0,1,0,0,0,0
4.2,10,22.145838788498885,102.00847846943032,0,1,0,0,0,0
4.2,10,22.08336199934824,103.71541525585263,0,1,0,0,0,0
4.2,10,22.11351863269017,66.17318224454047,0,1,0,0,0,0
4.2,10,21.820677881755707,48.967517615998354,0,1,0,0,0,0
4.2,10,21.933667547042702,147.5863031340748,0,1,0,0,0,0
4.2,10,21.73554630253109,142.63944724828372,0,1,0,0,0,0
4.2,10,21.98674552591176,72.54196598919837,0,1,0,0,0,0
4.2,10,22.044437389894867,137.2880183872037,0,1,0,0,0,0
4.2,10,22.077892726273536,90.84009547529092,0,1,0,0,0,0
4.2,10,22.07182945668458,58.58920510496765,0,1,0,0,0,0
4.2,10,21.63362480493145,49.47518556315697,0,0,0,1,0,1
4.2,10,22.155481861554836,325.74736812908213,0,1,0,0,0,0
4.2,10,22.10005367508296,16.85187433865937,0,1,0,0,0,0
4.2,10,21.922349035118977,374.1239986970682,0,1,0,0,0,0
4.2,10,22.171559457566687,68.38986699488058,0,1,0,0,1,0
4.2,10,21.996333339874177,268.2828216432546,0,1,0,0,0,0
4.2,10,21.953820972602877,45.14650021025669,0,1,0,0,0,0
4.2,10,21.97259932085957,253.26538336450253,0,1,0,0,0,0
4.2,10,21.830352752130096,47.22579580392896,0,1,0,0,0,0
4.2,10,22.09790537707302,66.80912091258041,0,1,0,0,0,0
4.2,10,21.55508131909685,298.76943158125874,0,1,0,0,0,0
4.2,10,21.58787824315868,239.7548088158823,0,0,0,1,0,1
4.2,10,21.381341170937283,348.0486746073271,0,1,0,0,0,0
4.2,10,21.355668277910485,68.05637434431758,0,1,0,0,0,0
4.2,10,21.125321318167995,190.65664078200945,0,1,0,0,0,0
4.2,10,21.08025700600289,182.4416113542419,0,1,0,0,0,0
4.2,10,21.012339583889275,100.6726743955389,0,1,0,0,0,0
4.2,10,21.3445322555094,172.66747134732034,0,1,0,0,0,0
4.2,10,21.61414835873264,121.75201805521124,0,1,0,0,0,0
4.2,10,21.327441722954184,437.79949131037904,0,1,0,0,0,0
4.2,10,21.47738257840388,175.1871250667246,0,1,0,0,0,0
4.2,10,21.30428323974489,153.67726535448995,0,1,0,0,0,0
4.2,10,21.164554133020665,406.95522005389614,0,1,0,0,0,0
4.2,10,21.31551998457372,647.0151424227901,0,0,0,1,0,1
4.2,10,21.4429837290094,105.53030227134514,0,1,0,0,0,0
4.2,10,21.48372649980367,88.37707826612642,0,1,0,0,0,0
4.2,10,21.440826488315228,142.48892586436543,0,1,0,0,0,0
4.2,10,21.53746285724696,53.552563420753,0,0,0,1,0,1
4.2,10,21.37327091603286,230.48893074763456,0,1,0,0,0,0
4.2,10,21.409226429615963,176.66628962126845,0,1,0,0,0,0
4.2,10,21.360472653623976,280.1826914556504,0,1,0,0,0,0
4.2,10,21.34059331035541,227.93522660798703,0,1,0,0,0,0
4.2,10,20.970146309560477,337.78158944577865,0,1,0,0,0,0
4.2,10,21.032578273143077,198.0558581272249,0,1,0,0,0,0
4.2,10,21.04588049532887,92.9685533310696,0,1,0,0,0,0
4.2,10,21.29465118948753,132.09678376729846,0,1,0,0,0,0
4.2,10,21.05543126537181,239.87363905342303,0,1,0,0,0,0
4.2,10,21.248219190805838,132.24469282695796,0,1,0,0,0,0
4.2,10,21.496031753391147,82.6099235469845,0,1,0,0,0,0
4.2,10,21.05691431211964,116.55097864567163,0,1,0,0,0,0
4.2,10,21.12911481920788,129.88593860476365,0,1,0,0,0,0
4.2,10,21.266992241727564,206.3021102449385,0,1,0,0,0,0
4.2,10,21.331494529798043,67.14029293376628,0,1,0,0,0,0
4.2,10,21.342008220985186,102.44650753891383,0,1,0,0,0,0
4.2,10,21.39125681469964,125.84503582325672,0,1,0,0,0,0
4.2,10,21.275134995317845,165.48074019894648,0,1,0,0,0,0
4.2,10,20.986364963147203,93.12864883370308,0,1,0,0,0,0
4.2,10,21.265324018931235,142.47072825286,0,1,0,0,0,0
4.2,10,21.195345249618946,148.8245203558755,0,1,0,0,0,0
4.2,10,21.32259488879945,646.3106488757546,0,0,0,1,0,1
4.2,10,21.63039849300692,16.425038692552807,0,1,0,0,0,0
4.2,10,21.09886469386148,95.46136159965096,0,1,0,0,0,0
4.2,10,21.50275409824106,49.51408319660776,0,1,0,0,0,0
4.2,10,21.52701941369563,283.15376414831087,0,1,0,0,0,0
4.2,10,21.594116568427587,125.22091555911402,0,1,0,0,0,0
4.2,10,21.512401014648773,17.096434403531404,0,1,0,0,0,0
4.2,10,21.15150397545596,112.2659280971001,0,1,0,0,0,0
4.2,10,20.99202038499262,271.5266698576598,0,1,0,0,0,0
4.2,10,20.94429671959567,325.8557145796589,0,1,0,0,0,0
4.2,10,20.87029381007992,437.1304051534068,0,1,0,0,0,0
4.2,10,20.850958171213563,435.5210603149883,0,1,0,0,0,0
4.2,10,20.832711205044653,435.8743878639514,0,1,0,0,0,0
4.2,10,21.12335721622281,131.34217124867797,0,1,0,0,0,0
4.2,10,20.888210018998983,165.97591985358972,0,1,0,0,0,0
4.2,10,20.848728099785887,90.5586593081346,0,1,0,0,0,0
4.2,10,20.828079670751976,88.90754320872765,0,1,0,0,0,0
4.2,10,20.801689401609718,100.85997636962772,0,1,0,0,0,0
4.2,10,20.78121548608029,94.04267602050732,0,1,0,0,0,0
4.2,10,20.76384569230981,92.63296432265504,0,1,0,0,0,0
4.2,10,20.882856908535818,125.03965996132676,0,1,0,0,0,0
4.2,10,21.121063669837653,295.6495779284899,0,1,0,0,0,0
4.2,10,20.86457222592147,56.40569967148329,0,1,0,0,0,0
4.2,10,21.198615993131376,98.332438352889,0,1,0,0,0,0
4.2,10,20.73590703044335,105.01134720175348,0,1,0,0,0,0
4.2,10,21.160707384988115,230.4806001210848,0,1,0,0,0,0
4.2,10,20.978294355655404,60.93638653445986,0,1,0,0,0,0
4.2,10,21.09571472203208,135.75197256882086,0,1,0,0,0,0
4.2,10,21.04807046986004,143.05432985130176,0,1,0,0,0,0
4.2,10,21.169368054880085,82.57482320875746,0,1,0,0,0,0
4.2,10,21.174664024645576,48.36925148724523,0,1,0,0,0,0
4.2,10,21.251432028345825,164.7300202733869,0,1,0,0,0,0
4.2,10,20.90452375344981,323.7818974642692,0,1,0,0,0,0
4.2,10,21.251945305329222,62.30229373798456,0,1,0,0,0,0
4.2,10,21.19233632323081,47.03336235179359,0,1,0,0,0,0
4.2,10,21.04396894602366,160.40937956084534,0,1,0,0,0,0
4.2,10,21.170891157811457,51.704434440252975,0,1,0,0,0,0
4.2,10,21.15022164148401,53.99663088072204,0,1,0,0,0,0
4.2,10,21.131678004537196,40.53349282836283,0,1,0,0,0,0
4.2,10,21.101858362636563,150.93849806539748,0,1,0,0,0,0
4.2,10,21.09877334472095,54.62495135776423,0,1,0,0,0,0
4.2,10,21.12164934056256,11.382587706409172,0,1,0,0,0,0
4.2,10,21.109656153406306,51.97155604483359,0,1,0,0,0,0
4.2,10,21.08258313466453,93.62006806520868,0,1,0,0,0,0
4.2,10,21.21224214565309,53.224880051362405,0,1,0,0,0,0
4.2,10,21.156752634669058,58.087395579204426,0,1,0,0,0,0
4.2,10,21.18215130931062,5.178142638748127,0,1,0,0,0,0
4.2,10,21.12364786463601,107.24050846712194,0,1,0,0,0,0
4.2,10,21.193813602897507,49.677502900901416,0,1,0,0,0,0
4.2,10,21.230790714402264,100.14248576876382,0,1,0,0,0,0
4.2,10,21.17848531047873,29.074644220281005,0,1,0,0,0,0
4.2,10,21.04975472885265,416.2458352254769,0,1,0,0,0,1
4.2,10,20.990657695778065,131.0896041651655,0,1,0,0,0,0
4.2,10,20.940469574221414,130.68582651649203,0,1,0,0,0,0
4.2,10,20.71023986868766,58.94536063916712,0,1,0,0,0,0
4.2,10,21.195528279799827,59.60824589398626,0,1,0,0,0,0
4.2,10,20.122218457701155,281.61109898688323,0,1,0,0,0,0
4.2,10,20.46162390231814,602.9557959866142,0,1,0,0,0,0
4.2,10,20.08812571379192,258.21799833248,0,1,0,0,0,0
4.2,10,20.62397607659896,60.51928415590423,0,1,0,0,0,0
4.2,10,20.08725682681586,247.7330965141468,0,1,0,0,0,0
4.2,10,20.12198025351837,136.04256683669345,0,1,0,0,0,0
4.2,10,19.96214556225022,82.6523683544678,0,1,0,0,0,0
4.2,10,20.25895480871377,158.37435305811198,0,1,0,0,0,0
4.2,10,20.349910877664712,245.121806126932,0,1,0,0,0,0
4.2,10,20.400179249331558,191.3953272796469,0,1,0,0,0,0
4.2,10,20.59569197230739,200.585222135854,0,1,0,0,0,0
4.2,10,20.263606582370663,107.93167809924756,0,1,0,0,0,0
4.2,10,20.550029584374336,186.1656889312268,0,1,0,0,0,0
4.2,10,20.94051137845365,309.04261617519586,0,1,0,0,0,0
4.2,10,20.880734604313844,309.03727025670383,0,1,0,0,0,0
4.2,10,20.75679472297195,205.28460810189583,0,1,0,0,0,0
4.2,10,20.79265817235509,666.1143299174937,0,1,0,0,0,0
4.2,10,20.127466154701416,1148.045406550121,0,0,0,1,0,0
4.2,10,20.04195569537129,392.7309410525936,0,1,0,0,0,0
4.2,10,19.66464892169188,925.7307077426668,0,1,0,0,0,0
4.2,10,19.910611329827763,213.01840796395075,0,1,0,0,0,0
4.2,10,19.72526776159341,224.2329700864817,0,1,0,0,0,0
4.2,10,20.235820412738963,714.0871947471072,0,1,0,0,0,0
4.2,10,20.171481735991776,320.8380498169634,0,1,0,0,0,0
4.2,10,19.609772777789317,162.8338030719243,0,1,0,0,0,0
4.2,10,20.43881825625308,275.5818422338842,0,1,0,0,0,0
4.2,10,19.63717462429675,158.08764843946688,0,1,0,0,0,0
4.2,10,19.87916998095962,143.145981715008,0,1,0,0,0,0
4.2,10,20.49722722455186,132.16615926092692,0,1,0,0,0,0
4.2,10,20.108924593729864,301.6410222913179,0,1,0,0,0,0
4.2,10,20.572816434128388,223.7028791361436,0,1,0,0,0,0
4.2,10,20.38302454687712,168.55270251788414,0,1,0,0,0,0
4.2,10,19.940616775697684,111.08851942197217,0,1,0,0,0,0
4.2,10,20.72071529972275,194.124153019082,0,1,0,0,0,0
4.2,10,20.56424469384048,621.71672649638,0,1,0,0,0,0
4.2,10,20.31805490762151,212.66978132061783,0,1,0,0,0,0
4.2,10,19.61088666378642,1817.6508429579208,0,0,1,0,0,0
4.2,10,20.8163222852139,611.8598564137336,0,1,0,0,0,0
4.2,10,19.73974292459958,106.89937375770512,0,1,0,0,0,0
4.2,10,20.355593893970948,174.2920873945938,0,1,0,0,0,0
4.2,10,20.38032340344896,108.7745855943763,0,1,0,0,0,0
4.2,10,20.31939976980344,164.32016643653935,0,1,0,0,0,0
4.2,10,20.74573847501189,75.58998478395304,0,1,0,0,0,0
4.2,10,20.35756497932189,107.41276377379911,0,1,0,0,0,0
4.2,10,20.711932216386792,274.9144518725509,0,1,0,0,0,1
4.2,10,20.733582275027217,529.1275393554573,0,0,1,0,0,1
4.2,10,20.835657745959963,342.5408694010042,0,1,0,0,0,0
4.2,10,20.5632353691884,325.86968158380296,0,1,0,0,0,0
4.2,10,20.716084850424885,281.4129280605958,0,1,0,0,0,0
4.2,10,20.65764551020241,197.0998987905971,0,1,0,0,0,0
4.2,10,20.6812475831751,109.96087369856204,0,1,0,0,0,0
4.2,10,20.66368664685216,111.82200397258042,0,1,0,0,0,0
4.2,10,20.72389815268671,167.08059692636547,0,1,0,0,0,0
4.2,10,20.507042279802015,137.2840716438854,0,1,0,0,0,0
4.2,10,20.467944033137424,185.82143848122053,0,1,0,0,0,0
4.2,10,20.8614148416452,449.659431729813,0,1,0,0,0,0
4.2,10,20.68562932755572,207.18844603480537,0,1,0,0,0,0
4.2,10,21.017570722040485,149.5819345464325,0,1,0,0,0,0
4.2,10,20.991664216534545,142.9497232316808,0,1,0,0,0,0
4.2,10,20.97108195566436,137.22066236118386,0,1,0,0,0,0
4.2,10,20.62038996778091,301.72083782815605,0,1,0,0,0,0
4.2,10,20.69922445411486,282.1303038827256,0,1,0,0,0,0
4.2,10,20.626830740856583,179.64139092792274,0,1,0,0,0,0
4.2,10,20.90726108076477,330.68472609443387,0,1,0,0,0,0
4.2,10,20.434922943481578,54.802228401595954,0,1,0,0,0,0
4.2,10,20.43855244790269,80.97804881921182,0,1,0,0,0,0
4.2,10,20.846984166268616,149.00924248235287,0,1,0,0,0,0
4.2,10,20.740573454299675,523.5179624720018,0,0,1,0,0,1
4.2,10,20.40379842578325,266.4159882802124,0,1,0,0,0,0
4.2,10,20.601021750345097,118.55938776410886,0,1,0,0,0,0
4.2,10,20.65168162216269,102.49271793862742,0,1,0,0,0,0
4.2,10,20.698714249505784,102.6313899373674,0,1,0,0,0,0
4.2,10,20.74696073821468,102.77762751378457,0,1,0,0,0,0
4.2,10,20.53493707332055,12.15642617461211,0,1,0,0,0,0
4.2,10,20.66538426903748,67.81008893039231,0,1,0,0,0,0
4.2,10,20.645376113265375,119.46277033426176,0,1,0,0,0,0
4.2,10,20.557914029850718,119.43775943390054,0,1,0,0,0,0
4.2,10,20.471159475233534,116.09807891110005,0,1,0,0,0,0
4.2,10,20.47887285054908,78.96923436332382,0,0,1,0,0,1
4.2,10,20.47977195093385,88.44148134280509,0,0,1,0,0,1
4.2,10,20.762661350864374,61.58987576453698,0,1,0,0,0,0
4.2,10,20.691472829894657,34.88195684675375,0,1,0,0,0,0
4.2,10,20.51020402489181,153.5471953992356,0,1,0,0,0,1
4.2,10,20.642264523619136,429.4785627863166,0,1,0,0,0,1
4.2,10,20.398834929834408,81.00903959715195,0,1,0,0,0,0
4.2,10,20.1626825535067,298.6594602187789,0,1,0,0,0,0
4.2,10,19.95441649820418,256.4437208865485,0,1,0,0,0,0
4.2,10,20.33592790387185,53.57540186367336,0,1,0,0,0,0
4.2,10,20.313420503784126,12.545835786546716,0,1,0,0,0,0
4.2,10,19.76990419626833,129.87589485358723,0,1,0,0,0,0
4.2,10,19.82085575498394,81.94751743566235,0,1,0,0,0,0
4.2,10,19.97433123793408,133.05287877601376,0,1,0,0,0,0
4.2,10,20.26890135082911,216.8691243446417,0,1,0,0,0,0
4.2,10,20.241699301918025,71.5820942487265,0,1,0,0,0,0
4.2,10,20.322872062777726,36.12950673959392,0,1,0,0,0,0
4.2,10,19.95251759468334,128.13799226984702,0,1,0,0,0,0
4.2,10,19.686402736135072,84.201082914343,0,1,0,0,0,0
4.2,10,20.198998508680276,89.04201621066241,0,1,0,0,0,0
4.2,10,20.162424661176644,294.1934567503435,0,1,0,0,0,0
4.2,10,19.863950600961328,694.6964989681711,0,1,0,0,0,0
4.2,10,20.339201392911036,230.3541069155013,0,1,0,0,0,0
4.2,10,20.07943559237101,102.30168665306276,0,1,0,0,0,0
4.2,10,19.990465491257595,1017.9854883298392,0,1,0,0,0,0
4.2,10,20.22594022223056,181.5559374902841,0,1,0,0,0,0
4.2,10,20.43440916113241,242.6403501865452,0,1,0,0,0,0
4.2,10,20.022977414224403,142.5925264018678,0,1,0,0,0,0
4.2,10,20.127282542250768,58.36349363387849,0,1,0,0,0,0
4.2,10,19.769847338263165,283.0203635891769,0,1,0,0,0,0
4.2,10,20.14091797347523,419.4911416956109,0,1,0,0,0,0
4.2,10,20.15514164317023,614.2935498188604,0,1,0,0,0,0
4.2,10,19.87538112208419,72.31286774709106,0,1,0,0,0,0
4.2,10,19.94066531573426,213.12298610037828,0,1,0,0,0,0
4.2,10,19.8557768983895,210.0187658190502,0,1,0,0,0,0
4.2,10,19.888497268266786,64.19275963302701,0,1,0,0,0,0
4.2,10,20.22779638620231,83.87739660582677,0,1,0,0,0,0
4.2,10,20.15191045958037,152.2918927187252,0,1,0,0,0,0
4.2,10,20.036042892705524,33.49287529119075,0,1,0,0,0,0
4.2,10,20.064297706776543,141.09310649467085,0,1,0,0,0,0
4.2,10,20.12423860066338,78.04780663940204,0,1,0,0,0,0
4.2,10,20.146183913502043,63.87397994045271,0,1,0,0,0,0
4.2,10,20.058674508207485,107.15288816484446,0,1,0,0,0,0
4.2,10,20.01842246975183,39.847945868662,0,1,0,0,0,0
4.2,10,19.951353107539543,176.42467690443075,0,1,0,0,0,0
4.2,10,19.87733008636748,481.4752330524368,0,1,0,0,0,0
4.2,10,19.512439835702825,185.7775000941765,0,1,0,0,0,0
4.2,10,19.499055744831857,50.9757371295788,0,1,0,0,0,0
4.2,10,19.57519379658962,173.77786849630203,0,1,0,0,0,0
4.2,10,19.813438835315164,72.98439750209786,0,1,0,0,0,0
4.2,10,19.59014751300357,121.10738065843267,0,1,0,0,0,0
4.2,10,19.561583993876663,204.24429862684343,0,1,0,0,0,0
4.2,10,19.59940376042318,69.00757033915414,0,1,0,0,0,0
4.2,10,19.472018414984635,55.78533442707851,0,1,0,0,0,0
4.2,10,19.99843566738889,106.5714477853353,0,1,0,0,0,0
4.2,10,19.425603265470983,115.16079400966468,0,1,0,0,0,0
4.2,10,19.450607370397037,51.01100433497244,0,1,0,0,0,0
4.2,10,19.48275752996056,46.09756085673724,0,1,0,0,0,0
4.2,10,19.23180329496143,1474.7363894818122,0,1,0,0,0,0
4.2,10,19.50764187649704,1215.6618341911148,0,1,0,0,0,0
4.2,10,19.59653038689799,626.1120437587484,0,1,0,0,0,0
4.2,10,19.736896637228757,223.58261896272955,0,1,0,0,0,0
4.2,10,19.273821232489126,160.38035425561233,0,1,0,0,0,0
4.2,10,19.347856924517373,417.534923952277,0,1,0,0,0,0
4.2,10,18.944596390344177,449.848065897236,0,1,0,0,0,0
4.2,10,19.144024910044596,449.8706148244356,0,1,0,0,0,0
4.2,10,19.360576437522724,139.7051874391766,0,1,0,0,0,0
4.2,10,19.401626683835502,92.31663071099445,0,1,0,0,0,0
4.2,10,19.400645425239706,191.87139755674843,0,1,0,0,0,0
4.2,10,19.50081467643979,330.8247985194811,0,1,0,0,0,0
4.2,10,19.441522332976174,68.64468911790178,0,1,0,0,0,0
4.2,10,19.744800573694302,11.159939262115236,0,1,0,0,0,0
4.2,10,19.41449280616613,27.550699658095485,0,1,0,0,0,0
4.2,10,19.412644796907525,79.80847881303457,0,1,0,0,0,0
4.2,10,19.42224851456364,51.40479866668604,0,1,0,0,0,0
4.2,10,19.222987755671607,156.98493751895327,0,1,0,0,0,0
4.2,10,19.455987313590487,45.09481145757334,0,1,0,0,0,0
4.2,10,19.461792222293663,114.5201459617018,0,1,0,0,0,0
4.2,10,21.521007413991235,237.69646317656893,0,1,0,0,0,0
4.2,10,21.39495727250416,205.4645489509765,0,1,0,0,0,0
4.2,10,21.642393509675696,67.00967213242843,0,1,0,0,0,0
4.2,10,21.55108944655102,137.3064331472332,0,1,0,0,0,0
4.2,10,21.929764260216214,246.4071770872771,0,1,0,0,0,0
4.2,10,21.94750494636537,140.02540141537708,0,1,0,0,0,0
4.2,10,21.876533414870035,164.99356869188884,0,1,0,0,0,0
4.2,10,21.898758163886093,51.152418679653934,0,1,0,0,0,0
4.2,10,21.710879565917704,58.32213802067682,0,1,0,0,0,0
4.2,10,21.660112938214837,52.03340288350751,0,1,0,0,0,0
4.2,10,21.362412805501545,80.72642453020312,0,1,0,0,0,0
4.2,10,21.47620431534843,70.60619378016499,0,1,0,0,0,0
4.2,10,21.380150542852288,63.18423385120579,0,1,0,0,0,0
4.2,10,21.337122597845763,62.72479161258372,0,1,0,0,0,0
4.2,10,21.80210856644882,48.81194818428415,0,1,0,0,0,0
4.2,10,22.023275991625876,53.92028453759548,0,1,0,0,0,0
4.2,10,22.040412234492056,55.109515223173794,0,1,0,0,0,0
4.2,10,21.416063234320145,62.4868829295388,0,1,0,0,0,0
4.2,10,21.60441323281446,13.240335613385932,0,1,0,0,0,0
4.2,10,21.99557168842061,13.087822616648644,0,1,0,0,0,0
4.2,10,21.80091922231105,51.66892677864487,0,1,0,0,0,0
4.2,10,21.684927362494538,91.58254736072382,0,1,0,0,0,0
4.2,10,21.66657637760204,9.399080867028282,0,1,0,0,0,0
4.2,10,20.990002121768,272.0169600319415,0,1,0,0,0,0
4.2,10,21.04375734122459,206.48058875830995,0,1,0,0,0,0
4.2,10,21.02526985481093,344.3554770457837,0,1,0,0,0,0
4.2,10,20.895623699416166,208.1187400203355,0,1,0,0,0,0
4.2,10,20.985988818615088,271.89688646074046,0,1,0,0,0,0
4.2,10,20.94547554500127,207.08417998805385,0,1,0,0,0,0
4.2,10,21.331009347478357,106.53361044326772,0,1,0,0,0,0
4.2,10,21.23046512555952,228.1002147066157,0,1,0,0,0,0
4.2,10,21.322277860110443,173.37012021340817,0,1,0,0,0,0
4.2,10,21.270036935199595,201.47495458182777,0,1,0,0,0,0
4.2,10,21.307278073240045,132.58914909018057,0,1,0,0,0,0
4.2,10,21.213046027149737,120.9707855713036,0,1,0,0,0,0
4.2,10,20.96752334263428,182.27745010325967,0,1,0,0,0,0
4.2,10,20.892326810654303,198.63056773878475,0,1,0,0,0,0
4.2,10,20.848058020035037,199.2233148670939,0,1,0,0,0,0
4.2,10,20.80488395507124,200.88906491539635,0,1,0,0,0,0
4.2,10,20.758283638609484,200.9230542799732,0,1,0,0,0,0
4.2,10,20.746497380012915,342.5449768741253,0,1,0,0,0,0
4.2,10,20.891545138605384,213.4096086278959,0,1,0,0,0,0
4.2,10,20.871186003946388,209.2361766432288,0,1,0,0,0,0
4.2,10,21.01651927935798,263.3161893017041,0,1,0,0,0,0
4.2,10,21.17728152725257,184.88912082637376,0,1,0,0,0,0
4.2,10,21.13987125435309,131.31174000032772,0,1,0,0,0,0
4.2,10,21.110644051008105,97.15474770945626,0,1,0,0,0,0
4.2,10,21.165233012856586,42.37501100727946,0,1,0,0,0,0
4.2,10,20.82045374864705,72.76617795418048,0,1,0,0,0,0
4.2,10,20.937315974021395,228.93868612648365,0,1,0,0,0,0
4.2,10,21.359551116614725,53.54050112726448,0,1,0,0,0,0
4.2,10,21.005309544632937,100.3174083228885,0,1,0,0,0,0
4.2,10,21.078777526336182,107.14240103573287,0,1,0,0,0,0
4.2,10,21.263392393616677,81.57948940056859,0,1,0,0,0,0
4.2,10,21.19394071212096,47.12180881715854,0,1,0,0,0,0
4.2,10,20.932371179316245,57.24159487724784,0,1,0,0,0,0
4.2,10,21.12864731910488,40.54293909207514,0,1,0,0,0,0
4.2,10,21.209283757840726,42.98575230795183,0,1,0,0,0,0
4.2,10,21.272398573990365,44.916215847802505,0,1,0,0,0,0
4.2,10,20.858417111006705,24.69833902146019,0,1,0,0,0,0
4.2,10,20.84707058495581,71.50012802800863,0,1,0,0,0,0
4.2,10,20.84797539063909,43.64047543212418,0,1,0,0,0,0
4.2,10,21.21983494663497,54.86512261833524,0,1,0,0,0,0
4.2,10,21.08829649382628,115.69433454772886,0,1,0,0,0,0
4.2,10,21.11500785076576,99.5066837718433,0,1,0,0,0,0
4.2,10,20.80629086197556,73.97030516765714,0,0,1,0,0,1
4.2,10,20.89036340963257,103.029052849642,0,0,1,0,0,1
4.2,10,21.01153629290324,10.5425936525728,0,1,0,0,0,0
4.2,10,21.01536369499048,167.5549020675436,0,0,1,0,0,1
4.2,10,21.01891033490241,167.3752434843714,0,0,1,0,0,1
4.2,10,21.203834381465352,228.23500584067864,0,0,1,0,0,1
4.2,10,21.207058798605903,228.234174870188,0,0,1,0,0,1
4.2,10,21.341091075246844,53.37579696627734,0,0,1,0,0,1
4.2,10,21.095719964690115,46.768789990006766,0,1,0,0,0,0
4.2,10,21.581330611306036,549.0202845351527,0,0,0,1,0,1
4.2,10,21.353130299982023,806.7590137393063,0,1,0,0,0,0
4.2,10,21.412937592494405,813.3235913141173,0,1,0,0,0,0
4.2,10,21.470218868525027,549.9084411291689,0,1,0,0,0,0
4.2,10,21.519553739714866,550.1658788569189,0,1,0,0,0,0
4.2,10,21.545690323499567,226.54922816712653,0,1,0,0,0,1
4.2,10,21.523268493822865,352.6184421479955,0,1,0,0,0,0
4.2,10,21.358723135847324,363.4132506766686,0,1,0,0,0,0
4.2,10,21.352859048422463,341.89183251150894,0,1,0,0,0,0
4.2,10,21.381205812497043,315.3660766532886,0,1,0,0,0,0
4.2,10,21.36547707687589,252.50737387143928,0,1,0,0,0,0
4.2,10,21.379061267651217,252.5205538891507,0,1,0,0,0,0
4.2,10,21.39291511528608,252.15428489336333,0,1,0,0,0,0
4.2,10,21.37384017928711,361.56318422262063,0,1,0,0,0,0
4.2,10,21.418410903211942,299.0608698719447,0,1,0,0,0,0
4.2,10,21.93142693598432,421.2385377123496,0,1,0,0,0,0
4.2,10,21.61172387480824,336.2951611751132,0,1,0,0,0,0
4.2,10,20.748178188889263,323.1584820957938,0,1,0,0,0,0
4.2,10,20.812454311438906,321.4700481214695,0,1,0,0,0,0
4.2,10,20.68511319922668,433.19343853228577,0,1,0,0,0,0
4.2,10,20.92083813945937,604.1046560526394,0,1,0,0,0,0
4.2,10,20.719198127139627,225.06753138365195,0,1,0,0,0,0
4.2,10,20.718985418905795,299.01167880308685,0,1,0,0,0,0
4.2,10,20.53420828834297,206.90059193695885,0,1,0,0,0,0
4.2,10,20.843515226821488,220.7314459573919,0,1,0,0,0,0
4.2,10,20.904279230115066,203.91991336134217,0,1,0,0,0,0
4.2,10,21.03540821105117,311.7358409762222,0,1,0,0,0,0
4.2,10,21.25184039569088,260.1763864220309,0,1,0,0,0,0
4.2,10,21.438690846573135,78.10589928493849,0,1,0,0,0,0
4.2,10,20.68864764424799,88.88764997097209,0,1,0,0,0,0
4.2,10,20.938200068266976,116.08239040839686,0,1,0,0,0,0
4.2,10,21.57468163361028,549.9148677990386,0,0,0,1,0,1
4.2,10,21.483693715761937,359.8127789131646,0,0,1,0,0,1
4.2,10,21.51240864994399,306.32135818896097,0,0,1,0,0,1
4.2,10,20.81728449205596,247.86900838952408,0,0,1,0,0,1
4.2,10,21.042157272861687,124.2804587813928,0,1,0,0,0,0
4.2,10,20.749506860910103,45.70992539195886,0,0,1,0,0,1
4.2,10,21.5118292120973,319.312169528549,0,1,0,0,0,0
4.2,10,21.59251565285827,365.1217353063156,0,1,0,0,0,0
4.2,10,21.63844425790682,272.16433035628813,0,1,0,0,0,0
4.2,10,21.63853893562996,272.0163912318812,0,1,0,0,0,0
4.2,10,21.502555385794142,45.33278166214385,0,1,0,0,0,0
4.2,10,21.733164181893876,289.3209174663069,0,1,0,0,0,0
4.2,10,21.67044268230902,187.0848529916184,0,1,0,0,0,0
4.2,10,21.767130017518667,41.500560341953694,0,1,0,0,0,0
4.2,10,21.650282061722727,59.584959202776254,0,1,0,0,0,1
4.2,10,21.592351890525716,364.8357767485388,0,1,0,0,0,0
4.2,10,21.592784260060306,365.3568899242287,0,1,0,0,0,0
4.2,10,21.40944453149985,187.79437248467008,0,0,0,1,0,0
4.2,10,21.599918666784983,161.31983577583907,0,1,0,0,0,0
4.2,10,21.866772979456076,34.55892669650736,0,1,0,0,0,0
4.2,10,21.35087257172852,126.07294270334646,0,1,0,0,0,0
4.2,10,21.8018610803948,55.212764815023256,0,1,0,0,0,0
4.2,10,21.83015667270812,25.19504571135133,0,1,0,0,0,0
4.2,10,21.635761428424484,88.389153965678,0,1,0,0,0,0
4.2,10,21.42651747160504,153.0712077432324,0,1,0,0,0,0
4.2,10,21.36271164645219,47.61300327802152,0,1,0,0,0,0
4.2,10,21.43070791053676,151.61969119205838,0,1,0,0,0,0
4.2,10,21.67510563673541,96.88653028392936,0,1,0,0,0,1
4.2,10,21.595643526118412,51.75489039893527,0,1,0,0,0,0
4.2,10,21.501624546406237,8.681168121255435,0,1,0,0,0,0
4.2,10,21.502579797613222,11.3316724517964,0,1,0,0,0,0
4.2,10,21.274829881497464,89.08886808192342,0,1,0,0,0,0
4.2,10,21.31905267525184,41.35258259917442,0,1,0,0,0,0
4.2,10,21.50265593513848,54.98193355892615,0,1,0,0,0,0
4.2,10,21.536118005326145,55.30709969151383,0,1,0,0,0,0
4.2,10,17.730059092750988,2368.842618159115,0,1,0,0,0,0
4.2,10,20.73350227436032,297.06765470619564,0,1,0,0,0,0
4.2,10,20.77437370863853,155.39892239935273,0,1,0,0,0,0
4.2,10,20.739497717509074,201.5422267321435,0,1,0,0,0,0
4.2,10,20.652633170749088,182.9040276965168,0,1,0,0,0,0
4.2,10,20.63713026411926,488.4149765884368,0,1,0,0,0,0
4.2,10,20.58500317665708,361.791911259742,0,1,0,0,0,0
4.2,10,20.8128532817763,411.6486193399218,0,1,0,0,0,0
4.2,10,20.92392177662685,78.13341453764693,0,1,0,0,0,0
4.2,10,20.970166352150343,341.5453122934724,0,1,0,0,0,0
4.2,10,20.67747141483829,85.2906816846407,0,1,0,0,0,0
4.2,10,20.596529123543935,240.61287323444287,0,1,0,0,0,0
4.2,10,20.54025471376257,48.510074201118826,0,1,0,0,0,0
4.2,10,20.357776930663405,299.30083005778624,0,1,0,0,0,1
4.2,10,20.49101851297324,503.5537506144755,0,1,0,0,0,0
4.2,10,20.491890458088715,464.6668539773904,0,1,0,0,0,0
4.2,10,20.655947056176505,194.9083635294973,0,1,0,0,0,0
4.2,10,20.56326403066492,109.2700536219034,0,1,0,0,0,0
4.2,10,20.44134916723637,107.53381080099334,0,1,0,0,0,0
4.2,10,20.366798693457586,154.7188698310543,0,1,0,0,0,0
4.2,10,20.551747931086368,492.1850448985846,0,1,0,0,0,0
4.2,10,20.57172005358016,495.87110474978886,0,1,0,0,0,0
4.2,10,20.598844263946265,125.29702313954714,0,1,0,0,0,0
4.2,10,20.57046564159866,48.609603796406255,0,1,0,0,0,0
4.2,10,20.4775395878973,55.267246160150805,0,1,0,0,0,0
4.2,10,20.45639876905888,72.6913691611667,0,1,0,0,0,0
4.2,10,20.313984794503916,258.5542351316012,0,1,0,0,0,1
4.2,10,20.15501714927282,77.8579852354303,0,1,0,0,0,0
4.2,10,20.538107986197875,481.5446498245617,0,1,0,0,0,0
4.2,10,20.71778257064338,10.627487685352031,0,1,0,0,0,0
4.2,10,20.06355508008261,23.40028011552937,0,1,0,0,0,0
4.2,10,20.0902627488898,60.716078753633774,0,1,0,0,0,0
4.2,10,20.23548887749252,119.6752690973332,0,1,0,0,0,0
4.2,10,20.477591768169464,115.8009060215782,0,1,0,0,0,0
4.2,10,20.47310007129662,535.1261254605566,0,1,0,0,0,1
4.2,10,20.495785507101427,118.84772670522288,0,1,0,0,0,0
4.2,10,20.537052513566422,132.6913211068016,0,1,0,0,0,0
4.2,10,20.519786012290208,119.537247817139,0,1,0,0,0,0
4.2,10,20.526573032707702,57.18076782697875,0,1,0,0,0,0
4.2,10,20.518497035513235,50.22801872304159,0,1,0,0,0,0
4.2,10,20.49991335221401,56.02567357996331,0,1,0,0,0,0
4.2,10,20.59803533748413,211.935250835756,0,1,0,0,0,1
4.2,10,20.445132049481565,111.21166590370169,0,1,0,0,0,0
4.2,10,20.460472706742017,48.38286179365727,0,1,0,0,0,0
4.2,10,20.454456135358164,52.229324809870334,0,1,0,0,0,0
4.2,10,20.453745148162856,18.716534851498835,0,1,0,0,0,0
4.2,10,20.440542861597446,8.921653469882258,0,1,0,0,0,0
4.2,10,20.43682869289612,44.84554390272624,0,1,0,0,0,0
4.2,10,20.600757012019272,64.33617642705225,0,1,0,0,0,0
4.2,10,20.604399946991222,102.27989947938302,0,1,0,0,0,0
4.2,10,20.59190024075374,49.88164245124876,0,1,0,0,0,0
4.2,10,20.57853954655272,87.88664977660555,0,1,0,0,0,0
4.2,10,20.26636150231832,86.35467818150414,0,1,0,0,0,0
4.2,10,20.2773898313376,96.7160555002517,0,1,0,0,0,0
4.2,10,20.249183580169923,46.40688440403962,0,1,0,0,0,0
4.2,10,20.24288633508881,43.95520622570661,0,1,0,0,0,0
4.2,10,20.237263582014705,42.3706826791879,0,1,0,0,0,0
4.2,10,20.23293789879992,42.024240099328914,0,1,0,0,0,0
4.2,10,20.279259790428803,54.51156115886617,0,1,0,0,0,0
4.2,10,20.274667386920434,28.428395740116947,0,1,0,0,0,0
4.2,10,19.81590104466694,398.8412402842428,0,1,0,0,0,0
4.2,10,20.07342462264561,78.09278204680156,0,1,0,0,0,0
4.2,10,19.50936194202563,13.541764279521704,0,1,0,0,0,0
4.2,10,19.5540919194956,92.5215654176896,0,1,0,0,0,0
4.2,10,19.72432470565629,257.9243569961675,0,1,0,0,0,0
4.2,10,19.85129945843217,11.260325041857117,0,1,0,0,0,0
4.2,10,19.849353777041216,119.43070009909312,0,1,0,0,0,0
4.2,10,19.85191890996583,58.82666459853316,0,1,0,0,0,0
4.2,10,20.031226536659933,25.238933556423618,0,1,0,0,0,0
4.2,10,19.98945898214285,95.42685498457988,0,1,0,0,0,0
4.2,10,19.85287940278848,69.6920180309812,0,1,0,0,0,0
4.2,10,19.74611519272961,184.36103911473592,0,1,0,0,0,0
4.2,10,20.29764482611907,396.2286901177082,0,1,0,0,0,0
4.2,10,19.97524386535133,188.57609857887564,0,1,0,0,0,0
4.2,10,19.412116627508023,941.4311763222518,0,1,0,0,0,0
4.2,10,19.52451709274737,66.14538060480105,0,1,0,0,0,0
4.2,10,19.38667741329486,258.68565174479534,0,1,0,0,0,0
4.2,10,19.914298615274564,476.4802276769049,0,1,0,0,0,0
4.2,10,19.82607264139006,370.1088847797877,0,1,0,0,0,0
4.2,10,19.107677125580043,1039.3849432252696,0,1,0,0,0,0
4.2,10,19.758080849968387,111.62135684853372,0,1,0,0,0,0
4.2,10,19.5085633424407,2161.956222088133,0,0,1,0,0,0
4.2,10,19.137929064936785,1158.2022052796126,0,1,0,0,0,0
4.2,10,20.178813891093984,168.72602366166117,0,1,0,0,0,0
4.2,10,20.142383098843865,293.8366491006475,0,1,0,0,0,0
4.2,10,19.577358010532983,676.5704647557216,0,1,0,0,0,0
4.2,10,18.55003844179548,1528.3923582664338,0,1,0,0,0,0
4.2,10,20.091402641265667,165.93453618249322,0,1,0,0,0,0
4.2,10,19.95873559028816,217.74968002501595,0,1,0,0,0,0
4.2,10,20.435335045929055,418.0919477199212,0,1,0,0,0,0
4.2,10,19.53389387186001,113.87825423009936,0,1,0,0,0,0
4.2,10,20.320353104195576,169.39825578012167,0,1,0,0,0,0
4.2,10,20.214821053048176,412.1663908749614,0,1,0,0,0,0
4.2,10,20.18308956743792,133.02766415084173,0,1,0,0,0,0
4.2,10,20.005547819086814,218.41313357085755,0,1,0,0,0,0
4.2,10,19.999274885974245,173.240561202948,0,1,0,0,0,0
4.2,10,20.209102029805308,152.55222007068434,0,1,0,0,0,0
4.2,10,20.162188106515973,84.20408545740733,0,1,0,0,0,0
4.2,10,20.13250780349821,110.42258743062524,0,1,0,0,0,0
4.2,10,20.126219036602503,137.06488254019737,0,1,0,0,0,0
4.2,10,19.810277094466823,184.9246015209877,0,1,0,0,0,0
4.2,10,20.32590469033528,138.70516369302612,0,1,0,0,0,0
4.2,10,20.395890869061223,207.47758143371087,0,1,0,0,0,0
4.2,10,19.98023889307091,127.11701504253072,0,1,0,0,0,0
4.2,10,20.379282391592405,55.99167218745063,0,1,0,0,0,0
4.2,10,20.325119544787405,35.37923084780343,0,1,0,0,0,0
4.2,10,20.330798600239216,24.738859638196622,0,1,0,0,0,0
4.2,10,19.331643642284856,66.58917306605916,0,1,0,0,0,0
4.2,10,19.72504770650434,51.81624054664419,0,1,0,0,0,0
4.2,10,19.357948212734403,91.45648644084316,0,1,0,0,0,0
4.2,10,19.32921755460981,36.579361550523245,0,1,0,0,0,0
4.2,10,21.359192885774856,285.76003197158497,0,1,0,0,0,0
4.2,10,21.4244810823463,145.27826465844555,0,1,0,0,0,0
4.2,10,21.3921384298284,68.28590963060483,0,1,0,0,0,0
4.2,10,21.507827518920923,169.44855083568527,0,1,0,0,0,0
4.2,10,21.361970973963164,104.1901652994508,0,1,0,0,0,0
4.2,10,21.414252588339217,87.27985706715745,0,1,0,0,0,0
4.2,10,21.306041764772505,60.57657140516794,0,1,0,0,0,0
4.2,10,21.275605283437557,118.7480083225025,0,1,0,0,0,0
4.2,10,21.3046767061844,56.5049293659186,0,1,0,0,0,0
4.2,10,21.305590446298226,59.46252675780106,0,1,0,0,0,0
4.2,10,21.20945746162831,135.5797078558497,0,1,0,0,0,0
4.2,10,21.204521031664168,333.81951611622713,0,1,0,0,0,0
4.2,10,21.30769311736896,52.21823039939878,0,1,0,0,0,0
4.2,10,21.308357940164587,62.790770141753015,0,1,0,0,0,0
4.2,10,21.35165698498167,24.06639479632469,0,1,0,0,0,0
4.2,10,21.248210945014183,56.0104793196365,0,1,0,0,0,0
4.2,10,21.385260881048875,34.749423406612124,0,1,0,0,0,0
4.2,10,21.41862798408506,75.260816560972,0,1,0,0,0,0
4.2,10,21.40320343012827,147.0845818440159,0,1,0,0,0,0
4.2,10,21.393470598467903,59.79698862716651,0,1,0,0,0,0
4.2,10,20.80898655439793,103.77535189189076,0,1,0,0,0,0
4.2,10,20.68730508991457,14.917676840412044,0,1,0,0,0,0
4.2,10,20.618387955349203,1098.73433153548,0,0,0,0,0,1
4.2,10,21.35608468849048,24.63603159878757,0,1,0,0,0,0
4.2,10,20.327829957803097,1281.830382328833,0,1,0,0,0,0
4.2,10,21.37070920800697,79.76259792213831,0,1,0,0,0,1
4.2,10,20.619244915237797,1109.6330384331045,0,0,0,0,0,1
4.2,10,20.841001668086413,325.389144369883,0,1,0,0,0,0
4.2,10,21.309407446341567,74.3465328102391,0,0,0,0,0,1
4.2,10,21.219411643780145,107.59121964420422,0,0,0,0,0,1
4.2,10,21.138053316532396,349.2802806852583,0,1,0,0,0,0
4.2,10,21.397801011027926,49.57226458699576,0,1,0,0,0,0
4.2,10,21.308300365091306,77.10360317675708,0,0,0,0,0,1
4.2,10,21.221386834126157,98.78446445607382,0,0,0,0,0,1
4.2,10,20.343694720102143,103.76095695286396,0,1,0,0,0,0
4.2,10,20.397085367591497,202.0454029539593,0,1,0,0,0,0
4.2,10,20.136140110211315,273.2118739925085,0,1,0,0,0,0
4.2,10,19.99587838524871,69.46935782637519,0,1,0,0,0,0
4.2,10,19.91496375871873,105.36143544283712,0,1,0,0,0,0
4.2,10,19.817360994735456,134.46022725434216,0,1,0,0,0,0
4.2,10,19.87232188228017,111.2817626028721,0,1,0,0,0,0
4.2,10,20.03082396672385,126.55685671667784,0,1,0,0,0,0
4.2,10,19.852708737942653,125.00845411653911,0,1,0,0,0,0
4.2,10,19.92045290648275,197.97456710395656,0,1,0,0,0,0
4.2,10,19.706790891045287,44.86516829682192,0,1,0,0,0,0
4.2,10,19.07276179144183,138.6037347574711,0,1,0,0,0,0
4.2,10,19.42984194286037,175.6422671981436,0,1,0,0,0,0
4.2,10,19.526946547308867,467.4116858817729,0,1,0,0,0,0
4.2,10,19.428356190527783,208.06753886234023,0,1,0,0,0,0
4.2,10,19.2590953721768,395.2629371915156,0,1,0,0,0,0
4.2,10,19.410441844219104,124.85045548805108,0,1,0,0,0,0
4.2,10,19.099853552861813,489.8900940732228,0,1,0,0,0,0
4.2,10,19.262736293125943,113.60764307113364,0,1,0,0,0,0
4.2,10,19.299444904830363,206.36092524742045,0,1,0,0,0,0
4.2,10,19.56577193134685,195.4808797230698,0,1,0,0,0,0
4.2,10,19.368133586625227,132.62093203148746,0,1,0,0,0,0
4.2,10,19.308358064459487,15.023205413396218,0,1,0,0,0,0
4.2,10,19.439200607900656,95.8422279629704,0,1,0,0,0,0
4.2,10,19.47499632090765,108.42276895928396,0,1,0,0,0,0
4.2,10,19.461547786064894,89.08420743852336,0,1,0,0,0,0
4.2,10,19.16731610701027,209.6931776990901,0,1,0,0,0,0
4.2,10,19.342558851183632,212.59225517479547,0,1,0,0,0,0
4.2,10,18.912377279661605,297.36317176012744,0,1,0,0,0,0
4.2,10,18.79215090410962,338.3532357735159,0,1,0,0,0,0
4.2,10,19.403682256929955,269.11014266468715,0,1,0,0,0,0
4.2,10,19.38460816973216,689.1214180573675,0,1,0,0,0,0
4.2,10,19.670935291843143,357.9387705692982,0,1,0,0,0,0
4.2,10,19.345278617698902,137.30770891310573,0,0,0,1,0,0
4.2,10,19.653327327827743,106.13358944529472,0,1,0,0,0,0
4.2,10,19.17823775758199,194.8749086482792,0,0,0,0,0,0
4.2,10,19.42030956791933,403.290310163089,0,0,0,0,0,1
4.2,10,19.39836179746956,395.4446053047266,0,0,0,0,0,0
4.2,10,19.359285896777312,703.9379038564159,0,0,0,0,0,1
4.2,10,19.172884770719374,289.396135164542,0,0,0,0,0,1
4.2,10,18.94858330175472,124.13466794158974,0,1,0,0,0,0
4.2,10,19.586656408325528,350.6510165918256,0,1,0,0,0,0
4.2,10,19.55566393564216,328.93892299925545,0,1,0,0,0,0
4.2,10,19.5414987301959,81.09228075159443,0,1,0,0,0,0
4.2,10,19.68369227411093,83.70482281318795,0,1,0,0,0,0
4.2,10,19.79288651310039,439.16026896306033,0,0,0,0,0,1
4.2,10,19.58594298258019,4.128164244044728,0,0,0,0,0,0
4.2,10,19.79392068527032,446.3849814062942,0,0,0,0,0,1
4.2,10,19.92662881668644,262.7487196769193,0,1,0,0,0,0
4.2,10,19.593271378162484,123.26935581791813,0,1,0,0,0,0
4.2,10,19.579822234357984,70.39137763443942,0,1,0,0,0,0
4.2,10,19.80946749437669,136.1495599725195,0,1,0,0,0,0
4.2,10,19.54023035964166,106.1826040546957,0,1,0,0,0,0
4.2,10,18.855474393333985,182.0209941342428,0,1,0,0,0,0
4.2,10,19.024544853835792,52.22628232285292,0,1,0,0,0,0
4.2,10,19.232098560417832,95.67693474451272,0,1,0,0,0,0
4.2,10,19.26523693984377,56.334147786383326,0,1,0,0,0,0
4.2,10,18.523312572397984,473.6892755941423,0,1,0,0,0,0
4.2,10,18.5535429723926,518.963300281263,0,1,0,0,0,0
4.2,10,18.892271438947724,169.6446967189332,0,1,0,0,0,0
4.2,10,18.802086685785078,384.6849216464874,0,1,0,0,0,0
4.2,10,18.731401002001768,62.70811269359739,0,1,0,0,0,0
4.2,10,18.712227322771668,55.34360911812407,0,1,0,0,0,0
4.2,10,18.68118031070997,269.4858419636041,0,1,0,0,0,0
4.2,10,18.732684965579125,70.91853247357577,0,1,0,0,0,0
4.2,10,18.965767088945096,106.56126965225002,0,1,0,0,0,0
4.2,10,18.87491600403745,80.7573746712131,0,1,0,0,0,0
4.2,10,19.01827718689862,275.0146158212034,0,1,0,0,0,0
4.2,10,19.144994791293165,194.4224572618413,0,1,0,0,0,0
4.2,10,18.79058257570766,48.3978786226796,0,1,0,0,0,0
4.2,10,18.84239560247166,70.91980325672863,0,1,0,0,0,0
4.2,10,18.859267959793065,76.29097691028508,0,1,0,0,0,0
4.2,10,19.01948117210533,31.747210230175423,0,1,0,0,0,0
4.2,10,18.79095465546483,61.95385951914752,0,1,0,0,0,0
4.2,10,18.824703816485467,20.801119153674705,0,1,0,0,0,0
4.2,10,18.737017235491543,247.20961679548188,0,1,0,0,0,0
4.2,10,18.652651595678247,39.59989719770896,0,1,0,0,0,0
4.2,10,18.961263979449605,16.12606497976276,0,1,0,0,0,0
4.2,10,18.567824272320077,250.6116050890586,0,1,0,0,0,0
4.2,10,18.388374313257184,74.20692607826442,0,1,0,0,0,0
4.2,10,18.43234751083546,300.3166339101033,0,1,0,0,0,0
4.2,10,18.693891157891255,34.59168899330196,0,1,0,0,0,0
4.2,10,18.83082773040307,53.11183933803274,0,1,0,0,0,0
4.2,10,18.811646801386036,42.86610000799551,0,1,0,0,0,0
4.2,10,18.688143906143356,31.24902053928514,0,1,0,0,0,0
4.2,10,18.73592076655665,20.420550869041502,0,1,0,0,0,0
4.2,10,18.740640313586685,75.80303859536308,0,1,0,0,0,0
4.2,10,18.73999210912359,216.0269937118716,0,1,0,0,0,0
4.2,10,18.66349201819225,128.83168305550294,0,1,0,0,0,0
4.2,10,18.43680639613568,110.98358744445758,0,1,0,0,0,0
4.2,10,18.416137911151772,42.56292154367439,0,1,0,0,0,0
4.2,10,18.382054326539155,71.52681359438755,0,1,0,0,0,0
4.2,10,18.83026033351524,299.3251684762797,0,1,0,0,0,0
4.2,10,18.308328829342305,621.6751770613847,0,1,0,0,0,0
4.2,10,18.31599339961918,379.5485020973929,0,1,0,0,0,0
4.2,10,18.2501295816395,560.6839476629226,0,1,0,0,0,0
4.2,10,18.33237483995523,118.28516584966208,0,1,0,0,0,0
4.2,10,18.149851820658583,322.1714107283313,0,1,0,0,0,0
4.2,10,18.481519786316134,444.1980096567167,0,1,0,0,0,0
4.2,10,18.71649083405448,146.8527875966237,0,1,0,0,0,0
4.2,10,18.424497836313176,403.03735415336126,0,1,0,0,0,0
4.2,10,18.49062212636956,112.60214258596542,0,1,0,0,0,0
4.2,10,18.37366937175524,164.60334317701208,0,1,0,0,0,0
4.2,10,18.387571251995062,31.187859660505246,0,1,0,0,0,0
4.2,10,18.278412277754928,66.45418465043464,0,1,0,0,0,0
4.2,10,18.33844006805734,65.50627940419416,0,1,0,0,0,0
4.2,10,18.250551317420047,93.13103387391794,0,1,0,0,0,0
4.2,10,18.519937788204118,215.7712890192976,0,1,0,0,0,0
4.2,10,20.821238006618444,459.05482908402166,0,1,0,0,0,0
4.2,10,20.703231512316204,48.12716075747447,0,1,0,0,0,0
4.2,10,21.17088556969879,83.46531054661642,0,1,0,0,0,0
4.2,10,20.753187431303367,32.17265072782443,0,1,0,0,0,0
4.2,10,20.859909268912315,76.67831261212663,0,1,0,0,0,0
4.2,10,20.88223736507874,148.18534779302215,0,1,0,0,0,0
4.2,10,19.762137430347675,761.9269160955159,0,0,0,1,0,0
4.2,10,19.936679124442467,225.3030729559464,0,1,0,0,0,0
4.2,10,19.029416651389408,415.9189817861638,0,1,0,0,0,0
4.2,10,18.695388931712,222.23700188955465,0,1,0,0,0,0
4.2,10,18.539556235826847,1440.763685266224,0,1,0,0,0,0
4.2,10,18.173817936971485,2540.4388180347005,0,0,0,0,0,0
4.2,10,18.34221637203099,197.2837599452997,0,1,0,0,0,0
4.3,10,18.494288489453723,304.3644674463369,0,1,0,0,0,1
4.3,10,19.150227042062888,334.854817788776,0,1,0,0,0,0
4.3,10,19.32740931762225,695.8516143659663,0,1,0,0,0,0
4.3,10,18.7710456049958,226.0831687403952,0,1,0,0,0,0
4.3,10,19.16093029559808,334.38094831616,0,1,0,0,0,0
4.3,10,19.020550502519427,86.6409247887356,0,1,0,0,0,0
4.3,10,19.285249041891667,608.3779301232823,0,0,0,1,0,1
4.3,10,19.27361197131802,589.8412924082332,0,0,0,1,0,1
4.3,10,19.013443213543635,514.7967337502447,0,0,0,1,0,1
4.3,10,19.007118694524188,555.7214270657979,0,0,0,1,0,1
4.3,10,18.90848955460738,743.6237152385429,0,0,0,1,0,1
4.3,10,18.70135329192204,338.7799712436523,0,1,0,0,0,1
4.3,10,18.72158429114385,571.8688928984491,0,1,0,0,0,1
4.3,10,18.974395188263724,72.76175702414321,0,0,0,1,0,1
4.3,10,18.77446529570337,201.0233467237804,0,0,0,1,0,1
4.3,10,18.48314911666891,442.0969465199373,0,1,0,0,0,1
4.3,10,18.87568026018609,700.6289300491355,0,1,0,0,0,0
4.3,10,18.205491358983423,28.564072210688124,0,1,0,0,0,0
4.3,10,18.938056416455566,1013.4438244598526,0,0,0,1,0,1
4.3,10,18.31725677401118,470.8485188768407,0,1,0,0,0,0
4.3,10,18.679449095589028,134.88620542085744,0,1,0,0,0,1
4.3,10,18.634311676771592,325.8406889755462,0,1,0,0,0,0
4.3,10,18.422433345399146,33.81804707509349,0,0,0,1,0,1
4.3,10,18.422433345399146,27.0057110383233,0,0,0,1,0,1
4.3,10,18.253712913676637,184.29153958651577,0,1,0,0,0,1
4.3,10,18.261039389244655,243.0595011305093,0,1,0,0,0,1
4.3,10,18.268929188087554,230.65386808968407,0,1,0,0,0,1
4.3,10,18.570272641949465,156.15608943176431,0,1,0,0,0,0
4.3,10,18.39476694457113,208.9568677098557,0,1,0,0,0,0
4.3,10,18.58108617570757,102.40924283206056,0,1,0,0,0,0
4.3,10,18.448016802281927,136.60985299431258,0,1,0,0,0,0
4.3,10,18.68935558355064,134.76024459742771,0,1,0,0,0,1
4.3,10,18.727651048311504,65.8490246342879,0,1,0,0,0,0
4.3,10,18.45071704824548,83.4233461372355,0,1,0,0,0,0
4.3,10,18.64336118994525,112.34559459757868,0,1,0,0,0,0
4.3,10,18.55306590573987,241.731053853642,0,0,0,1,0,1
4.3,10,18.680003708290062,8.105233444637209,0,1,0,0,0,0
4.3,10,18.4748747791159,137.22749182080418,0,1,0,0,0,1
4.3,10,18.69371287735653,169.41216413864896,0,1,0,0,0,0
4.3,10,18.339930243137093,94.23118380122268,0,1,0,0,0,0
4.3,10,18.334732480539586,164.32873932173572,0,1,0,0,0,1
4.3,10,18.335353386863545,160.0583684431548,0,1,0,0,0,1
4.3,10,18.336996340510478,142.763226755689,0,1,0,0,0,0
4.3,10,18.22461805941096,209.3735917233021,0,1,0,0,0,0
4.3,10,18.221818152770734,353.13016841652404,0,1,0,0,0,0
4.3,10,18.84595308056589,122.80593668108776,0,1,0,0,0,0
4.3,10,18.62760302512428,96.24729301508408,0,1,0,0,0,1
4.3,10,18.61789015905875,94.71429113672994,0,1,0,0,0,1
4.3,10,18.851158353659574,230.15905157321723,0,0,0,1,0,1
4.3,10,18.852292794307065,246.36663905119497,0,0,0,1,0,1
4.3,10,18.974132874310342,17.187901695007383,0,0,0,1,0,1
4.3,10,18.97398880550382,12.523101903261429,0,0,0,1,0,1
4.3,10,18.83394860909793,86.18600799610255,0,1,0,0,0,0
4.3,10,18.31969986107169,111.81526598282282,0,1,0,0,0,0
4.3,10,18.432521831035952,102.24791152574556,0,1,0,0,0,1
4.3,10,18.574822090359365,108.7993696701492,0,1,0,0,0,0
4.3,10,18.67076485373936,108.61872264479398,0,1,0,0,0,0
4.3,10,18.315604495065244,331.7609611801652,0,1,0,0,0,1
4.3,10,18.384485498191648,48.50636524753127,0,1,0,0,0,0
4.3,10,18.388291566813415,50.18546022346658,0,1,0,0,0,0
4.3,10,18.98086345711577,52.749742125932485,0,0,0,1,0,1
4.3,10,18.96172787545626,52.7317141798262,0,0,0,1,0,1
4.3,10,18.95353777003362,72.39469187386604,0,0,0,1,0,1
4.3,10,18.48774613435845,88.11659928511604,0,1,0,0,0,1
4.3,10,18.50909826851694,54.68411069150906,0,1,0,0,0,1
4.3,10,18.510947702129013,24.89461266748181,0,1,0,0,0,0
4.3,10,18.48774613435845,86.93604510604756,0,1,0,0,0,1
4.3,10,18.427986595179963,104.02801580486924,0,1,0,0,0,1
4.3,10,18.443769253994443,55.00920909677474,0,1,0,0,0,0
4.3,10,18.515737873993537,13.050284527613348,0,1,0,0,0,0
4.3,10,18.750483395899597,63.90600267693989,0,1,0,0,0,0
4.3,10,18.73582748516209,133.1816455706609,0,1,0,0,0,1
4.3,10,18.628215273433263,183.96219818047825,0,1,0,0,0,1
4.3,10,18.53175193240317,11.96579179772858,0,1,0,0,0,0
4.3,10,18.55414013939576,33.57557703966273,0,1,0,0,0,1
4.3,10,18.692387739497427,54.61296433895083,0,1,0,0,0,1
4.3,10,18.78418193344355,110.6164239770453,0,1,0,0,0,0
4.3,10,18.72396733377952,99.7761516454042,0,1,0,0,0,1
4.3,10,18.60870013969984,243.4208776399183,0,1,0,0,0,1
4.3,10,18.533532174555116,94.29773220516972,0,1,0,0,0,1
4.3,10,18.70234368364392,53.489823586484725,0,1,0,0,0,1
4.3,10,18.32042480353448,310.4756827327067,0,1,0,0,0,1
4.3,10,18.44964611362471,75.95891824830728,0,1,0,0,0,0
4.3,10,18.52632250537763,116.70334921305054,0,1,0,0,0,1
4.3,10,18.5203988041716,116.63770651764392,0,1,0,0,0,1
4.3,10,18.529123762459253,10.158002496495769,0,1,0,0,0,0
4.3,10,18.625992802329467,104.10959827239115,0,1,0,0,0,0
4.3,10,18.981439434786548,10.980598599219263,0,0,0,1,0,1
4.3,10,18.966680704962425,11.5453558609021,0,0,0,1,0,1
4.3,10,19.45355263606524,225.56819313437435,0,1,0,0,0,0
4.3,10,19.395490719312,226.58510146826856,0,1,0,0,0,0
4.3,10,19.032909516679968,220.89696614249047,0,1,0,0,0,0
4.3,10,19.112880140975815,247.68806370163884,0,1,0,0,0,0
4.3,10,19.20821739092198,247.8046554081185,0,1,0,0,0,0
4.3,10,19.2141504435358,245.43657173545955,0,1,0,0,0,0
4.3,10,19.107795016299164,247.71614489555668,0,1,0,0,0,0
4.3,10,19.09019125955441,222.32990793674028,0,1,0,0,0,0
4.3,10,18.887941313294903,261.28217381542026,0,0,0,1,0,1
4.3,10,18.83082785735955,104.55926440316526,0,1,0,0,0,0
4.3,10,18.83564931929842,155.1702375685863,0,1,0,0,0,0
4.3,10,18.95727233802933,164.5735409988647,0,1,0,0,0,0
4.3,10,19.016914171196863,146.0096823679477,0,1,0,0,0,0
4.3,10,19.15961950289833,568.7882092029527,0,0,0,1,0,1
4.3,10,19.626980750317355,227.179529311646,0,1,0,0,0,0
4.3,10,19.484855623940167,230.61164774442275,0,1,0,0,0,0
4.3,10,19.50385672966177,246.18337387742963,0,1,0,0,0,0
4.3,10,19.323858109162472,226.4583705351604,0,1,0,0,0,0
4.3,10,19.267958558239624,227.0893893714016,0,1,0,0,0,0
4.3,10,19.24591665986994,245.6203241972088,0,1,0,0,0,0
4.3,10,19.266729930218865,366.8145854981536,0,1,0,0,0,0
4.3,10,19.12049788976368,57.92634604100982,0,1,0,0,0,0
4.3,10,19.148632755513177,249.9144911518317,0,1,0,0,0,0
4.3,10,19.128766663363496,112.18777134806884,0,1,0,0,0,0
4.3,10,19.142310226238635,248.49640751857092,0,1,0,0,0,0
4.3,10,19.51023318450968,246.551405088048,0,1,0,0,0,0
4.3,10,18.971137269477403,30.66962632528418,0,1,0,0,0,0
4.3,10,19.58370921262476,42.35364165974346,0,0,0,1,0,1
4.3,10,19.626027950080605,119.87414093596412,0,0,0,1,0,1
4.3,10,19.589226270841586,14.584546515866396,0,0,0,1,0,0
4.3,10,19.640287274295453,76.53712986203533,0,0,0,1,0,1
4.3,10,19.634292224949814,93.34345263279398,0,0,0,1,0,1
4.3,10,19.63661404877184,92.19805065697224,0,0,0,1,0,1
4.3,10,18.94759593161609,33.1450623385572,0,1,0,0,0,0
4.3,10,19.5788614470876,23.389110941212827,0,0,0,1,0,1
4.3,10,19.517295605625208,1137.6003858049348,0,1,0,0,0,0
4.3,10,20.24259503028939,132.32235279855908,0,1,0,0,0,0
4.3,10,19.83490273043487,247.8459003660864,0,1,0,0,0,0
4.3,10,19.958526942918315,235.5926122283809,0,1,0,0,0,0
4.3,10,20.016796203149596,220.96440021833288,0,1,0,0,0,0
4.3,10,19.60913469720811,249.25415546431427,0,1,0,0,0,0
4.3,10,19.603860616128323,248.0396418981713,0,1,0,0,0,0
4.3,10,19.64959441575041,309.03455240139664,0,1,0,0,0,0
4.3,10,19.72386740267512,648.2048017535491,0,1,0,0,0,0
4.3,10,19.581426992975352,1106.99704189035,0,1,0,0,0,0
4.3,10,20.54990202897287,801.8959430605998,0,1,0,0,0,0
4.3,10,19.33997514984004,423.815118496895,0,1,0,0,0,0
4.3,10,19.51987625583264,131.5686154701172,0,1,0,0,0,0
4.3,10,19.51516487290558,132.45050269328647,0,1,0,0,0,0
4.3,10,19.47127318543059,246.4043029877172,0,1,0,0,0,0
4.3,10,19.590574214875133,318.5613398125939,0,1,0,0,0,0
4.3,10,19.424499927027625,284.05608854792774,0,1,0,0,0,0
4.3,10,19.476332412204474,245.84303176566308,0,1,0,0,0,0
4.3,10,19.293312075992777,288.5156275900139,0,1,0,0,0,0
4.3,10,19.23187781969156,225.96316838715123,0,1,0,0,0,0
4.3,10,19.35734573216331,688.550238128322,0,1,0,0,0,0
4.3,10,19.06386852173832,233.08154822822084,0,1,0,0,0,0
4.3,10,18.94010488374432,1429.0438627203737,0,1,0,0,0,0
4.3,10,19.543429339200923,430.2921308919063,0,1,0,0,0,0
4.3,10,19.39061365392589,548.4439970279692,0,0,0,1,0,1
4.3,10,19.377809913313044,520.5380468539837,0,0,0,1,0,1
4.3,10,20.536306460354705,789.8013748532004,0,0,0,1,0,1
4.3,10,18.94574376673022,1008.1717495359828,0,0,0,1,0,1
4.3,10,19.951364628376915,395.7850992389177,0,1,0,0,0,0
4.3,10,20.10278089679757,618.8393404270547,0,0,0,1,0,1
4.3,10,20.09212539938921,615.2765063450715,0,0,0,1,0,1
4.3,10,20.50324075636764,836.1519604348279,0,1,0,0,0,0
4.3,10,19.936547807713943,417.4797235192687,0,0,0,1,0,1
4.3,10,20.17262468404048,1522.2107394945451,0,0,0,1,0,1
4.3,10,20.17862712547637,1521.624751401402,0,0,0,1,0,1
4.3,10,20.203398651920885,264.7589206876436,0,1,0,0,0,0
4.3,10,20.147702736479463,251.4543368474347,0,1,0,0,0,0
4.3,10,20.496103836274667,727.684731020604,0,1,0,0,0,0
4.3,10,20.360542519541735,264.94248698389833,0,1,0,0,0,0
4.3,10,20.334133682138116,248.5103221771824,0,1,0,0,0,0
4.3,10,20.32907195861049,248.4781380762073,0,1,0,0,0,0
4.3,10,19.70198615006941,47.468973571348265,0,0,0,1,0,1
4.3,10,19.70408684808216,46.972994660772365,0,0,0,1,0,1
4.3,10,19.7058866726195,46.71925618528916,0,0,0,1,0,1
4.3,10,19.70827933821378,46.86517170482762,0,0,0,1,0,1
4.3,10,20.15772375576069,191.1160778341384,0,0,0,1,0,1
4.3,10,20.146325751315366,188.536215949148,0,0,0,1,0,1
4.3,10,20.354798508208955,265.65683301075853,0,1,0,0,0,0
4.3,10,19.767041761638485,90.68051575180706,0,1,0,0,0,0
4.3,10,19.905811657664444,141.363381427582,0,1,0,0,0,0
4.3,10,19.8194686768452,169.36752316018357,0,1,0,0,0,0
4.3,10,19.760379012982487,179.64492373981713,0,1,0,0,0,0
4.3,10,20.21692917871967,221.7956292189868,0,1,0,0,0,0
4.3,10,20.21231386664319,222.5076135739614,0,1,0,0,0,0
4.3,10,19.83984617841328,247.03897011965373,0,1,0,0,0,0
4.3,10,19.96679292643034,249.68427660914423,0,1,0,0,0,0
4.3,10,19.97287618945787,249.260641899219,0,1,0,0,0,0
4.3,10,19.847522028976726,230.29892228816607,0,1,0,0,0,0
4.3,10,19.790078953785137,230.87084469452725,0,1,0,0,0,0
4.3,10,19.86727276595689,244.76794096958028,0,1,0,0,0,0
4.3,10,19.873702623973703,245.1042581309592,0,1,0,0,0,0
4.3,10,19.99030994439095,227.99440685264528,0,1,0,0,0,0
4.3,10,19.68594838460334,227.10790945592709,0,1,0,0,0,0
4.3,10,19.72861330330696,187.24082312911523,0,0,0,1,0,1
4.3,10,19.960893728118663,357.53926836425074,0,1,0,0,0,0
4.3,10,19.935110257219808,416.8609546575837,0,0,0,1,0,1
4.3,10,20.04704118709013,228.12815682204985,0,1,0,0,0,0
4.3,10,20.21381306470311,143.31270274067393,0,1,0,0,0,0
4.3,10,20.169849637012376,244.71946309752607,0,1,0,0,0,0
4.3,10,20.22823851223213,101.74802221874111,0,1,0,0,0,0
4.3,10,20.32935409057021,244.58847820645065,0,1,0,0,0,0
4.3,10,20.141260953889716,78.34191176288715,0,0,0,1,0,1
4.3,10,20.12991333059962,79.88138024170178,0,0,0,1,0,1
4.3,10,18.563555790892764,260.92248686147286,0,1,0,0,0,0
4.3,10,18.528745846532956,313.0649075905794,0,1,0,0,0,0
4.3,10,18.638798849078015,355.25719251106455,0,1,0,0,0,0
4.3,10,18.54175839648102,127.22530677918787,0,1,0,0,0,0
4.3,10,18.447404388990588,130.67485973109862,0,1,0,0,0,0
4.3,10,19.021536050712257,730.7880517832672,0,1,0,0,0,0
4.3,10,18.955903518342595,478.0929296666675,0,1,0,0,0,0
4.3,10,19.171528336840616,262.8998574861602,0,1,0,0,0,0
4.3,10,19.03287574523295,778.4596955190843,0,0,1,0,0,1
4.3,10,18.897568385218182,244.71717912240416,0,1,0,0,0,0
4.3,10,18.932662142927683,269.83716285134665,0,1,0,0,0,0
4.3,10,19.097551607274998,794.3565087091185,0,1,0,0,0,0
4.3,10,19.062478682219968,448.38783802596834,0,1,0,0,0,0
4.3,10,19.38544020336962,212.3132364896045,0,1,0,0,0,0
4.3,10,19.27829595955677,527.4644937366955,0,1,0,0,0,0
4.3,10,19.19237177805172,360.65019507335165,0,1,0,0,0,0
4.3,10,19.163491625125445,262.9428434646358,0,1,0,0,0,0
4.3,10,18.551733759752064,246.4206247930444,0,1,0,0,0,0
4.3,10,18.5765155469275,294.9569628259614,0,1,0,0,0,0
4.3,10,18.754075438999983,348.27252337484776,0,1,0,0,0,0
4.3,10,18.803776348778648,347.8686423141569,0,1,0,0,0,0
4.3,10,18.96755663522515,454.1123682082477,0,1,0,0,0,0
4.3,10,19.121421195355538,785.45315726014,0,1,0,0,0,0
4.3,10,18.681112168101524,557.8818187149966,0,0,0,1,0,1
4.3,10,18.68954796742471,557.3366131268899,0,0,0,1,0,1
4.3,10,18.81284559224941,254.9369398077493,0,0,0,1,0,1
4.3,10,18.80148353379623,252.0222529358156,0,0,0,1,0,1
4.3,10,18.458671728358592,607.5210284884432,0,0,0,1,0,1
4.3,10,18.457588426795944,612.28709761282,0,0,0,1,0,1
4.3,10,18.509979010411683,481.3997824670992,0,1,0,0,0,0
4.3,10,18.77095004447742,103.6473015199873,0,1,0,0,0,0
4.3,10,19.25435316657102,142.7642297599618,0,1,0,0,0,0
4.3,10,18.326398235837356,647.1993960368553,0,0,1,0,0,1
4.3,10,19.030976404973355,777.8804485412265,0,0,1,0,0,1
4.3,10,18.329261975943965,639.2668376802603,0,0,1,0,0,1
4.3,10,19.40537379531965,292.0806899191252,0,0,0,1,0,0
4.3,10,18.78206634075937,226.28198306133183,0,1,0,0,0,0
4.3,10,18.776688986889024,218.85730394439432,0,1,0,0,0,0
4.3,10,19.053459497719764,41.62418146216248,0,0,0,1,0,1
4.3,10,18.68522505829622,68.3373080742785,0,1,0,0,0,0
4.3,10,19.13771321971884,100.10816298612414,0,1,0,0,0,0
4.3,10,19.18711607181505,99.53249452642596,0,1,0,0,0,0
4.3,10,19.23243781523539,99.9439408006502,0,1,0,0,0,0
4.3,10,19.28160214204603,99.13197998356928,0,1,0,0,0,0
4.3,10,19.042743732501584,104.4190026316398,0,1,0,0,0,0
4.3,10,18.908675944805807,169.8935287377654,0,1,0,0,0,0
4.3,10,18.992767590764725,104.69542719165835,0,1,0,0,0,0
4.3,10,18.73666161172644,90.94198614623843,0,0,0,1,0,1
4.3,10,18.76763491357562,122.394256528763,0,0,0,1,0,1
4.3,10,18.74609872562792,91.41197155472454,0,0,0,1,0,1
4.3,10,18.75776338394584,120.71009800532056,0,0,0,1,0,1
4.3,10,18.776323493969368,65.13416414636349,0,0,0,1,0,1
4.3,10,18.776323493969368,65.25890804650697,0,0,0,1,0,1
4.3,10,18.74550974494153,238.57493600690472,0,1,0,0,0,0
4.3,10,19.016955546923715,519.5961373851926,0,0,0,1,0,0
4.3,10,19.17619364423629,143.7361843215816,0,1,0,0,0,0
4.3,10,19.0057938091183,307.5344866721535,0,1,0,0,0,0
4.3,10,18.65952476186072,121.45287760722545,0,1,0,0,0,0
4.3,10,18.56009858032483,123.5653856367438,0,1,0,0,0,0
4.3,10,18.69381556785728,232.111318029287,0,1,0,0,0,0
4.3,10,18.62003686117611,97.74138654644211,0,1,0,0,0,0
4.3,10,18.999996229389307,133.42251518382542,0,1,0,0,0,0
4.3,10,18.9505314300751,15.450885129215468,0,1,0,0,0,0
4.3,10,18.938630584255836,13.489871069172011,0,1,0,0,0,0
4.3,10,19.081130996487097,13.13687919785574,0,1,0,0,0,0
4.3,10,19.06305844449791,51.24393220330757,0,1,0,0,0,0
4.3,10,20.0322283547137,1187.046168608776,0,0,0,1,0,0
4.3,10,19.269118997040025,747.5313440579326,0,0,0,1,0,0
4.3,10,18.83043199589815,769.9619607304982,0,1,0,0,0,0
4.3,10,19.732633557191505,171.1734775614018,0,1,0,0,0,0
4.3,10,19.617983938512975,334.9678178437784,0,1,0,0,0,0
4.3,10,19.787108293881644,411.18751093370406,0,1,0,0,0,0
4.3,10,19.54762908873848,407.102788710132,0,1,0,0,0,0
4.3,10,19.570512945160228,54.2445204920496,0,1,0,0,0,0
4.3,10,19.5886855141652,916.4268990592798,0,1,0,0,0,0
4.3,10,19.184748532693277,316.63835191233113,0,1,0,0,0,0
4.3,10,19.449514704977958,495.6710874864089,0,1,0,0,0,0
4.3,10,19.2022142275871,198.6019367055612,0,1,0,0,0,0
4.3,10,19.103344052689597,119.03675328779045,0,1,0,0,0,0
4.3,10,19.504713333459915,41.31239571139946,0,1,0,0,0,0
4.3,10,19.793062439610143,339.26294224917825,0,1,0,0,0,0
4.3,10,19.424767814362667,13.698035131360236,0,1,0,0,0,0
4.3,10,19.43284471929068,128.77996129876863,0,1,0,0,0,0
4.3,10,19.439372855089893,180.24233839721893,0,1,0,0,0,0
4.3,10,19.447930708075333,99.2498644110216,0,1,0,0,0,0
4.3,10,19.363417664578712,129.55732422407158,0,1,0,0,0,0
4.3,10,19.418807067972853,276.25228566117653,0,1,0,0,0,0
4.3,10,19.109579697202665,136.06629036382265,0,1,0,0,0,0
4.3,10,19.045952967585094,100.9470898002742,0,1,0,0,0,0
4.3,10,19.41242521601508,21.44792909648802,0,1,0,0,0,0
4.3,10,19.228758578646683,514.1411680009701,0,1,0,0,0,0
4.3,10,18.960453224479156,60.982999919924254,0,1,0,0,0,0
4.3,10,18.83388356648461,15.111157297998584,0,0,0,1,0,1
4.3,10,19.27241163479433,133.90614867287957,0,1,0,0,0,0
4.3,10,19.175169383685382,163.82462989892528,0,1,0,0,0,0
4.3,10,19.054246547616827,84.24327576902948,0,1,0,0,0,0
4.3,10,19.09425703843676,129.61859453045727,0,1,0,0,0,0
4.3,10,19.660823155311483,76.24010312462525,0,1,0,0,0,0
4.3,10,19.59620242898914,178.0630809675996,0,1,0,0,0,0
4.3,10,19.610855717349157,255.2195822720508,0,1,0,0,0,0
4.3,10,19.229564170671505,885.9919035661948,0,1,0,0,0,0
4.3,10,19.207247067442168,148.2584866110292,0,1,0,0,0,0
4.3,10,19.538804328391787,374.6173122755369,0,1,0,0,0,0
4.3,10,19.65720892502969,69.70291159032244,0,1,0,0,0,0
4.3,10,19.06987522074728,83.17573624950992,0,1,0,0,0,0
4.3,10,19.435084272992786,64.76223194849538,0,1,0,0,0,0
4.3,10,19.361443766941477,94.33007155828764,0,1,0,0,0,0
4.3,10,19.207032240470173,346.0959215535913,0,1,0,0,0,0
4.3,10,19.657333042996083,75.93712483102733,0,1,0,0,0,0
4.3,10,19.601997935180837,331.554603652956,0,0,0,1,0,0
4.3,10,19.52692380128717,315.7390817173245,0,1,0,0,0,0
4.3,10,19.3435022420133,32.56428721580276,0,1,0,0,0,0
4.3,10,19.77711347585249,44.11741526256323,0,0,0,1,0,0
4.3,10,19.701318069291457,31.72598781217374,0,0,0,1,0,0
4.3,10,19.635164564973,404.19417318668746,0,0,1,0,0,1
4.3,10,19.813017155765625,51.4131648738046,0,0,1,0,0,1
4.3,10,19.612364695963,353.16363512394764,0,0,1,0,0,1
4.3,10,19.426558291111952,40.20444519337948,0,0,1,0,0,1
4.3,10,19.38605010745656,35.00086031840798,0,1,0,0,0,0
4.3,10,19.418211224085283,27.340483666816485,0,0,0,1,0,1
4.3,10,19.426558291111952,40.21272661398304,0,0,1,0,0,1
4.3,10,19.58730752035709,129.19266190598557,0,1,0,0,0,0
4.3,10,19.545877159393424,64.9284344064769,0,0,0,1,0,1
4.3,10,19.536863756070808,65.13043903381312,0,0,0,1,0,1
4.3,10,19.5186231127422,9.320297629368602,0,0,0,1,0,0
4.3,10,19.494923057691977,10.436297276152713,0,1,0,0,0,0
4.3,10,19.54522894644039,14.992176649305009,0,0,0,1,0,0
4.3,10,19.400505372331505,102.47033130282892,0,1,0,0,0,0
4.3,10,19.58713232856503,224.6811941158504,0,1,0,0,0,0
4.3,10,19.706703141324684,190.27561546864044,0,1,0,0,0,0
4.3,10,19.63678894098762,192.5094739756776,0,1,0,0,0,0
4.3,10,19.420864352300555,445.5267249432695,0,1,0,0,0,0
4.3,10,19.30520653491121,242.70031060776896,0,1,0,0,0,0
4.3,10,19.530341085394625,584.5065356555798,0,1,0,0,0,0
4.3,10,19.76305110474584,532.3025448834971,0,1,0,0,0,0
4.3,10,20.443090495582076,448.9309502950244,0,1,0,0,0,0
4.3,10,20.31430282731786,362.52284962796375,0,0,0,1,0,1
4.3,10,20.550444115815505,788.5675386573193,0,1,0,0,0,0
4.3,10,20.26751122024677,316.705556542717,0,0,0,1,0,1
4.3,10,19.4851966548607,643.5928614428785,0,0,0,1,0,1
4.3,10,19.57851320909868,282.7840937171931,0,0,0,1,0,1
4.3,10,19.47431369569113,642.8961770912376,0,0,0,1,0,1
4.3,10,19.570011926511544,284.625764095446,0,0,0,1,0,1
4.3,10,20.25485494580262,317.52984256478544,0,0,0,1,0,1
4.3,10,20.328345095645847,363.70997014860257,0,0,0,1,0,1
4.3,10,20.45373518844598,1126.4744744292072,0,0,1,0,0,1
4.3,10,19.959085774671745,868.2248089879133,0,0,0,1,0,0
4.3,10,20.19571564180085,219.3477727307061,0,1,0,0,0,0
4.3,10,20.14649772087356,232.65771112706983,0,1,0,0,0,0
4.3,10,20.537558653362183,789.8022156042739,0,0,0,1,0,1
4.3,10,20.45681879750014,1120.4738027034032,0,0,1,0,0,1
4.3,10,19.870631946451223,64.94454752445316,0,0,1,0,0,1
4.3,10,19.86655642652647,62.50453250745959,0,0,1,0,0,1
4.3,10,20.70724474312334,533.8939857114128,0,1,0,0,0,0
4.3,10,20.491079951360728,102.87030171208376,0,1,0,0,0,0
4.3,10,19.96202796337579,49.77578655603914,0,1,0,0,0,0
4.3,10,20.535912542291097,367.7401531448594,0,1,0,0,0,0
4.3,10,20.513330200665173,64.9139489659875,0,1,0,0,0,0
4.3,10,20.59390162996208,199.3394868464553,0,1,0,0,0,0
4.3,10,20.469960430449923,154.94614079338885,0,1,0,0,0,0
4.3,10,20.585999736196555,412.8379336713797,0,1,0,0,0,0
4.3,10,19.965595892908205,373.5296428497567,0,1,0,0,0,0
4.3,10,19.988804807596715,701.620161749252,0,1,0,0,0,0
4.3,10,19.92462916457904,319.05224050944923,0,1,0,0,0,0
4.3,10,20.046942607894884,414.00384665086574,0,1,0,0,0,0
4.3,10,20.00644019785578,164.14496974224124,0,1,0,0,0,0
4.3,10,20.076407420637405,143.12164793001298,0,1,0,0,0,0
4.3,10,20.088467706255205,221.90821506300333,0,1,0,0,0,0
4.3,10,20.101716213702638,222.3774670374084,0,1,0,0,0,0
4.3,10,19.94812325015192,101.9494049771024,0,1,0,0,0,0
4.3,10,19.98249468182308,165.46230270563447,0,1,0,0,0,0
4.3,10,19.93838408164725,462.5933168635979,0,1,0,0,0,0
4.3,10,19.894289567876463,292.2554527404765,0,1,0,0,0,0
4.3,10,20.120882576367944,245.3041954858478,0,1,0,0,0,0
4.3,10,20.23689442876427,331.5559374045997,0,1,0,0,0,0
4.3,10,20.38402721266081,10.057928025065891,0,1,0,0,0,0
4.3,10,20.19209974273017,324.3552767445024,0,0,0,1,0,1
4.3,10,20.182369221958407,322.16284422909416,0,0,0,1,0,1
4.3,10,20.14315569973857,151.83959291089937,0,1,0,0,0,0
4.3,10,19.95287678885422,367.3976011025552,0,1,0,0,0,0
4.3,10,19.94514714778357,47.99885152573137,0,1,0,0,0,0
4.3,10,20.152053267820985,76.98464414136139,0,0,0,1,0,1
4.3,10,20.2363059826023,245.25710402327672,0,1,0,0,0,0
4.3,10,20.385395645861763,94.5274699262171,0,1,0,0,0,0
4.3,10,20.42948757325298,71.89241771136562,0,1,0,0,0,0
4.3,10,20.4103448823365,326.7709872930001,0,1,0,0,0,0
4.3,10,20.30438376777941,258.2724959038204,0,1,0,0,0,0
4.3,10,20.022767626304454,172.06815810864876,0,1,0,0,0,0
4.3,10,20.14669165869282,161.95122421944146,0,1,0,0,0,0
4.3,10,20.033166890081656,30.67602338377884,0,1,0,0,0,0
4.3,10,20.218374339657505,170.08206611835314,0,0,0,1,0,1
4.3,10,20.229549748141217,171.18281509499764,0,0,0,1,0,1
4.3,10,20.21730103098857,71.7426766025203,0,0,0,1,0,1
4.3,10,20.247888863429285,53.97260441241113,0,1,0,0,0,0
4.3,10,20.34108582676661,126.62384770000747,0,1,0,0,0,0
4.3,10,20.091437755942327,294.6452652703528,0,1,0,0,0,0
4.3,10,20.43007031898569,255.51795579965136,0,1,0,0,0,0
4.3,10,20.426186452266023,147.4361369461943,0,1,0,0,0,0
4.3,10,20.45821621429966,48.082004968690704,0,1,0,0,0,0
4.3,10,20.469595274419333,141.25205651085025,0,1,0,0,0,0
4.3,10,20.42921253799508,245.0210175107585,0,1,0,0,0,0
4.3,10,20.453911626095238,286.7942790979734,0,1,0,0,0,0
4.3,10,20.297643080556035,53.00276822097079,0,1,0,0,0,0
4.3,10,20.589722901120886,217.971612971166,0,1,0,0,0,0
4.3,10,20.25090992072124,243.02477513138183,0,1,0,0,0,0
4.3,10,20.231281199813736,81.14760562711908,0,1,0,0,0,0
4.3,10,20.26710916016357,187.4540803195179,0,1,0,0,0,0
4.3,10,20.191803193690426,53.79682823533998,0,1,0,0,0,0
4.3,10,20.26278640574789,141.9571379622363,0,1,0,0,0,0
4.3,10,20.199571674789624,242.3794492221995,0,1,0,0,0,0
4.3,10,20.189550438567064,154.19841631923757,0,1,0,0,0,0
4.3,10,20.1618709182875,55.48766188044418,0,1,0,0,0,0
4.3,10,20.154958023038603,108.43853404737727,0,1,0,0,0,0
4.3,10,20.22633780817157,100.2906784715034,0,1,0,0,0,0
4.3,10,20.2152494668796,119.30308758284664,0,1,0,0,0,0
4.3,10,20.130058431615097,56.49582538786116,0,1,0,0,0,0
4.3,10,20.643806295893803,89.39262039229854,0,1,0,0,0,0
4.3,10,20.58630322928577,141.07682318329458,0,1,0,0,0,0
4.3,10,20.056732041563546,172.62488384718085,0,1,0,0,0,0
4.3,10,20.04214564109348,190.1255406897863,0,1,0,0,0,0
4.3,10,20.52148226902803,531.1449472118136,0,1,0,0,0,0
4.3,10,20.371913346309046,234.6212838496077,0,1,0,0,0,0
4.3,10,20.32548210431122,242.3462626046213,0,1,0,0,0,0
4.3,10,20.3306100664888,49.6482261773561,0,1,0,0,0,0
4.3,10,20.47816167438578,87.35205894337838,0,1,0,0,0,0
4.3,10,20.28145778546834,50.70918931643571,0,1,0,0,0,0
4.3,10,20.324353882650584,41.50175387207327,0,1,0,0,0,0
4.3,10,20.36746540937668,45.52193033322545,0,1,0,0,0,0
4.3,10,20.412662353885025,45.93643107409793,0,1,0,0,0,0
4.3,10,20.15150954513801,9.454279351658084,0,1,0,0,0,0
4.3,10,20.38426963070773,245.81524950124705,0,1,0,0,0,0
4.3,10,20.297661777617847,88.87078504415545,0,0,0,1,0,1
4.3,10,20.69400621454671,16.421297550863546,0,1,0,0,0,0
4.3,10,19.867137388538552,190.01997829510816,0,1,0,0,0,0
4.3,10,19.69549282487912,66.54188029137103,0,1,0,0,0,0
4.3,10,19.521231562759247,92.88297699180112,0,1,0,0,0,0
4.3,10,20.16675712401811,138.931680885543,0,1,0,0,0,0
4.3,10,19.660531129198837,43.66191194056015,0,1,0,0,0,0
4.3,10,19.60250723636831,10.012622180216962,0,0,0,1,0,1
4.3,10,19.92297827383961,102.35028309612298,0,1,0,0,0,0
4.3,10,19.87863937788408,191.1641639205736,0,1,0,0,0,0
4.3,10,19.853161750995525,244.0278573321124,0,1,0,0,0,0
4.3,10,19.976556698424705,246.7179241602205,0,1,0,0,0,0
4.3,10,20.177655834507814,207.10653736112607,0,1,0,0,0,0
4.3,10,19.783010093046425,17.80462200996548,0,1,0,0,0,0
4.3,10,19.76733326843196,146.71645004646592,0,1,0,0,0,0
4.3,10,19.753645627201266,56.48156595115452,0,1,0,0,0,0
4.3,10,19.63062502942803,51.57047702449298,0,1,0,0,0,0
4.3,10,19.811054834020435,9.988348466384789,0,1,0,0,0,0
4.3,10,19.90200132845579,199.50162791304783,0,1,0,0,0,0
4.3,10,19.795649773441603,103.8950929163343,0,1,0,0,0,0
4.3,10,20.418420813887032,251.838675199694,0,1,0,0,0,0
4.3,10,20.06414381832113,217.75062539124173,0,1,0,0,0,0
4.3,10,20.33460707749553,408.31078458733657,0,1,0,0,0,0
4.3,10,20.3743365215641,252.01843281488576,0,1,0,0,0,0
4.3,10,20.18022284716216,145.27030355970476,0,1,0,0,0,0
4.3,10,20.09080779522736,95.3148844064081,0,1,0,0,0,0
4.3,10,20.15328303812125,110.30188894761886,0,1,0,0,0,0
4.3,10,20.414800893721825,86.37789708518451,0,1,0,0,0,0
4.3,10,20.29853019240262,153.56652893413863,0,1,0,0,0,0
4.3,10,20.50009432234736,50.165926531953815,0,1,0,0,0,0
4.3,10,20.441460660638715,51.17887771223258,0,1,0,0,0,0
4.3,10,21.104066834762392,899.0035563781269,0,0,0,1,0,1
4.3,10,21.178540332471627,542.9756577682066,0,0,0,1,0,1
4.3,10,20.496663456756888,380.8873992987132,0,1,0,0,0,0
4.3,10,20.41951372818792,143.87816000950835,0,1,0,0,0,0
4.3,10,20.61408402826813,308.7702694699147,0,1,0,0,0,0
4.3,10,20.76217589241729,429.2024679520272,0,1,0,0,0,0
4.3,10,20.80215615946264,431.6016102903381,0,1,0,0,0,0
4.3,10,20.82405695058316,648.0568143586947,0,1,0,0,0,0
4.3,10,20.657050301857304,307.6580487134016,0,1,0,0,0,0
4.3,10,20.83242370157154,474.98918996679095,0,1,0,0,0,0
4.3,10,20.875223057561843,472.7345833647447,0,1,0,0,0,0
4.3,10,20.959309427436853,479.3197150857478,0,1,0,0,0,0
4.3,10,20.53010278797163,85.1044503882953,0,1,0,0,0,0
4.3,10,20.54194205734633,286.8522100470911,0,1,0,0,0,0
4.3,10,21.13536898358871,384.18212810651374,0,1,0,0,0,0
4.3,10,21.121932487908367,580.430312714662,0,1,0,0,0,0
4.3,10,21.256336632789367,326.0537625773193,0,1,0,0,0,0
4.3,10,21.20443853068563,333.3780281206402,0,1,0,0,0,0
4.3,10,21.038266837818718,786.0609490614431,0,1,0,0,0,0
4.3,10,20.826829637983383,295.5275314405337,0,1,0,0,0,0
4.3,10,20.84967298549563,404.6265890726759,0,1,0,0,0,0
4.3,10,20.89101207168453,403.7635116056796,0,1,0,0,0,0
4.3,10,20.93711094549616,402.7404886489337,0,1,0,0,0,0
4.3,10,21.082670730663747,365.6216884926444,0,1,0,0,0,0
4.3,10,21.047894459296128,323.96065858977124,0,1,0,0,0,0
4.3,10,21.08640419897165,271.1560083890394,0,1,0,0,0,0
4.3,10,21.04517314196297,271.5737051526084,0,1,0,0,0,0
4.3,10,21.00200297396068,271.9878234385009,0,1,0,0,0,0
4.3,10,20.32557881159293,659.0567543304383,0,1,0,0,0,0
4.3,10,20.451599587751137,435.2087073473136,0,1,0,0,0,0
4.3,10,20.323394691456528,478.6018740214645,0,1,0,0,0,0
4.3,10,20.53114167454952,406.4590318162548,0,1,0,0,0,0
4.3,10,20.5483993623417,199.26633250243444,0,1,0,0,0,0
4.3,10,21.09530804212646,406.1539597133449,0,0,0,1,0,1
4.3,10,20.546740827289977,50.231448552843375,0,1,0,0,0,0
4.3,10,20.892247902488105,492.7955557985834,0,1,0,0,0,0
4.3,10,20.50852185438192,144.18740635167208,0,1,0,0,0,0
4.3,10,20.13099124192503,136.13011329001966,0,1,0,0,0,0
4.3,10,20.02902290232108,193.9285186714241,0,1,0,0,0,0
4.3,10,20.70693793993875,159.56372194352153,0,1,0,0,0,0
4.3,10,20.677826808657795,201.26557865112315,0,1,0,0,0,0
4.3,10,20.63887540134999,199.4663043122431,0,1,0,0,0,0
4.3,10,20.57465118455069,151.25084609745494,0,1,0,0,0,0
4.3,10,20.68049717386957,349.0232773513684,0,1,0,0,0,0
4.3,10,20.1616851490532,383.0356055431566,0,1,0,0,0,0
4.3,10,20.70685023794082,361.8232614550508,0,1,0,0,0,0
4.3,10,20.48316654987218,85.30170104859621,0,1,0,0,0,0
4.3,10,21.108446397995056,1013.4040285346738,0,0,0,1,0,1
4.3,10,21.094822517255256,413.49496489928737,0,0,0,1,0,1
4.3,10,21.172508057082684,550.7597029039908,0,0,0,1,0,1
4.3,10,20.505780693881185,173.29270262121605,0,1,0,0,0,0
4.3,10,20.184115416737523,187.4060474542374,0,1,0,0,0,0
4.3,10,19.95047264853025,91.00239885488214,0,1,0,0,0,0
4.3,10,19.912770117486534,153.4419729117976,0,1,0,0,0,0
4.3,10,20.63825030891709,662.3621793417724,0,0,0,1,0,1
4.3,10,20.75577628143485,109.58342598796187,0,1,0,0,0,0
4.3,10,20.804661912151417,142.27085097726945,0,1,0,0,0,0
4.3,10,20.681906765468888,549.0119157076114,0,0,0,1,0,1
4.3,10,20.603145180111515,403.0195486695157,0,1,0,0,0,0
4.3,10,20.678652046539508,142.8172072570603,0,1,0,0,0,0
4.3,10,20.79087240004825,134.44169197583506,0,1,0,0,0,0
4.3,10,20.719045053942487,78.79435087787674,0,1,0,0,0,0
4.3,10,20.624946588412584,178.2257195390242,0,1,0,0,0,0
4.3,10,20.56954072855621,205.77528487920603,0,1,0,0,0,0
4.3,10,20.53331672223918,51.02395229273801,0,1,0,0,0,0
4.3,10,20.50877406931259,229.41595064700493,0,1,0,0,0,0
4.3,10,20.412643539308817,128.72217651300977,0,0,0,1,0,1
4.3,10,20.761602906984397,121.71001300373209,0,1,0,0,0,0
4.3,10,20.7211224317006,116.22869552595589,0,1,0,0,0,0
4.3,10,20.36840109744623,83.69186782408747,0,0,0,1,0,1
4.3,10,20.35565942775356,83.89559809916274,0,0,0,1,0,1
4.3,10,20.364865935292293,6.217325855061672,0,0,0,1,0,1
4.3,10,20.632626047777727,86.28834022873454,0,1,0,0,0,0
4.3,10,20.6700333386999,78.10920586011439,0,1,0,0,0,0
4.3,10,20.87993931744869,15.083537578835651,0,1,0,0,0,0
4.3,10,20.361010721652963,56.76679656268043,0,0,0,1,0,0
4.3,10,20.77706603929127,197.51045045341388,0,1,0,0,0,0
4.3,10,20.7758204203166,458.0099510924268,0,1,0,0,0,0
4.3,10,21.14369274588034,246.9136745595643,0,1,0,0,0,0
4.3,10,21.10269401526154,246.25136425183925,0,1,0,0,0,0
4.3,10,20.906520274980817,65.55453889122302,0,1,0,0,0,0
4.3,10,20.816138543376592,126.24410297353052,0,1,0,0,0,0
4.3,10,20.65616757784313,192.48538998425911,0,1,0,0,0,0
4.3,10,20.641624326618377,181.68164609045925,0,1,0,0,0,0
4.3,10,20.685911918899848,62.40315162211422,0,1,0,0,0,0
4.3,10,20.4843083786961,96.97052008513528,0,1,0,0,0,0
4.3,10,20.54639462548793,130.28210329027422,0,1,0,0,0,0
4.3,10,20.556234656061758,50.40398183719382,0,1,0,0,0,0
4.3,10,20.506579855430832,13.87086191970756,0,1,0,0,0,0
4.3,10,20.519100687249043,31.88140942087416,0,1,0,0,0,0
4.3,10,20.537700066110823,56.71530039759492,0,1,0,0,0,0
4.3,10,20.54037477336324,82.46417237983707,0,1,0,0,0,0
4.3,10,20.63121182981589,172.6161232170989,0,1,0,0,0,0
4.3,10,20.81277212385617,45.34640085010094,0,1,0,0,0,0
4.3,10,20.75390202853737,206.00641529141865,0,1,0,0,0,0
4.3,10,20.9221438207826,8.761477560805906,0,0,0,1,0,1
4.3,10,20.808389240551872,235.4621008947322,0,0,0,1,0,0
4.3,10,20.62160458421781,34.097650129589056,0,1,0,0,0,0
4.3,10,20.48521267235088,204.39995445533145,0,1,0,0,0,0
4.3,10,20.445693337071503,114.19768140748344,0,1,0,0,0,0
4.3,10,20.57084846795796,264.46540801503187,0,1,0,0,0,0
4.3,10,20.574872147050588,264.048287537012,0,1,0,0,0,0
4.3,10,20.655642636362945,187.88544109940167,0,1,0,0,0,0
4.3,10,20.8086207804345,11.87679803999491,0,1,0,0,0,0
4.3,10,20.701713380914345,205.6546404854465,0,1,0,0,0,0
4.3,10,20.71286256289224,140.57000709104057,0,1,0,0,0,0
4.3,10,20.5336484707819,244.053958616738,0,1,0,0,0,0
4.3,10,20.73769822668144,244.0464645110572,0,1,0,0,0,0
4.3,10,20.909207387621247,37.2979303025436,0,0,0,1,0,1
4.3,10,20.7152602221835,218.19755931096608,0,1,0,0,0,0
4.3,10,20.578976598465367,244.37461446846189,0,1,0,0,0,0
4.3,10,20.711332191362885,218.46507304616915,0,1,0,0,0,0
4.3,10,20.745553066033622,217.0606771164612,0,1,0,0,0,0
4.3,10,20.85161056567317,46.21531511347977,0,1,0,0,0,0
4.3,10,20.836325535493614,297.14263437022163,0,1,0,0,0,0
4.3,10,20.5999238262827,263.5920615424484,0,1,0,0,0,0
4.3,10,20.78744961186396,244.4583136930322,0,1,0,0,0,0
4.3,10,20.37760905676048,245.0317405459283,0,1,0,0,0,0
4.3,10,20.42354048716087,245.4708506287648,0,1,0,0,0,0
4.3,10,20.92719489782245,97.36997330728266,0,0,1,0,0,1
4.3,10,20.629934450153343,244.7156354122185,0,1,0,0,0,0
4.3,10,20.856423169401992,55.820994958328136,0,1,0,0,0,0
4.3,10,20.822302978038824,49.72883549286616,0,1,0,0,0,0
4.3,10,20.690474496942297,117.11829124722088,0,1,0,0,0,0
4.3,10,20.60441167714204,263.25188306202034,0,1,0,0,0,0
4.3,10,20.7992158302868,100.63249067870652,0,1,0,0,0,0
4.3,10,20.894984835941568,59.05191731219167,0,0,0,1,0,1
4.3,10,20.821891295393407,42.4550917675463,0,1,0,0,0,0
4.3,10,20.906559982212197,28.809513279536613,0,0,1,0,0,1
4.3,10,20.90086880408283,42.376746106207406,0,0,1,0,0,1
4.3,10,20.92433153879148,37.91031307075006,0,0,1,0,0,1
4.3,10,20.3874642909514,200.76320128289424,0,1,0,0,0,0
4.3,10,20.33019093871959,185.4945895445284,0,1,0,0,0,0
4.3,10,20.46434558993007,672.453239885764,0,1,0,0,0,0
4.3,10,21.766635807818048,309.4935534607309,0,1,0,0,0,0
4.3,10,20.927965353546007,636.2030794264614,0,0,1,0,0,1
4.3,10,20.978342566786385,732.246931114232,0,0,1,0,0,1
4.3,10,20.50452327182903,239.92838405783965,0,1,0,0,0,0
4.3,10,20.70883896006832,224.9446722683999,0,1,0,0,0,0
4.3,10,20.600600856029388,240.24064689098373,0,1,0,0,0,0
4.3,10,20.55064627968741,240.0826645383587,0,1,0,0,0,0
4.3,10,20.81427003979741,166.91708859424784,0,1,0,0,0,0
4.3,10,20.834891202347723,10.471565364424976,0,1,0,0,0,0
4.3,10,22.246606467384403,471.41808301673024,0,1,0,0,0,0
4.3,10,21.950492896305317,361.0621158602297,0,1,0,0,0,0
4.3,10,23.37191986734391,1075.3079286565464,0,1,0,0,0,0
4.3,10,23.317087053806503,186.10210107427443,0,1,0,0,0,0
4.3,10,22.438220742636545,694.6583876890359,0,1,0,0,0,0
4.3,10,20.78476169188592,378.0426131970976,0,1,0,0,0,0
4.3,10,20.965437299821797,119.41566520055883,0,0,1,0,0,1
4.3,10,20.86196519086994,84.35476600898936,0,1,0,0,0,0
4.3,10,20.8694661505645,83.36086563371009,0,1,0,0,0,0
4.3,10,20.843872387014397,80.70698102358016,0,1,0,0,0,0
4.3,10,20.866632612534705,55.8456231869791,0,1,0,0,0,0
4.3,10,20.819134092416853,39.6652556649684,0,1,0,0,0,0
4.3,10,20.89387347733156,11.539202773204668,0,1,0,0,0,0
4.3,10,20.907348630477145,52.848772194566536,0,1,0,0,0,0
4.3,10,20.87698382494008,83.17533190158613,0,1,0,0,0,0
4.3,10,20.92178277903659,58.82771953112463,0,1,0,0,0,0
4.3,10,20.951176523320157,51.86447017515467,0,1,0,0,0,0
4.3,10,20.87228440611388,106.79806249070587,0,1,0,0,0,0
4.3,10,20.899074190393264,81.37409394987117,0,1,0,0,0,0
4.3,10,20.91451595677971,53.30286676954589,0,1,0,0,0,0
4.3,10,20.521501773118647,31.446319879088392,0,1,0,0,0,0
4.3,10,20.940663975500847,18.29788639912347,0,1,0,0,0,0
4.3,10,20.927411770849208,33.31829643257721,0,1,0,0,0,0
4.3,10,20.964279479424757,14.335754367552674,0,0,1,0,0,0
4.3,10,20.97678689620124,12.850819625794609,0,0,1,0,0,0
4.3,10,21.012099985646323,79.99959880240341,0,1,0,0,0,0
4.3,10,21.001153244700983,95.5802322725434,0,1,0,0,0,0
4.3,10,21.060626223447933,51.44174600138202,0,1,0,0,0,0
4.3,10,20.854148067322186,289.4619074271157,0,1,0,0,0,0
4.3,10,21.043076715427546,512.1019317233206,0,1,0,0,0,0
4.3,10,21.039100313716435,329.4826849836558,0,0,1,0,0,1
4.3,10,21.172347891377164,76.32715277615408,0,1,0,0,0,0
4.3,10,21.239436174485164,28.85627074171481,0,1,0,0,0,0
4.3,10,21.21240171520299,96.62822442698148,0,1,0,0,0,0
4.3,10,21.112715757459004,28.9556733349078,0,1,0,0,0,0
4.3,10,21.09399022953563,27.84221241386296,0,1,0,0,0,0
4.3,10,21.09014217744339,50.54421960735315,0,1,0,0,0,0
4.3,10,20.990689180074277,292.8785626209772,0,1,0,0,0,0
4.3,10,21.0582451167252,23.03851182479792,0,1,0,0,0,0
4.3,10,21.27381620101342,49.46851428316447,0,1,0,0,0,0
4.3,10,21.033310394318484,44.5554203876351,0,1,0,0,0,0
4.3,10,21.034039125946588,27.23368004957509,0,1,0,0,0,0
4.3,10,21.060755005238462,23.24948346144852,0,1,0,0,0,0
4.3,10,21.036753808663335,27.205277085523605,0,1,0,0,0,0
4.3,10,21.12743815300981,62.58313720886182,0,1,0,0,0,0
4.3,10,21.12580657611431,47.55029301516164,0,1,0,0,0,0
4.3,10,21.1161691030027,100.2772670813651,0,1,0,0,0,0
4.3,10,22.37425434724524,893.1541605066424,0,1,0,0,0,0
4.3,10,20.96329762048082,487.2970117754178,0,1,0,0,0,0
4.3,10,21.00402265777361,570.0560839355832,0,0,1,0,0,1
4.3,10,21.47202162678781,818.114634637849,0,0,0,1,0,0
4.3,10,22.12489035092593,221.8338571895152,0,1,0,0,0,0
4.3,10,21.93676468604417,406.3657136786584,0,1,0,0,0,0
4.3,10,20.98025293602393,611.7397390899404,0,1,0,0,0,0
4.3,10,21.90011771657522,130.50191867408162,0,1,0,0,0,0
4.3,10,21.91503824594633,106.87651003869236,0,1,0,0,0,0
4.3,10,21.361082054684225,597.6456141687039,0,1,0,0,0,0
4.3,10,21.133995817043186,982.1445564370172,0,0,1,0,0,1
4.3,10,21.10196419607412,862.1747160565099,0,1,0,0,0,0
4.3,10,21.015978756241523,562.8242443444443,0,0,1,0,0,1
4.3,10,21.16090768336881,980.5873583570118,0,0,1,0,0,1
4.3,10,22.187012346101525,471.8841836527543,0,1,0,0,0,0
4.3,10,22.151914175254475,319.44948590111886,0,1,0,0,0,0
4.3,10,21.9316821862274,80.66939676464774,0,1,0,0,0,0
4.3,10,21.613006353675203,729.7013711902121,0,1,0,0,0,0
4.3,10,21.329834566973293,413.97819468045066,0,1,0,0,0,0
4.3,10,21.379775956571933,470.75391214852135,0,1,0,0,0,0
4.3,10,21.326200824572084,90.99690791030886,0,1,0,0,0,0
4.3,10,21.294523579040188,291.15854519198734,0,1,0,0,0,0
4.3,10,21.74639617421837,202.379036466918,0,1,0,0,0,0
4.3,10,21.806001530675417,160.24613937278292,0,1,0,0,0,0
4.3,10,21.296265818702548,207.16539591749145,0,1,0,0,0,0
4.3,10,22.124103589874743,342.079427816233,0,1,0,0,0,0
4.3,10,22.193348048663044,176.3825255987698,0,1,0,0,0,0
4.3,10,22.106119010286413,109.98889515752528,0,1,0,0,0,0
4.3,10,20.675012521541014,69.90859397516445,0,1,0,0,0,0
4.3,10,21.182974309462978,817.462368836812,0,1,0,0,0,0
4.3,10,21.25507756773985,89.70860605890148,0,1,0,0,0,0
4.3,10,21.709104963876676,73.93220039562287,0,1,0,0,0,0
4.3,10,21.849369418006063,96.43822521934496,0,1,0,0,0,0
4.3,10,21.82838334402837,120.37671831563196,0,1,0,0,0,0
4.3,10,21.892256891452305,135.17065698416746,0,1,0,0,0,0
4.3,10,21.89869595180321,45.03329584849755,0,1,0,0,0,0
4.3,10,21.45173678701653,91.6865128817842,0,1,0,0,0,0
4.3,10,22.00578261763272,367.4650814826636,0,1,0,0,0,0
4.3,10,21.91878668305769,50.54223865034507,0,1,0,0,0,0
4.3,10,21.81334066719498,260.80379045887673,0,1,0,0,0,0
4.3,10,21.700494684059414,573.9386975330156,0,1,0,0,0,0
4.3,10,21.85638953836318,144.33908526238798,0,1,0,0,0,0
4.3,10,21.759532712601565,300.36938202901746,0,1,0,0,0,0
4.3,10,21.65395519953629,102.01738217256316,0,1,0,0,0,0
4.3,10,21.74912676340548,305.91097547168613,0,1,0,0,0,0
4.3,10,21.69485592529702,69.41577018038316,0,1,0,0,0,0
4.3,10,21.377163107535065,134.90154119866236,0,1,0,0,0,0
4.3,10,21.35872907008454,132.05918250868115,0,1,0,0,0,0
4.3,10,21.20492487580176,30.22986281338782,0,1,0,0,0,0
4.3,10,21.272908547247397,91.00218908685709,0,1,0,0,0,0
4.3,10,21.271425057847715,28.26913731630865,0,1,0,0,0,0
4.3,10,21.099818296088078,46.5828831172477,0,1,0,0,0,0
4.3,10,21.14420929722636,147.37931221445731,0,1,0,0,0,0
4.3,10,21.388771260065703,324.776723723229,0,1,0,0,0,0
4.3,10,21.294903651490014,203.9755409177465,0,1,0,0,0,0
4.3,10,21.265624041584157,78.19758455998179,0,0,1,0,0,1
4.3,10,21.28751275414557,54.16969615113719,0,0,1,0,0,1
4.3,10,21.26341193381545,27.76453652823825,0,0,1,0,0,1
4.3,10,21.242092651461945,75.69114509622894,0,0,1,0,0,1
4.3,10,21.465225706269383,21.03902005078229,0,1,0,0,0,0
4.3,10,21.453964849467667,4.132342319004735,0,1,0,0,0,0
4.3,10,21.47547564844625,1.8744537752159347,0,1,0,0,0,0
4.3,10,21.087347476852997,133.03650926439838,0,1,0,0,0,0
4.3,10,21.14547982610821,25.57034603595447,0,1,0,0,0,0
4.3,10,21.06543005622372,168.4516590557837,0,1,0,0,0,0
4.3,10,21.176107355031903,23.427677842640943,0,1,0,0,0,0
4.3,10,21.15571413341237,26.08679394718236,0,1,0,0,0,0
4.3,10,21.20024089002628,72.69867829422496,0,1,0,0,0,0
4.3,10,20.952504664222296,51.1190504263312,0,1,0,0,0,0
4.3,10,21.15301511386645,63.88091430830356,0,1,0,0,0,0
4.3,10,21.61765867032737,233.8629467635245,0,1,0,0,0,0
4.3,10,21.76350052111225,49.584599704234,0,1,0,0,0,0
4.3,10,21.84518841872203,47.27535797076176,0,1,0,0,0,0
4.3,10,21.231669341462755,245.62067230764188,0,1,0,0,0,0
4.3,10,21.50087698278321,42.163342673176174,0,1,0,0,0,0
4.3,10,21.539922510550262,244.9548186485173,0,1,0,0,0,0
4.3,10,21.15526769060177,92.40428493856724,0,1,0,0,0,0
4.3,10,21.58754609111801,119.77197107711746,0,1,0,0,0,0
4.3,10,21.650357730719936,125.21371390299556,0,1,0,0,0,0
4.3,10,21.18911890523632,61.25161546569736,0,1,0,0,0,0
4.3,10,21.63377658274645,43.2535597212823,0,1,0,0,0,0
4.3,10,21.6857024746496,98.70249495381726,0,1,0,0,0,0
4.3,10,21.57591422033595,279.09398025829216,0,0,0,1,0,0
4.3,10,21.75712194541257,93.08453897350836,0,1,0,0,0,0
4.3,10,21.71699671610132,56.627548840093255,0,1,0,0,0,0
4.3,10,21.761564963035543,340.27747462200284,0,1,0,0,0,0
4.3,10,21.74414832604625,88.80970041827598,0,1,0,0,0,0
4.3,10,21.310965256738186,69.13151400047118,0,1,0,0,0,0
4.3,10,21.498164921459846,1113.8511541118462,0,0,1,0,0,1
4.3,10,22.419652330450727,365.64058158029206,0,1,0,0,0,0
4.3,10,22.201636079061917,267.96018620176386,0,1,0,0,0,0
4.3,10,21.2851184281108,365.1871400956596,0,1,0,0,0,0
4.3,10,21.61903062306513,689.4027669901633,0,1,0,0,0,0
4.3,10,21.67755113629068,636.0539900092799,0,1,0,0,0,0
4.3,10,21.705647442640352,567.9755112173814,0,1,0,0,0,0
4.3,10,21.79522064234056,575.3128646854993,0,1,0,0,0,0
4.3,10,21.83513327283486,574.7529353104052,0,1,0,0,0,0
4.3,10,21.886998915812026,540.1669721257488,0,1,0,0,0,0
4.3,10,21.94873818703504,436.8499428942665,0,1,0,0,0,0
4.3,10,21.42371183523745,695.9560480267629,0,1,0,0,0,0
4.3,10,21.38253907168165,577.6698545616057,0,1,0,0,0,0
4.3,10,21.290855653942856,335.22960069142937,0,1,0,0,0,0
4.3,10,21.473989736547992,696.1786365277121,0,1,0,0,0,0
4.3,10,21.522053897262253,696.3421948597148,0,1,0,0,0,0
4.3,10,21.49299998135696,371.1215325833661,0,1,0,0,0,0
4.3,10,21.46731191431227,308.45263110990464,0,1,0,0,0,0
4.3,10,21.424279071235105,309.0971036729504,0,1,0,0,0,0
4.3,10,21.239182206357224,395.3833305671154,0,1,0,0,0,0
4.3,10,21.21691060674089,269.850851830783,0,1,0,0,0,0
4.3,10,21.17398834390956,270.0867376542883,0,1,0,0,0,0
4.3,10,21.11797632486969,202.95513702110767,0,1,0,0,0,0
4.3,10,22.59993728549481,480.5993067445032,0,1,0,0,0,0
4.3,10,22.482847074659723,677.0056827811665,0,1,0,0,0,0
4.3,10,22.36007723551752,294.09364391176683,0,1,0,0,0,0
4.3,10,22.540716001593506,236.5121894100809,0,1,0,0,0,0
4.3,10,22.54055159726286,215.92521397608635,0,1,0,0,0,0
4.3,10,22.365570142773265,85.58510939368301,0,1,0,0,0,1
4.3,10,21.818124994159824,1140.9176808463385,0,1,0,0,0,0
4.3,10,22.12760403905665,107.5512141636794,0,1,0,0,0,0
4.3,10,21.664303657544103,1089.568008853888,0,1,0,0,0,0
4.3,10,22.178698921811648,334.59848703598726,0,1,0,0,0,0
4.3,10,22.052029960738828,28.385297681192583,0,1,0,0,0,0
4.3,10,21.75018782769072,567.1465731811318,0,1,0,0,0,0
4.3,10,22.0555221008348,92.74746145535966,0,1,0,0,0,0
4.3,10,22.299632052853465,228.36961989001304,0,1,0,0,0,0
4.3,10,21.588658428217137,254.70050304578703,0,1,0,0,0,0
4.3,10,21.849496293063236,1016.9636271395376,0,1,0,0,0,0
4.3,10,21.81664155798274,85.68664356395496,0,1,0,0,0,0
4.3,10,21.75353005741664,177.29661764545756,0,1,0,0,0,0
4.3,10,22.01994911591628,47.89412665502419,0,1,0,0,0,0
4.3,10,21.480651049851463,1145.0665308117518,0,0,1,0,0,1
4.3,10,22.497482910578626,207.8307273507556,0,1,0,0,0,0
4.3,10,22.55620921943078,159.94714305144652,0,1,0,0,0,0
4.3,10,22.58990441840834,99.44559028889792,0,1,0,0,0,0
4.3,10,21.603480451520813,255.5463066665477,0,1,0,0,0,0
4.3,10,22.311001429386536,90.99704585081024,0,1,0,0,0,0
4.3,10,22.257327448304498,196.00788780873137,0,1,0,0,0,0
4.3,10,21.83645431905952,167.35995366540533,0,1,0,0,0,0
4.3,10,21.81032916276304,167.19934341308138,0,1,0,0,0,0
4.3,10,21.888503272941787,96.6416411710695,0,1,0,0,0,0
4.3,10,21.575420114841695,274.6637791082936,0,1,0,0,0,0
4.3,10,21.54519977595568,137.04688419445134,0,1,0,0,0,0
4.3,10,21.85936329188788,34.03305275747826,0,1,0,0,0,0
4.3,10,21.6492094591206,156.76323288004022,0,1,0,0,0,0
4.3,10,21.659045415422447,158.00689483772993,0,1,0,0,0,0
4.3,10,22.136487952844632,279.2471374684297,0,1,0,0,0,0
4.3,10,22.004065446010728,626.182626684892,0,1,0,0,0,0
4.3,10,22.19523744091559,150.37827278922424,0,1,0,0,0,0
4.3,10,21.86473874610212,319.6097773391808,0,1,0,0,0,0
4.3,10,22.13791955136684,174.6947073483496,0,1,0,0,0,0
4.3,10,22.14078228859725,182.8723706910952,0,1,0,0,0,0
4.3,10,21.743293176962226,95.1571781591655,0,1,0,0,0,0
4.3,10,21.73150734870831,159.32359621683574,0,1,0,0,0,0
4.3,10,21.91269377869035,209.25018675548927,0,1,0,0,0,0
4.3,10,22.10492160193194,109.22252663560889,0,1,0,0,0,0
4.3,10,21.63056030058901,109.03418795763196,0,1,0,0,0,0
4.3,10,21.670569924463848,32.15380230084201,0,1,0,0,0,0
4.3,10,21.698070310121103,32.64770777076064,0,1,0,0,0,0
4.3,10,22.29251129135284,436.8478465019308,0,1,0,0,0,0
4.3,10,22.007745062486645,227.23487085076584,0,1,0,0,0,0
4.3,10,22.116136262130382,172.99903700253435,0,1,0,0,0,0
4.3,10,22.302210844046957,351.6862373132372,0,1,0,0,0,0
4.3,10,22.11075574261493,74.6131035105682,0,1,0,0,0,0
4.3,10,21.904132928219514,69.68496070580233,0,1,0,0,0,0
4.3,10,21.9964046301764,54.07112144871091,0,1,0,0,0,0
4.3,10,21.86689454835423,31.937224619393817,0,1,0,0,0,0
4.3,10,21.94936434184261,58.312806664206775,0,1,0,0,0,0
4.3,10,21.97817908001,27.015194739222224,0,1,0,0,0,0
4.3,10,21.959970144704315,56.576996081587126,0,1,0,0,0,0
4.3,10,21.876836310613378,94.2362656584272,0,1,0,0,0,0
4.3,10,21.96064141080377,171.77667932183692,0,1,0,0,0,0
4.3,10,22.019093978492062,204.0842378773952,0,1,0,0,0,0
4.3,10,22.104366326061744,43.69911319642008,0,1,0,0,0,0
4.3,10,22.02794592639376,189.8703311806244,0,1,0,0,0,0
4.3,10,22.19748494831047,54.31677016947778,0,1,0,0,0,0
4.3,10,22.076049619387,48.98321932558042,0,1,0,0,0,0
4.3,10,21.91411660624028,72.76683553684448,0,1,0,0,0,0
4.3,10,21.95564334032417,51.5365677994661,0,1,0,0,0,0
4.3,10,21.95355090919335,70.68655401911838,0,1,0,0,0,0
4.3,10,21.96685845306993,64.46686456253659,0,1,0,0,0,0
4.3,10,22.391733849156054,429.2517245917204,0,1,0,0,0,0
4.3,10,22.52972644195869,102.23043812250414,0,1,0,0,0,0
4.3,10,22.542783536443284,109.06679987004642,0,1,0,0,0,0
4.3,10,22.260046360971625,98.95604632474436,0,1,0,0,0,0
4.3,10,22.17171840816624,265.5589038451527,0,1,0,0,0,0
4.3,10,22.075929361432213,93.43806129677138,0,1,0,0,0,0
4.3,10,22.01871258063169,47.15578175262618,0,1,0,0,0,0
4.3,10,21.880528253049697,118.90692154529977,0,1,0,0,0,0
4.3,10,22.645633802368497,225.8528041125306,0,1,0,0,0,0
4.3,10,22.612879911323343,294.9915888447813,0,1,0,0,0,0
4.3,10,22.554145567416903,334.3188553864758,0,1,0,0,0,0
4.3,10,22.51535621434688,334.25934238511206,0,1,0,0,0,0
4.3,10,22.430090952459643,484.12736014571175,0,1,0,0,0,0
4.3,10,22.347151647316142,137.20560945840853,0,1,0,0,0,0
4.3,10,21.948886582945622,55.26479310489457,0,1,0,0,0,0
4.3,10,21.965468246616897,30.49501813572552,0,1,0,0,0,0
4.3,10,21.970539929548657,29.897726358552905,0,1,0,0,0,0
4.3,10,22.32174912007901,132.6131311872752,0,1,0,0,0,0
4.3,10,22.54279177875498,105.0392858119681,0,1,0,0,0,0
4.3,10,22.17189922235937,98.27573106947344,0,1,0,0,0,0
4.3,10,22.71437341178332,64.70010271962805,0,1,0,0,0,0
4.3,10,22.694999071182988,233.9750525527384,0,1,0,0,0,0
4.3,10,22.63234207179412,87.11285656179797,0,1,0,0,0,0
4.3,10,22.612371798356588,174.23070939831797,0,1,0,0,0,0
4.3,10,22.61813194088004,228.9196339526829,0,1,0,0,0,0
4.3,10,22.800580184169565,169.1001715315453,0,1,0,0,0,0
4.3,10,22.781786322523654,93.56340075340478,0,1,0,0,0,0
4.3,10,22.63267796649927,183.8928496966549,0,1,0,0,0,0
4.3,10,22.65656127557512,66.19700954893409,0,1,0,0,0,0
4.3,10,22.703650525117947,55.09770643770992,0,1,0,0,0,0
4.3,10,22.92047345731585,1666.867129286341,0,1,0,0,0,0
4.3,10,22.66250677344328,1399.4804229315232,0,1,0,0,0,0
4.3,10,23.03648480497017,333.8340435495894,0,1,0,0,0,0
4.3,10,22.832819299144777,383.58892752570847,0,1,0,0,0,0
4.3,10,22.960949602711462,508.8844278715315,0,1,0,0,0,0
4.3,10,22.65271618333557,121.112029339171,0,1,0,0,0,0
4.3,10,22.551367855335105,443.8545801027623,0,1,0,0,0,0
4.3,10,22.42474547279398,581.6741161068556,0,1,0,0,0,0
4.3,10,22.741618863259323,166.6042923485657,0,1,0,0,0,0
4.3,10,22.78918817855601,198.6452255996302,0,1,0,0,0,0
4.3,10,23.342168923565858,1767.6873942557947,0,1,0,0,0,0
4.3,10,22.85814454337781,132.7599672614834,0,1,0,0,0,0
4.3,10,22.682439071946117,252.67727933025728,0,1,0,0,0,0
4.3,10,22.81325960491125,74.4205621001059,0,1,0,0,0,0
4.3,10,22.90453640445212,50.24925123891645,0,1,0,0,0,0
4.3,10,22.74422252118251,143.31582057038375,0,1,0,0,0,0
4.3,10,22.94822775945416,86.71843425810566,0,1,0,0,0,0
4.3,10,22.99134619322905,102.514529610439,0,1,0,0,0,0
4.3,10,23.06458270291245,140.1156180099101,0,1,0,0,0,0
4.3,10,23.09948017940152,127.91191613038254,0,1,0,0,0,0
4.3,10,23.20265913352084,165.3455584482181,0,1,0,0,0,0
4.3,10,22.33995126432849,368.9956686512016,0,1,0,0,0,0
4.3,10,22.534290466896305,209.39629280997147,0,1,0,0,0,0
4.3,10,22.661100062567623,370.2095808821495,0,1,0,0,0,0
4.3,10,22.68386272523796,324.296997365628,0,1,0,0,0,0
4.3,10,23.004601143816377,113.74817273186736,0,1,0,0,0,0
4.3,10,22.803721647218858,98.67412922181956,0,1,0,0,0,0
4.3,10,22.633653091815408,113.6759414702521,0,1,0,0,0,0
4.3,10,22.698570634201214,134.31002521203362,0,1,0,0,0,0
4.3,10,22.679294949969755,136.91314480595824,0,1,0,0,0,0
4.3,10,22.808585103270488,86.94743254246251,0,1,0,0,0,0
4.3,10,22.771047268617604,98.19253648205284,0,1,0,0,0,0
4.3,10,22.666916331607236,68.30131320257374,0,1,0,0,0,0
4.3,10,22.586319424549306,200.4534789408692,0,1,0,0,0,0
4.3,10,22.58359482684556,38.43539556738425,0,1,0,0,0,0
4.3,10,22.60859742472118,149.37861789200838,0,1,0,0,0,0
4.3,10,22.767763609085826,160.62148321739795,0,1,0,0,0,0
4.3,10,22.696227764048427,139.12628009981336,0,1,0,0,0,0
4.3,10,22.69477810893686,52.150372511659896,0,1,0,0,0,0
4.3,10,22.610815627602165,84.40535952287763,0,1,0,0,0,0
4.3,10,22.620713525759484,83.54417794126374,0,1,0,0,0,0
4.3,10,22.629405859027067,86.48292994224903,0,1,0,0,0,0
4.3,10,22.787097513800077,36.567474265974994,0,1,0,0,0,0
4.3,10,22.32281466727484,244.4607534056381,0,1,0,0,0,0
4.3,10,22.40104008178815,52.653878975892674,0,1,0,0,0,0
4.3,10,22.33548665491121,62.063408012176495,0,1,0,0,0,0
4.3,10,22.83818976670142,122.58372350402496,0,1,0,0,0,0
4.3,10,22.77880960176232,87.34605639498929,0,1,0,0,0,0
4.3,10,22.97857017924769,107.15647088968042,0,1,0,0,0,0
4.3,10,22.88570750859239,81.80447136516437,0,1,0,0,0,0
4.3,10,22.85734610625001,86.38225410200425,0,1,0,0,0,0
4.3,10,22.9768080577339,302.3018674521137,0,1,0,0,0,0
4.3,10,22.85306047117079,546.370636363513,0,1,0,0,0,0
4.3,10,22.643510810123587,232.41995961876432,0,1,0,0,0,0
4.3,10,22.94583255499564,286.22677264435004,0,1,0,0,0,0
4.3,10,23.117590354324477,77.05004157664705,0,1,0,0,0,0
4.3,10,23.046306123562243,218.62910806704105,0,1,0,0,0,0
4.3,10,23.06122717602144,173.98134798136016,0,1,0,0,0,0
4.3,10,23.095345546704365,134.29161323846492,0,1,0,0,0,0
4.3,10,23.060780117085454,43.46660680425987,0,1,0,0,0,0
4.3,10,22.95078561541793,32.371081373428936,0,1,0,0,0,0
4.3,10,23.132001968361955,213.1296943017576,0,1,0,0,0,0
4.3,10,22.881055483100084,217.695915441297,0,1,0,0,0,0
4.3,10,23.040406166578578,216.6606995641929,0,1,0,0,0,0
4.3,10,23.021279140761827,188.7283200662565,0,1,0,0,0,0
4.3,10,22.909324386554843,211.3973574238922,0,1,0,0,0,0
4.3,10,22.891751097991747,141.25025746506358,0,1,0,0,0,0
4.3,10,22.93068971398405,51.24764635763868,0,1,0,0,0,0
4.3,10,23.06221535799368,98.48020469036484,0,1,0,0,0,0
4.3,10,22.86093567146501,227.48866528464083,0,1,0,0,0,0
4.3,10,22.86973653351596,359.3199554456741,0,1,0,0,0,0
4.3,10,22.995964802777653,88.83506379673443,0,1,0,0,0,0
4.3,10,23.081203253271948,85.52318047654609,0,1,0,0,0,0
4.3,10,23.08456459029051,22.1184038716978,0,1,0,0,0,0
4.3,10,22.79221003217117,156.82523020824732,0,1,0,0,0,0
4.3,10,23.296680947926383,209.7314551438328,0,1,0,0,0,0
4.3,10,23.221805630655343,246.58223885429328,0,1,0,0,0,0
4.3,10,22.853931811643506,718.3158894313178,0,1,0,0,0,0
4.3,10,23.083088676089748,874.9779021833535,0,1,0,0,0,0
4.3,10,22.98673512514488,212.91805755464927,0,1,0,0,0,0
4.3,10,23.722783943240756,91.39924333169732,0,0,0,1,0,0
4.3,10,22.984453171912413,299.25719496125475,0,1,0,0,0,0
4.3,10,22.87253597163479,201.11827346174968,0,1,0,0,0,0
4.3,10,22.82103861213855,957.7411175236568,0,1,0,0,0,0
4.3,10,23.41964313125149,262.7393162901635,0,1,0,0,0,0
4.3,10,23.664998493761964,485.28155880726416,0,1,0,0,0,0
4.3,10,23.50910602829784,274.0379877475513,0,1,0,0,0,0
4.3,10,23.322326430695888,143.38068989903758,0,1,0,0,0,0
4.3,10,23.35902030060124,138.42178288863644,0,1,0,0,0,0
4.3,10,23.2429544810394,172.81028675317953,0,1,0,0,0,0
4.3,10,23.367159522537317,290.3269745079592,0,1,0,0,0,0
4.3,10,22.946364053878824,106.8202283926314,0,1,0,0,0,0
4.3,10,22.93639870755649,40.22587196871698,0,1,0,0,0,0
4.3,10,22.67105943141985,191.6921386756426,0,1,0,0,0,0
4.3,10,23.4036609673888,110.298168850794,0,1,0,0,0,0
4.3,10,22.67806431756585,184.7610651392932,0,1,0,0,0,0
4.3,10,23.20025860036124,137.15988187039943,0,1,0,0,0,0
4.3,10,23.116464124435925,186.27097684509425,0,1,0,0,0,0
4.3,10,23.4745183286976,332.4428080119421,0,1,0,0,0,0
4.3,10,23.119641762730595,131.6636061750469,0,1,0,0,0,0
4.3,10,23.09673310998324,158.64067994312478,0,1,0,0,0,0
4.3,10,23.705682538666395,41.13517698292804,0,0,0,1,0,0
4.3,10,23.28469895390476,27.239387207181856,0,1,0,0,0,0
4.3,10,23.272278571670107,45.576067567607886,0,1,0,0,0,0
4.3,10,23.251301101935777,39.87222935105243,0,1,0,0,0,0
4.3,10,23.20461232990576,103.41198378229682,0,1,0,0,0,0
4.3,10,23.556473091728638,129.62104274640265,0,1,0,0,0,0
4.3,10,23.43548855341736,135.15079985293303,0,1,0,0,0,0
4.3,10,23.350714734004537,59.292377667343935,0,1,0,0,0,0
4.3,10,22.98770424528842,45.51053735390912,0,1,0,0,0,0
4.3,10,23.056522976586823,122.73569008734674,0,1,0,0,0,0
4.3,10,23.677545722836733,545.6584502390508,0,1,0,0,0,0
4.3,10,23.601894711954703,110.7998723156258,0,1,0,0,0,0
4.3,10,23.636293430886525,169.06587049405948,0,1,0,0,0,0
4.3,10,23.59158548050559,169.38606225186305,0,1,0,0,0,0
4.3,10,23.57383824511824,194.5038240019829,0,1,0,0,0,0
4.3,10,23.7284055297546,164.48167048461193,0,1,0,0,0,0
4.3,10,23.661920151295543,51.02466024302288,0,1,0,0,0,0
4.3,10,23.72356768261605,130.6360883646542,0,1,0,0,0,0
4.3,10,23.566155482959932,58.05206428985675,0,1,0,0,0,0
4.3,10,23.5208418095466,308.24564125887184,0,1,0,0,0,0
4.3,10,23.581381882338555,101.4975264230138,0,1,0,0,0,0
4.3,10,23.68573028820474,172.07136509935782,0,1,0,0,0,0
4.3,10,23.69344303940684,181.685717946981,0,1,0,0,0,0
4.3,10,23.525870888412,162.2455291536184,0,1,0,0,0,0
4.3,10,23.32880520005027,108.3752301610993,0,1,0,0,0,0
4.3,10,23.25688778212544,110.2637172527019,0,1,0,0,0,0
4.3,10,23.360737952128765,206.7106326381937,0,1,0,0,0,0
4.3,10,23.583173122885125,86.7979376149772,0,1,0,0,0,0
4.3,10,23.387885782069503,503.8856262904735,0,1,0,0,0,0
4.3,10,23.542729497847358,173.08829512805153,0,1,0,0,0,0
4.3,10,23.434018666009624,96.02388977517344,0,1,0,0,0,0
4.3,10,23.583647604339458,614.173819587889,0,1,0,0,0,0
4.3,10,23.86101681961874,260.62023440777347,0,1,0,0,0,0
4.3,10,23.77426980381507,450.3289130201844,0,0,0,1,0,0
4.3,10,23.777160911603687,147.92426474750943,0,0,0,1,0,0
4.3,10,23.84341945778203,172.89042491637522,0,1,0,0,0,0
4.3,10,24.059488018008896,603.303605923747,0,1,0,0,0,0
4.3,10,24.340089797826227,559.3186672983068,0,1,0,0,0,0
4.3,10,24.040744517653582,288.44226930032187,0,1,0,0,0,0
4.3,10,20.8587506676706,1551.2810007385287,0,1,0,0,0,0
4.3,10,22.421618196354107,6323.53534976653,0,0,0,1,0,0
4.3,10,19.18602281260209,207.3395335873389,0,1,0,0,0,0
4.3,10,20.62041612313295,315.0799049298802,0,1,0,0,0,0
4.3,10,20.533698912884702,174.18991059376975,0,1,0,0,0,0
4.3,10,20.50804953723043,168.79104318281844,0,1,0,0,0,0
4.3,10,20.08743134199465,338.91539867889986,0,1,0,0,0,0
4.3,10,20.461679536180476,997.6156886305278,0,1,0,0,0,0
4.3,10,20.54082256549767,585.0426686455694,0,0,0,1,0,0
4.3,10,20.516400939887625,448.39062579001,0,1,0,0,0,0
4.3,10,20.9602806230046,297.0186360524183,0,1,0,0,0,0
4.3,10,21.05008307206236,351.3298038360153,0,1,0,0,0,0
4.3,10,20.34735579988384,1043.6146125061075,0,1,0,0,0,0
4.3,10,20.554919717433567,266.46329959554686,0,1,0,0,0,0
4.3,10,20.908346268195505,152.87051309941165,0,1,0,0,0,0
4.3,10,21.08116510758518,48.23436522752555,0,1,0,0,0,0
4.3,10,20.8340405719568,145.75905764797676,0,1,0,0,0,0
4.3,10,20.65416349523219,574.0222567871773,0,1,0,0,0,0
4.3,10,20.931308400892327,462.6985561103636,0,1,0,0,0,0
4.3,10,20.555319710650423,143.78908318548562,0,1,0,0,0,0
4.3,10,20.54113868474015,116.618385097975,0,1,0,0,0,0
4.3,10,20.650394902447847,109.66209422114962,0,1,0,0,0,0
4.3,10,20.856721427065036,178.05362514009795,0,1,0,0,0,0
4.3,10,21.107927326897308,94.9799257066089,0,1,0,0,0,0
4.3,10,20.679637098430447,407.2961524764308,0,1,0,0,0,1
4.3,10,20.46615314250241,166.87428003823243,0,1,0,0,0,0
4.3,10,20.43948094693838,164.69563476836967,0,1,0,0,0,0
4.3,10,20.400253437532704,151.8044452301573,0,1,0,0,0,0
4.3,10,20.38720831471194,125.799172938717,0,1,0,0,0,0
4.3,10,20.37476704668489,102.07686936591442,0,1,0,0,0,0
4.3,10,20.36332875274521,78.59678192172733,0,1,0,0,0,0
4.3,10,20.35000205308319,56.604786875761775,0,1,0,0,0,0
4.3,10,20.416136784231515,166.99392241318526,0,1,0,0,0,0
4.3,10,20.444370354634817,457.44205311413856,0,1,0,0,0,0
4.3,10,20.3594012946437,21.56738985700975,0,1,0,0,0,0
4.3,10,20.65000901264421,194.30567018005897,0,1,0,0,0,0
4.3,10,20.735181584843332,103.93256074075109,0,1,0,0,0,0
4.3,10,20.87734869895768,376.1553690785849,0,1,0,0,0,0
4.3,10,20.590451031612368,38.63805908388845,0,1,0,0,0,0
4.3,10,20.93286990241314,156.05617373151222,0,1,0,0,0,0
4.3,10,20.7273109050562,142.9996690651282,0,1,0,0,0,0
4.3,10,21.047159671416345,57.46002522020946,0,1,0,0,0,0
4.3,10,20.42580026507282,295.4167736768362,0,1,0,0,0,0
4.3,10,20.529575915520734,135.2092406081131,0,1,0,0,0,0
4.3,10,20.796662198002785,10.40211538141956,0,1,0,0,0,0
4.3,10,20.79068057621348,4.866864526148122,0,1,0,0,0,0
4.3,10,20.780728095967454,19.2567944936028,0,1,0,0,0,0
4.3,10,20.760912680858624,40.31044993573352,0,1,0,0,0,0
4.3,10,20.74466822148386,10.389974151149223,0,1,0,0,0,0
4.3,10,20.887739278139364,98.62059233657678,0,1,0,0,0,0
4.3,10,20.733710294499264,272.5263142274971,0,1,0,0,0,0
4.3,10,20.480101846338908,95.49417191660226,0,1,0,0,0,0
4.3,10,20.541319395867507,73.4104335421966,0,1,0,0,0,0
4.3,10,20.99969454893424,61.350936850647344,0,1,0,0,0,0
4.3,10,20.60261434944877,53.34747988423379,0,1,0,0,0,0
4.3,10,20.58678030446808,110.45204355891543,0,1,0,0,0,0
4.3,10,20.59126010151902,123.71803542977716,0,1,0,0,0,0
4.3,10,20.60553756881108,211.929286371033,0,1,0,0,0,0
4.3,10,20.741889705047768,55.05326640022229,0,1,0,0,0,0
4.3,10,20.68271021981317,160.08069279923853,0,1,0,0,0,0
4.3,10,20.658264593227408,107.88120366830402,0,1,0,0,0,0
4.3,10,20.622885397823094,141.93507301639997,0,1,0,0,0,0
4.3,10,20.568805558337957,218.9342208932392,0,1,0,0,0,0
4.3,10,20.554707995119404,318.2377257654758,0,1,0,0,0,0
4.3,10,20.6486491478587,65.50108076079371,0,1,0,0,0,0
4.3,10,20.54065285661301,169.93895702839015,0,1,0,0,0,0
4.3,10,20.7231059417178,31.91976116110396,0,1,0,0,0,0
4.3,10,20.55013870840993,146.747036092765,0,1,0,0,0,0
4.3,10,20.559951359625988,90.23944774360154,0,1,0,0,0,0
4.3,10,20.72959858758801,63.17486476395676,0,1,0,0,0,0
4.3,10,20.423775185474977,101.90765947580906,0,1,0,0,0,0
4.3,10,20.13574275827269,150.08706525981862,0,1,0,0,0,0
4.3,10,20.33514187434073,249.5550753227613,0,1,0,0,0,0
4.3,10,20.090543007526332,73.91366809835739,0,1,0,0,0,0
4.3,10,20.474447302974443,95.33840101389411,0,1,0,0,0,0
4.3,10,20.268555570446868,68.57956794773244,0,1,0,0,0,0
4.3,10,20.591149997992098,62.03404465179702,0,1,0,0,0,0
4.3,10,20.548982747551,49.2548434956986,0,1,0,0,0,0
4.3,10,20.419827271933556,22.81853136014091,0,1,0,0,0,0
4.3,10,20.34429906522337,165.87665564796873,0,1,0,0,0,0
4.3,10,20.502884961671636,22.33084536757421,0,1,0,0,0,0
4.3,10,20.66714594342908,150.30045821377425,0,1,0,0,0,0
4.3,10,20.330321961314425,423.4407711162691,0,1,0,0,0,0
4.3,10,20.505341852666984,9.859346248894395,0,0,0,1,0,0
4.3,10,20.524193053085085,68.88191267253542,0,1,0,0,0,0
4.3,10,20.43437705075894,11.708724725380728,0,1,0,0,0,0
4.3,10,20.452001657014577,29.67434973031985,0,1,0,0,0,0
4.3,10,20.540451701782533,113.9213491750493,0,1,0,0,0,0
4.3,10,20.88969463313297,74.69605329948737,0,1,0,0,0,0
4.3,10,20.6135738616694,84.70025013354173,0,1,0,0,0,0
4.3,10,20.611519101958883,126.85804608194988,0,1,0,0,0,0
4.3,10,20.61096158503009,179.79611784042334,0,1,0,0,0,0
4.3,10,20.589732188083097,189.1263887777078,0,1,0,0,0,0
4.3,10,20.682317700850223,345.29160170564785,0,1,0,0,0,0
4.3,10,20.72502944786011,364.2503418785335,0,1,0,0,0,0
4.3,10,20.81028473268907,115.95617069839597,0,1,0,0,0,0
4.3,10,20.75999861765008,246.79967411889223,0,1,0,0,0,0
4.3,10,20.788361830216623,392.4555722476625,0,1,0,0,0,0
4.3,10,20.83100434653097,314.1727972726157,0,1,0,0,0,0
4.3,10,20.85572813715896,323.38148950406867,0,1,0,0,0,0
4.3,10,20.854684717779755,396.50576048301264,0,1,0,0,0,0
4.3,10,20.873062400245946,403.71766391510096,0,1,0,0,0,0
4.3,10,20.871500147045847,101.56159646997015,0,1,0,0,0,0
4.3,10,21.010358566784294,312.21308619453544,0,1,0,0,0,0
4.3,10,20.653790173363436,476.30222233959415,0,1,0,0,0,0
4.3,10,20.705995493510315,237.2429327688839,0,1,0,0,0,0
4.3,10,20.860413878766195,168.25362510688723,0,1,0,0,0,0
4.3,10,20.90955985842102,133.63115267247608,0,1,0,0,0,0
4.3,10,20.91880208442993,367.5474099397966,0,1,0,0,0,0
4.3,10,20.94768189272933,80.57724163097706,0,1,0,0,0,0
4.3,10,20.660480864427,20.025454639654978,0,1,0,0,0,0
4.3,10,20.73990879772457,238.3460675613329,0,1,0,0,0,0
4.3,10,20.79770789118332,52.804678422687495,0,1,0,0,0,0
4.3,10,20.84044506501993,53.72604755025077,0,1,0,0,0,0
4.3,10,20.888328868591486,55.17555053962507,0,1,0,0,0,0
4.3,10,20.937241946890182,51.096573757085736,0,1,0,0,0,0
4.3,10,20.985081528700768,53.771021460201446,0,1,0,0,0,0
4.3,10,20.52261897650542,10.445665613296756,0,0,0,1,0,0
4.3,10,21.71968131398731,386.7491547556504,0,1,0,0,0,0
4.3,10,21.91797988529903,301.7835977606509,0,1,0,0,0,0
4.3,10,21.625615132252392,488.9865688872009,0,1,0,0,0,0
4.3,10,21.703363227704468,333.29012402655985,0,1,0,0,0,0
4.3,10,20.561186269888303,180.41861717259505,0,1,0,0,0,0
4.3,10,20.90524351635611,183.9335980304108,0,1,0,0,0,0
4.3,10,20.982931533562883,289.2477097719881,0,1,0,0,0,0
4.3,10,20.714075117440977,57.547915113973154,0,1,0,0,0,0
4.3,10,20.611117663045345,680.616141132548,0,0,0,1,0,1
4.3,10,21.02766109983518,297.99887526911454,0,1,0,0,0,0
4.3,10,20.969170014854807,289.66793650378384,0,1,0,0,0,0
4.3,10,21.745956222887948,68.06059896218883,0,1,0,0,0,0
4.3,10,21.693045277681044,555.9518879153019,0,1,0,0,0,0
4.3,10,20.72687227672853,523.1309353832849,0,1,0,0,0,0
4.3,10,20.94492527240044,392.3361174753392,0,1,0,0,0,0
4.3,10,20.94378585020644,478.4916138863943,0,1,0,0,0,0
4.3,10,21.488258625340222,542.8424193136254,0,1,0,0,0,0
4.3,10,21.476636694011653,474.4672894092341,0,1,0,0,0,0
4.3,10,21.547462295858907,397.5723706551664,0,1,0,0,0,0
4.3,10,21.36283535165088,380.903853154518,0,1,0,0,0,0
4.3,10,21.26896691372754,281.0557684969808,0,1,0,0,0,0
4.3,10,21.22987298548349,582.189103061495,0,1,0,0,0,0
4.3,10,21.233751214060064,482.19580486910814,0,1,0,0,0,0
4.3,10,21.18956303420936,154.62420219474447,0,1,0,0,0,0
4.3,10,21.78073673597695,743.3319287736381,0,1,0,0,0,0
4.3,10,21.604583847492982,487.3751643053101,0,1,0,0,0,0
4.3,10,20.7030793821029,53.66399837083236,0,1,0,0,0,0
4.3,10,21.021812849888395,114.6642656107552,0,1,0,0,0,0
4.3,10,21.068854858237177,821.8158112148539,0,1,0,0,0,0
4.3,10,21.13981291904354,359.07737553963443,0,1,0,0,0,0
4.3,10,20.621156996562043,78.61868759385733,0,1,0,0,0,0
4.3,10,21.318623855013435,67.10995836785781,0,0,0,1,0,1
4.3,10,20.647212895714272,61.41516001032839,0,1,0,0,0,0
4.3,10,20.611680600651148,49.86721095144765,0,1,0,0,0,0
4.3,10,20.60000922575335,689.6010761785077,0,0,0,1,0,1
4.3,10,21.343164995616004,85.9770618776419,0,0,0,1,0,1
4.3,10,21.203010562809705,236.35683555229724,0,0,0,1,0,1
4.3,10,20.68113096531245,356.26545088737,0,1,0,0,0,0
4.3,10,20.797310539856987,84.4156753707633,0,1,0,0,0,0
4.3,10,20.84112897507136,96.07442198720288,0,1,0,0,0,0
4.3,10,20.88652508048327,103.29012530347288,0,1,0,0,0,0
4.3,10,20.93642805446325,99.5413444351358,0,1,0,0,0,0
4.3,10,20.983016249678087,98.08845487247012,0,1,0,0,0,0
4.3,10,21.03084109960663,96.13900458624732,0,1,0,0,0,0
4.3,10,21.22505183983437,383.8949740362336,0,0,0,1,0,0
4.3,10,20.771152502924128,59.787142427840045,0,1,0,0,0,0
4.3,10,21.4483135961105,543.2516528974855,0,0,0,1,0,1
4.3,10,21.454267911235693,543.4183923755063,0,0,0,1,0,1
4.3,10,20.741492856414588,357.47276325067133,0,1,0,0,0,0
4.3,10,20.988349643088995,425.2612203791378,0,1,0,0,0,0
4.3,10,20.81026486760461,167.9387380391797,0,1,0,0,0,0
4.3,10,21.068123308860365,253.4696294309571,0,1,0,0,0,0
4.3,10,21.1118350334318,50.24979079494046,0,1,0,0,0,0
4.3,10,21.23026757871085,248.63148001158788,0,1,0,0,0,0
4.3,10,21.274002530714064,247.8655308862033,0,1,0,0,0,0
4.3,10,21.31584707529936,247.136623703596,0,1,0,0,0,0
4.3,10,20.88355214728697,286.3001836567529,0,1,0,0,0,0
4.3,10,20.73353955622304,102.00847846943032,0,1,0,0,0,0
4.3,10,20.7616023847494,103.71541525585263,0,1,0,0,0,0
4.3,10,20.750573011873207,66.17318224454047,0,1,0,0,0,0
4.3,10,21.003795258865143,48.967517615998354,0,1,0,0,0,0
4.3,10,20.90582269809924,147.5863031340748,0,1,0,0,0,0
4.3,10,21.18835566237464,142.63944724828372,0,1,0,0,0,0
4.3,10,20.920663862661137,72.54196598919837,0,1,0,0,0,0
4.3,10,20.870984931798947,137.2880183872037,0,1,0,0,0,0
4.3,10,21.015462262607134,90.84009547529092,0,1,0,0,0,0
4.3,10,21.07739271636815,58.58920510496765,0,1,0,0,0,0
4.3,10,21.29627668664681,49.47518556315697,0,0,0,1,0,1
4.3,10,20.821733135021613,325.74736812908213,0,1,0,0,0,0
4.3,10,20.97115416182889,16.85187433865937,0,1,0,0,0,0
4.3,10,21.14056326765662,374.1239986970682,0,1,0,0,0,0
4.3,10,21.08541078401475,68.38986699488058,0,1,0,0,1,0
4.3,10,20.97982996341475,268.2828216432546,0,1,0,0,0,0
4.3,10,20.962727218278687,45.14650021025669,0,1,0,0,0,0
4.3,10,21.026319183695392,253.26538336450253,0,1,0,0,0,0
4.3,10,21.09005315879478,47.22579580392896,0,1,0,0,0,0
4.3,10,20.79426414263472,66.80912091258041,0,1,0,0,0,0
4.3,10,21.0068614163718,298.76943158125874,0,1,0,0,0,0
4.3,10,21.22347193366878,239.7548088158823,0,0,0,1,0,1
4.3,10,21.296837765546066,348.0486746073271,0,1,0,0,0,0
4.3,10,21.28276055499736,68.05637434431758,0,1,0,0,0,0
4.3,10,21.42200619775856,190.65664078200945,0,1,0,0,0,0
4.3,10,21.4698546160534,182.4416113542419,0,1,0,0,0,0
4.3,10,21.60767135652129,100.6726743955389,0,1,0,0,0,0
4.3,10,21.57711654703932,172.66747134732034,0,1,0,0,0,0
4.3,10,21.024074197723326,121.75201805521124,0,1,0,0,0,0
4.3,10,21.210130616681813,437.79949131037904,0,1,0,0,0,0
4.3,10,21.082499175082976,175.1871250667246,0,1,0,0,0,0
4.3,10,21.07470492108413,153.67726535448995,0,1,0,0,0,0
4.3,10,21.506045545128337,406.95522005389614,0,1,0,0,0,0
4.3,10,21.27944464403868,647.0151424227901,0,0,0,1,0,1
4.3,10,21.30933512672217,105.53030227134514,0,1,0,0,0,0
4.3,10,21.292628289087368,88.37707826612642,0,1,0,0,0,0
4.3,10,21.35022951061415,142.48892586436543,0,1,0,0,0,0
4.3,10,21.35602069424417,53.552563420753,0,0,0,1,0,1
4.3,10,21.44385661654429,230.48893074763456,0,1,0,0,0,0
4.3,10,21.432221067304667,176.66628962126845,0,1,0,0,0,0
4.3,10,21.41199876500948,280.1826914556504,0,1,0,0,0,0
4.3,10,21.52867343067199,227.93522660798703,0,1,0,0,0,0
4.3,10,21.617636979310934,337.78158944577865,0,1,0,0,0,0
4.3,10,21.647321219962265,198.0558581272249,0,1,0,0,0,0
4.3,10,21.676812728047818,92.9685533310696,0,1,0,0,0,0
4.3,10,21.3855798998923,132.09678376729846,0,1,0,0,0,0
4.3,10,21.549180399014578,239.87363905342303,0,1,0,0,0,0
4.3,10,21.406315404583307,132.24469282695796,0,1,0,0,0,0
4.3,10,21.214583836045332,82.6099235469845,0,1,0,0,0,0
4.3,10,21.59259906062161,116.55097864567163,0,1,0,0,0,0
4.3,10,21.470059688309085,129.88593860476365,0,1,0,0,0,0
4.3,10,21.44760578444042,206.3021102449385,0,1,0,0,0,0
4.3,10,21.393343444884625,67.14029293376628,0,1,0,0,0,0
4.3,10,21.36347283386511,102.44650753891383,0,1,0,0,0,0
4.3,10,21.13133702997925,125.84503582325672,0,1,0,0,0,0
4.3,10,21.13576966961737,165.48074019894648,0,1,0,0,0,0
4.3,10,21.7027023649731,93.12864883370308,0,1,0,0,0,0
4.3,10,21.192210959172844,142.47072825286,0,1,0,0,0,0
4.3,10,21.22749166072818,148.8245203558755,0,1,0,0,0,0
4.3,10,21.26265453595146,646.3106488757546,0,0,0,1,0,1
4.3,10,21.108763092971,16.425038692552807,0,1,0,0,0,0
4.3,10,21.579277171447675,95.46136159965096,0,1,0,0,0,0
4.3,10,21.39119861225502,49.51408319660776,0,1,0,0,0,0
4.3,10,21.2721073016748,283.15376414831087,0,1,0,0,0,0
4.3,10,21.07872203815424,125.22091555911402,0,1,0,0,0,0
4.3,10,21.16980714430317,17.096434403531404,0,1,0,0,0,0
4.3,10,20.83532614986192,112.2659280971001,0,1,0,0,0,0
4.3,10,20.978375575029567,271.5266698576598,0,1,0,0,0,0
4.3,10,21.0444833133388,325.8557145796589,0,1,0,0,0,0
4.3,10,21.12376841753233,437.1304051534068,0,1,0,0,0,0
4.3,10,21.16962019725316,435.5210603149883,0,1,0,0,0,0
4.3,10,21.21456190940844,435.8743878639514,0,1,0,0,0,0
4.3,10,20.79093018275804,131.34217124867797,0,1,0,0,0,0
4.3,10,20.85777754608462,165.97591985358972,0,1,0,0,0,0
4.3,10,20.914435700843505,90.5586593081346,0,1,0,0,0,0
4.3,10,20.96226997847609,88.90754320872765,0,1,0,0,0,0
4.3,10,21.012456222559887,100.85997636962772,0,1,0,0,0,0
4.3,10,21.06169474183301,94.04267602050732,0,1,0,0,0,0
4.3,10,21.10938536992987,92.63296432265504,0,1,0,0,0,0
4.3,10,20.819062442245905,125.03965996132676,0,1,0,0,0,0
4.3,10,20.70059537971173,295.6495779284899,0,1,0,0,0,0
4.3,10,20.99652766450061,56.40569967148329,0,1,0,0,0,0
4.3,10,20.628344356642792,98.332438352889,0,1,0,0,0,0
4.3,10,21.159182459322437,105.01134720175348,0,1,0,0,0,0
4.3,10,20.67784143385686,230.4806001210848,0,1,0,0,0,0
4.3,10,20.83467768975864,60.93638653445986,0,1,0,0,0,0
4.3,10,20.74247959391893,135.75197256882086,0,1,0,0,0,0
4.3,10,20.76721530568401,143.05432985130176,0,1,0,0,0,0
4.3,10,20.70483688337975,82.57482320875746,0,1,0,0,0,0
4.3,10,20.730397313547936,48.36925148724523,0,1,0,0,0,0
4.3,10,20.66315420663201,164.7300202733869,0,1,0,0,0,0
4.3,10,20.955156206941066,323.7818974642692,0,1,0,0,0,0
4.3,10,20.75488743881981,62.30229373798456,0,1,0,0,0,0
4.3,10,20.838391813034097,47.03336235179359,0,1,0,0,0,0
4.3,10,21.090515710950868,160.40937956084534,0,1,0,0,0,0
4.3,10,20.88729270604185,51.704434440252975,0,1,0,0,0,0
4.3,10,20.93471507704853,53.99663088072204,0,1,0,0,0,0
4.3,10,20.97722307507585,40.53349282836283,0,1,0,0,0,0
4.3,10,20.95210590445276,150.93849806539748,0,1,0,0,0,0
4.3,10,21.007270549946284,54.62495135776423,0,1,0,0,0,0
4.3,10,21.000520290914302,11.382587706409172,0,1,0,0,0,0
4.3,10,21.028858639359598,51.97155604483359,0,1,0,0,0,0
4.3,10,21.09385655227413,93.62006806520868,0,1,0,0,0,0
4.3,10,20.79342387997572,53.224880051362405,0,1,0,0,0,0
4.3,10,20.87223142444484,58.087395579204426,0,1,0,0,0,0
4.3,10,20.86174530728675,5.178142638748127,0,1,0,0,0,0
4.3,10,20.810391205634545,107.24050846712194,0,1,0,0,0,0
4.3,10,20.737687794698275,49.677502900901416,0,1,0,0,0,0
4.3,10,20.734941681121963,100.14248576876382,0,1,0,0,0,0
4.3,10,20.7726768223494,29.074644220281005,0,1,0,0,0,0
4.3,10,20.68680973795628,416.2458352254769,0,1,0,0,0,1
4.3,10,20.75640856165529,131.0896041651655,0,1,0,0,0,0
4.3,10,20.783030148581656,130.68582651649203,0,1,0,0,0,0
4.3,10,21.109615840271896,58.94536063916712,0,1,0,0,0,0
4.3,10,20.78360500376464,59.60824589398626,0,1,0,0,0,0
4.3,10,21.549309635227143,281.61109898688323,0,1,0,0,0,0
4.3,10,21.272009507864965,602.9557959866142,0,1,0,0,0,0
4.3,10,21.522810531544355,258.21799833248,0,1,0,0,0,0
4.3,10,20.93917938834489,60.51928415590423,0,1,0,0,0,0
4.3,10,21.62845712482378,247.7330965141468,0,1,0,0,0,0
4.3,10,21.37714332748432,136.04256683669345,0,1,0,0,0,0
4.3,10,21.706541699593256,82.6523683544678,0,1,0,0,0,0
4.3,10,21.245006480549097,158.37435305811198,0,1,0,0,0,0
4.3,10,21.252373818210508,245.121806126932,0,1,0,0,0,0
4.3,10,21.102427491659352,191.3953272796469,0,1,0,0,0,0
4.3,10,21.02849466763361,200.585222135854,0,1,0,0,0,0
4.3,10,21.128438200388743,107.93167809924756,0,1,0,0,0,0
4.3,10,21.969127622915558,186.1656889312268,0,1,0,0,0,0
4.3,10,21.30844393357009,309.04261617519586,0,1,0,0,0,0
4.3,10,21.338504067674396,309.03727025670383,0,1,0,0,0,0
4.3,10,21.35919724038544,205.28460810189583,0,1,0,0,0,0
4.3,10,21.129932513104983,666.1143299174937,0,1,0,0,0,0
4.3,10,21.529493634756605,1148.045406550121,0,0,0,1,0,0
4.3,10,22.05889628330399,392.7309410525936,0,1,0,0,0,0
4.3,10,22.5549442895966,925.7307077426668,0,1,0,0,0,0
4.3,10,21.832800543332603,213.01840796395075,0,1,0,0,0,0
4.3,10,22.174255763170947,224.2329700864817,0,1,0,0,0,0
4.3,10,22.237214614382854,714.0871947471072,0,1,0,0,0,0
4.3,10,22.097087889341942,320.8380498169634,0,1,0,0,0,0
4.3,10,22.3494232898266,162.8338030719243,0,1,0,0,0,0
4.3,10,21.5515658033154,275.5818422338842,0,1,0,0,0,0
4.3,10,22.292928841823205,158.08764843946688,0,1,0,0,0,0
4.3,10,21.74371385690734,143.145981715008,0,1,0,0,0,0
4.3,10,21.461382713602404,132.16615926092692,0,1,0,0,0,0
4.3,10,21.411398531209045,301.6410222913179,0,1,0,0,0,0
4.3,10,21.27832593927513,223.7028791361436,0,1,0,0,0,0
4.3,10,21.523801765808383,168.55270251788414,0,1,0,0,0,0
4.3,10,21.770397379155973,111.08851942197217,0,1,0,0,0,0
4.3,10,20.992981638331894,194.124153019082,0,1,0,0,0,0
4.3,10,21.40905939575464,621.71672649638,0,1,0,0,0,0
4.3,10,21.818196679719943,212.66978132061783,0,1,0,0,0,0
4.3,10,22.22282126549073,1817.6508429579208,0,0,1,0,0,0
4.3,10,21.31689940278255,611.8598564137336,0,1,0,0,0,0
4.3,10,22.3357293630064,106.89937375770512,0,1,0,0,0,0
4.3,10,21.821912625358387,174.2920873945938,0,1,0,0,0,0
4.3,10,21.757250760158257,108.7745855943763,0,1,0,0,0,0
4.3,10,21.946321906915024,164.32016643653935,0,1,0,0,0,0
4.3,10,20.945583480050136,75.58998478395304,0,1,0,0,0,0
4.3,10,21.81847163662148,107.41276377379911,0,1,0,0,0,0
4.3,10,21.82785553897789,274.9144518725509,0,1,0,0,0,1
4.3,10,21.579941916149245,529.1275393554573,0,0,1,0,0,1
4.3,10,21.642506031707004,342.5408694010042,0,1,0,0,0,0
4.3,10,21.782373320512985,325.86968158380296,0,1,0,0,0,0
4.3,10,21.662428872050054,281.4129280605958,0,1,0,0,0,0
4.3,10,21.73189794470824,197.0998987905971,0,1,0,0,0,0
4.3,10,21.758103080060863,109.96087369856204,0,1,0,0,0,0
4.3,10,21.804241004151773,111.82200397258042,0,1,0,0,0,0
4.3,10,21.760344532817346,167.08059692636547,0,1,0,0,0,0
4.3,10,21.79281306817128,137.2840716438854,0,1,0,0,0,0
4.3,10,21.880049844336934,185.82143848122053,0,1,0,0,0,0
4.3,10,21.45875457086589,449.659431729813,0,1,0,0,0,0
4.3,10,21.37149784859832,207.18844603480537,0,1,0,0,0,0
4.3,10,21.252874747435992,149.5819345464325,0,1,0,0,0,0
4.3,10,21.313270790235517,142.9497232316808,0,1,0,0,0,0
4.3,10,21.36266342758265,137.22066236118386,0,1,0,0,0,0
4.3,10,21.57002621750299,301.72083782815605,0,1,0,0,0,0
4.3,10,21.406756142701184,282.1303038827256,0,1,0,0,0,0
4.3,10,21.492549189157227,179.64139092792274,0,1,0,0,0,0
4.3,10,21.612678583728957,330.68472609443387,0,1,0,0,0,0
4.3,10,21.910679803292226,54.802228401595954,0,1,0,0,0,0
4.3,10,21.87492904566222,80.97804881921182,0,1,0,0,0,0
4.3,10,21.40253680988154,149.00924248235287,0,1,0,0,0,0
4.3,10,21.566953931350007,523.5179624720018,0,0,1,0,0,1
4.3,10,21.801414183954563,266.4159882802124,0,1,0,0,0,0
4.3,10,21.596364704488984,118.55938776410886,0,1,0,0,0,0
4.3,10,21.65783952860642,102.49271793862742,0,1,0,0,0,0
4.3,10,21.634204323970884,102.6313899373674,0,1,0,0,0,0
4.3,10,21.61005758530451,102.77762751378457,0,1,0,0,0,0
4.3,10,21.676495113814664,12.15642617461211,0,1,0,0,0,0
4.3,10,21.49695125218222,67.81008893039231,0,1,0,0,0,0
4.3,10,21.57321058591791,119.46277033426176,0,1,0,0,0,0
4.3,10,21.618344847366355,119.43775943390054,0,1,0,0,0,0
4.3,10,21.779990264273792,116.09807891110005,0,1,0,0,0,0
4.3,10,21.69018761925917,78.96923436332382,0,0,1,0,0,1
4.3,10,21.684438738829414,88.44148134280509,0,0,1,0,0,1
4.3,10,21.65989344134538,61.58987576453698,0,1,0,0,0,0
4.3,10,21.550498110467835,34.88195684675375,0,1,0,0,0,0
4.3,10,21.92590193621921,153.5471953992356,0,1,0,0,0,1
4.3,10,21.856529170304924,429.4785627863166,0,1,0,0,0,1
4.3,10,21.98310335801882,81.00903959715195,0,1,0,0,0,0
4.3,10,21.93834793837228,298.6594602187789,0,1,0,0,0,0
4.3,10,21.878179848529747,256.4437208865485,0,1,0,0,0,0
4.3,10,21.764114442844548,53.57540186367336,0,1,0,0,0,0
4.3,10,21.58918575688851,12.545835786546716,0,1,0,0,0,0
4.3,10,22.22323294338443,129.87589485358723,0,1,0,0,0,0
4.3,10,22.22216802447849,81.94751743566235,0,1,0,0,0,0
4.3,10,22.008856700799093,133.05287877601376,0,1,0,0,0,0
4.3,10,21.7049887906986,216.8691243446417,0,1,0,0,0,0
4.3,10,21.97081048452436,71.5820942487265,0,1,0,0,0,0
4.3,10,21.80213759264737,36.12950673959392,0,1,0,0,0,0
4.3,10,22.11293505293633,128.13799226984702,0,1,0,0,0,0
4.3,10,22.29705095004244,84.201082914343,0,1,0,0,0,0
4.3,10,22.017198857204843,89.04201621066241,0,1,0,0,0,0
4.3,10,20.642672720533696,294.1934567503435,0,1,0,0,0,0
4.3,10,21.0431848889705,694.6964989681711,0,1,0,0,0,0
4.3,10,20.65326585384923,230.3541069155013,0,1,0,0,0,0
4.3,10,21.195844353542626,102.30168665306276,0,1,0,0,0,0
4.3,10,20.72402295258369,1017.9854883298392,0,1,0,0,0,0
4.3,10,20.67916012559836,181.5559374902841,0,1,0,0,0,0
4.3,10,20.592943636359134,242.6403501865452,0,1,0,0,0,0
4.3,10,21.21509482731615,142.5925264018678,0,1,0,0,0,0
4.3,10,21.18054210355155,58.36349363387849,0,1,0,0,0,0
4.3,10,21.371344622707024,283.0203635891769,0,1,0,0,0,0
4.3,10,20.940502987118244,419.4911416956109,0,1,0,0,0,0
4.3,10,20.87408798519424,614.2935498188604,0,1,0,0,0,0
4.3,10,21.026011995766133,72.31286774709106,0,1,0,0,0,0
4.3,10,20.91113900889566,213.12298610037828,0,1,0,0,0,0
4.3,10,21.211512982937787,210.0187658190502,0,1,0,0,0,0
4.3,10,21.223363928567935,64.19275963302701,0,1,0,0,0,0
4.3,10,20.83488948644258,83.87739660582677,0,1,0,0,0,0
4.3,10,21.107199924612832,152.2918927187252,0,1,0,0,0,0
4.3,10,20.893850202272613,33.49287529119075,0,1,0,0,0,0
4.3,10,20.843153318869454,141.09310649467085,0,1,0,0,0,0
4.3,10,20.800083124234103,78.04780663940204,0,1,0,0,0,0
4.3,10,20.770159994931102,63.87397994045271,0,1,0,0,0,0
4.3,10,21.151155954061743,107.15288816484446,0,1,0,0,0,0
4.3,10,21.16308577703601,39.847945868662,0,1,0,0,0,0
4.3,10,21.36525290720273,176.42467690443075,0,1,0,0,0,0
4.3,10,21.593700431097588,481.4752330524368,0,1,0,0,0,0
4.3,10,21.820512237799196,185.7775000941765,0,1,0,0,0,0
4.3,10,21.75699639043955,50.9757371295788,0,1,0,0,0,0
4.3,10,21.70092796355382,173.77786849630203,0,1,0,0,0,0
4.3,10,21.779382324248832,72.98439750209786,0,1,0,0,0,0
4.3,10,21.85067968272042,121.10738065843267,0,1,0,0,0,0
4.3,10,21.640409045532746,204.24429862684343,0,1,0,0,0,0
4.3,10,21.865660282366093,69.00757033915414,0,1,0,0,0,0
4.3,10,21.82570685552211,55.78533442707851,0,1,0,0,0,0
4.3,10,21.347550318184123,106.5714477853353,0,1,0,0,0,0
4.3,10,21.90928156621524,115.16079400966468,0,1,0,0,0,0
4.3,10,21.824870384805426,51.01100433497244,0,1,0,0,0,0
4.3,10,21.7961350508312,46.09756085673724,0,1,0,0,0,0
4.3,10,22.849727214756516,1474.7363894818122,0,1,0,0,0,0
4.3,10,21.951742592160105,1215.6618341911148,0,1,0,0,0,0
4.3,10,21.732343835131086,626.1120437587484,0,1,0,0,0,0
4.3,10,21.89963309461364,223.58261896272955,0,1,0,0,0,0
4.3,10,22.111624559386748,160.38035425561233,0,1,0,0,0,0
4.3,10,22.58507029606401,417.534923952277,0,1,0,0,0,0
4.3,10,22.795090018486448,449.848065897236,0,1,0,0,0,0
4.3,10,22.29532581693522,449.8706148244356,0,1,0,0,0,0
4.3,10,21.936821666410797,139.7051874391766,0,1,0,0,0,0
4.3,10,21.847140780795108,92.31663071099445,0,1,0,0,0,0
4.3,10,22.218015643691142,191.87139755674843,0,1,0,0,0,0
4.3,10,22.31295148732094,330.8247985194811,0,1,0,0,0,0
4.3,10,22.06119417534828,68.64468911790178,0,1,0,0,0,0
4.3,10,22.086292795873817,11.159939262115236,0,1,0,0,0,0
4.3,10,22.09782211704067,27.550699658095485,0,1,0,0,0,0
4.3,10,22.124986626138316,79.80847881303457,0,1,0,0,0,0
4.3,10,22.145105432172915,51.40479866668604,0,1,0,0,0,0
4.3,10,22.34598981518917,156.98493751895327,0,1,0,0,0,0
4.3,10,22.455256562871725,45.09481145757334,0,1,0,0,0,0
4.3,10,22.270276459132575,114.5201459617018,0,1,0,0,0,0
4.3,10,21.81569344822484,237.69646317656893,0,1,0,0,0,0
4.3,10,21.90426731055953,205.4645489509765,0,1,0,0,0,0
4.3,10,21.86297665367916,67.00967213242843,0,1,0,0,0,0
4.3,10,21.70117011780003,137.3064331472332,0,1,0,0,0,0
4.3,10,21.35921216069006,246.4071770872771,0,1,0,0,0,0
4.3,10,21.407920589949164,140.02540141537708,0,1,0,0,0,0
4.3,10,21.419059463283983,164.99356869188884,0,1,0,0,0,0
4.3,10,21.591870187226714,51.152418679653934,0,1,0,0,0,0
4.3,10,21.46569479977132,58.32213802067682,0,1,0,0,0,0
4.3,10,21.483770330258626,52.03340288350751,0,1,0,0,0,0
4.3,10,21.869380033282575,80.72642453020312,0,1,0,0,0,0
4.3,10,21.76082362275785,70.60619378016499,0,1,0,0,0,0
4.3,10,22.01690175807519,63.18423385120579,0,1,0,0,0,0
4.3,10,22.03473294992792,62.72479161258372,0,1,0,0,0,0
4.3,10,21.671612064352264,48.81194818428415,0,1,0,0,0,0
4.3,10,21.498337196869063,53.92028453759548,0,1,0,0,0,0
4.3,10,21.44762837093853,55.109515223173794,0,1,0,0,0,0
4.3,10,22.001587348821456,62.4868829295388,0,1,0,0,0,0
4.3,10,21.87791841928225,13.240335613385932,0,1,0,0,0,0
4.3,10,21.56921196476213,13.087822616648644,0,1,0,0,0,0
4.3,10,21.712283686959843,51.66892677864487,0,1,0,0,0,0
4.3,10,21.817283685278337,91.58254736072382,0,1,0,0,0,0
4.3,10,21.8626026706404,9.399080867028282,0,1,0,0,0,0
4.3,10,21.94748341784453,272.0169600319415,0,1,0,0,0,0
4.3,10,21.84421949244036,206.48058875830995,0,1,0,0,0,0
4.3,10,21.7730455983828,344.3554770457837,0,1,0,0,0,0
4.3,10,21.90891031306439,208.1187400203355,0,1,0,0,0,0
4.3,10,21.89453679555505,271.89688646074046,0,1,0,0,0,0
4.3,10,21.886851547538225,207.08417998805385,0,1,0,0,0,0
4.3,10,21.68659323766759,106.53361044326772,0,1,0,0,0,0
4.3,10,21.83218422431096,228.1002147066157,0,1,0,0,0,0
4.3,10,21.63732980000502,173.37012021340817,0,1,0,0,0,0
4.3,10,21.737062151136467,201.47495458182777,0,1,0,0,0,0
4.3,10,21.74812725420121,132.58914909018057,0,1,0,0,0,0
4.3,10,21.761601362854314,120.9707855713036,0,1,0,0,0,0
4.3,10,22.245704086429622,182.27745010325967,0,1,0,0,0,0
4.3,10,22.23583337420475,198.63056773878475,0,1,0,0,0,0
4.3,10,22.25551000823173,199.2233148670939,0,1,0,0,0,0
4.3,10,22.27537355936392,200.88906491539635,0,1,0,0,0,0
4.3,10,22.296498510273956,200.9230542799732,0,1,0,0,0,0
4.3,10,22.248223968504792,342.5449768741253,0,1,0,0,0,0
4.3,10,22.08839205431021,213.4096086278959,0,1,0,0,0,0
4.3,10,22.131659776706723,209.2361766432288,0,1,0,0,0,0
4.3,10,22.09028324434489,263.3161893017041,0,1,0,0,0,0
4.3,10,21.955205101267456,184.88912082637376,0,1,0,0,0,0
4.3,10,22.004548989267622,131.31174000032772,0,1,0,0,0,0
4.3,10,22.05076187704589,97.15474770945626,0,1,0,0,0,0
4.3,10,22.01003286528971,42.37501100727946,0,1,0,0,0,0
4.3,10,22.040168349401068,72.76617795418048,0,1,0,0,0,0
4.3,10,21.888602761506,228.93868612648365,0,1,0,0,0,0
4.3,10,21.78654094104256,53.54050112726448,0,1,0,0,0,0
4.3,10,22.12700290914984,100.3174083228885,0,1,0,0,0,0
4.3,10,21.86764525387885,107.14240103573287,0,1,0,0,0,0
4.3,10,21.85020987549458,81.57948940056859,0,1,0,0,0,0
4.3,10,22.051642289428244,47.12180881715854,0,1,0,0,0,0
4.3,10,22.28935226347135,57.24159487724784,0,1,0,0,0,0
4.3,10,22.06023539110044,40.54293909207514,0,1,0,0,0,0
4.3,10,21.95733485663444,42.98575230795183,0,1,0,0,0,0
4.3,10,21.89484204434463,44.916215847802505,0,1,0,0,0,0
4.3,10,22.014164496548997,24.69833902146019,0,1,0,0,0,0
4.3,10,21.965813761240653,71.50012802800863,0,1,0,0,0,0
4.3,10,22.04491265521193,43.64047543212418,0,1,0,0,0,0
4.3,10,21.6711751048684,54.86512261833524,0,1,0,0,0,0
4.3,10,21.84695037832375,115.69433454772886,0,1,0,0,0,0
4.3,10,21.77246954297267,99.5066837718433,0,1,0,0,0,0
4.3,10,22.08062171136917,73.97030516765714,0,0,1,0,0,1
4.3,10,22.04190529213164,103.029052849642,0,0,1,0,0,1
4.3,10,21.990577545899853,10.5425936525728,0,1,0,0,0,0
4.3,10,21.992877333333368,167.5549020675436,0,0,1,0,0,1
4.3,10,21.983190123771926,167.3752434843714,0,0,1,0,0,1
4.3,10,21.90770117563136,228.23500584067864,0,0,1,0,0,1
4.3,10,21.898688583365622,228.234174870188,0,0,1,0,0,1
4.3,10,21.83942668678276,53.37579696627734,0,0,1,0,0,1
4.3,10,21.974337102637524,46.768789990006766,0,1,0,0,0,0
4.3,10,21.96147143386256,549.0202845351527,0,0,0,1,0,1
4.3,10,22.726764687411222,806.7590137393063,0,1,0,0,0,0
4.3,10,22.687252840014363,813.3235913141173,0,1,0,0,0,0
4.3,10,22.758041762083163,549.9084411291689,0,1,0,0,0,0
4.3,10,22.727818165394133,550.1658788569189,0,1,0,0,0,0
4.3,10,22.61115988493984,226.54922816712653,0,1,0,0,0,1
4.3,10,21.9543590037577,352.6184421479955,0,1,0,0,0,0
4.3,10,22.00067500121779,363.4132506766686,0,1,0,0,0,0
4.3,10,22.210557270503045,341.89183251150894,0,1,0,0,0,0
4.3,10,22.154453363730383,315.3660766532886,0,1,0,0,0,0
4.3,10,22.12109539119946,252.50737387143928,0,1,0,0,0,0
4.3,10,22.078497972688275,252.5205538891507,0,1,0,0,0,0
4.3,10,22.03588452150498,252.15428489336333,0,1,0,0,0,0
4.3,10,21.95641385074475,361.56318422262063,0,1,0,0,0,0
4.3,10,21.898875557868948,299.0608698719447,0,1,0,0,0,0
4.3,10,21.770611527215387,421.2385377123496,0,1,0,0,0,0
4.3,10,22.021410946655067,336.2951611751132,0,1,0,0,0,0
4.3,10,22.37840763360415,323.1584820957938,0,1,0,0,0,0
4.3,10,22.19517468453649,321.4700481214695,0,1,0,0,0,0
4.3,10,22.310933496663036,433.19343853228577,0,1,0,0,0,0
4.3,10,22.26596850655398,604.1046560526394,0,1,0,0,0,0
4.3,10,22.47870350029797,225.06753138365195,0,1,0,0,0,0
4.3,10,22.49732284058205,299.01167880308685,0,1,0,0,0,0
4.3,10,22.603454950438827,206.90059193695885,0,1,0,0,0,0
4.3,10,22.370444174260754,220.7314459573919,0,1,0,0,0,0
4.3,10,22.42232957932751,203.91991336134217,0,1,0,0,0,0
4.3,10,22.283990304830933,311.7358409762222,0,1,0,0,0,0
4.3,10,22.149131366972103,260.1763864220309,0,1,0,0,0,0
4.3,10,21.59151691453392,78.10589928493849,0,1,0,0,0,0
4.3,10,22.440015634542306,88.88764997097209,0,1,0,0,0,0
4.3,10,22.374807097710853,116.08239040839686,0,1,0,0,0,0
4.3,10,21.964227443308832,549.9148677990386,0,0,0,1,0,1
4.3,10,21.78529022313127,359.8127789131646,0,0,1,0,0,1
4.3,10,21.76481710815524,306.32135818896097,0,0,1,0,0,1
4.3,10,22.08511712896782,247.86900838952408,0,0,1,0,0,1
4.3,10,22.275068061071508,124.2804587813928,0,1,0,0,0,0
4.3,10,22.10683716488633,45.70992539195886,0,0,1,0,0,1
4.3,10,22.51179726719505,319.312169528549,0,1,0,0,0,0
4.3,10,22.33571218780408,365.1217353063156,0,1,0,0,0,0
4.3,10,22.180253288289805,272.16433035628813,0,1,0,0,0,0
4.3,10,22.22244973257178,272.0163912318812,0,1,0,0,0,0
4.3,10,22.238590009258417,45.33278166214385,0,1,0,0,0,0
4.3,10,22.019354973614693,289.3209174663069,0,1,0,0,0,0
4.3,10,22.07928389245573,187.0848529916184,0,1,0,0,0,0
4.3,10,22.022707200155665,41.500560341953694,0,1,0,0,0,0
4.3,10,22.50425048626963,59.584959202776254,0,1,0,0,0,1
4.3,10,22.292032789874806,364.8357767485388,0,1,0,0,0,0
4.3,10,22.375255236703584,365.3568899242287,0,1,0,0,0,0
4.3,10,22.270793033756725,187.79437248467008,0,0,0,1,0,0
4.3,10,22.50182313011266,161.31983577583907,0,1,0,0,0,0
4.3,10,21.982092678280424,34.55892669650736,0,1,0,0,0,0
4.3,10,22.360153312870995,126.07294270334646,0,1,0,0,0,0
4.3,10,22.079000679682096,55.212764815023256,0,1,0,0,0,0
4.3,10,22.07158223566955,25.19504571135133,0,1,0,0,0,0
4.3,10,22.117131085911726,88.389153965678,0,1,0,0,0,0
4.3,10,22.35878197862603,153.0712077432324,0,1,0,0,0,0
4.3,10,22.225137320283164,47.61300327802152,0,1,0,0,0,0
4.3,10,22.21653242148576,151.61969119205838,0,1,0,0,0,0
4.3,10,22.44957472955438,96.88653028392936,0,1,0,0,0,1
4.3,10,22.537415275092243,51.75489039893527,0,1,0,0,0,0
4.3,10,22.218215054775904,8.681168121255435,0,1,0,0,0,0
4.3,10,22.26068831086921,11.3316724517964,0,1,0,0,0,0
4.3,10,22.70729271408778,89.08886808192342,0,1,0,0,0,0
4.3,10,22.403004833216347,41.35258259917442,0,1,0,0,0,0
4.3,10,22.286567902836676,54.98193355892615,0,1,0,0,0,0
4.3,10,22.188299161383256,55.30709969151383,0,1,0,0,0,0
4.3,10,25.367923457312653,2368.842618159115,0,1,0,0,0,0
4.3,10,22.455600047106408,297.06765470619564,0,1,0,0,0,0
4.3,10,22.508020156312277,155.39892239935273,0,1,0,0,0,0
4.3,10,22.55778512457122,201.5422267321435,0,1,0,0,0,0
4.3,10,22.597571820749085,182.9040276965168,0,1,0,0,0,0
4.3,10,23.02624773124196,488.4149765884368,0,1,0,0,0,0
4.3,10,22.93149355506678,361.791911259742,0,1,0,0,0,0
4.3,10,22.85113195141573,411.6486193399218,0,1,0,0,0,0
4.3,10,22.45671638460348,78.13341453764693,0,1,0,0,0,0
4.3,10,22.426712399593267,341.5453122934724,0,1,0,0,0,0
4.3,10,22.61837915808209,85.2906816846407,0,1,0,0,0,0
4.3,10,22.577760325664315,240.61287323444287,0,1,0,0,0,0
4.3,10,22.712062217428556,48.510074201118826,0,1,0,0,0,0
4.3,10,22.3015359450176,299.30083005778624,0,1,0,0,0,1
4.3,10,22.14556168082653,503.5537506144755,0,1,0,0,0,0
4.3,10,22.185744913163912,464.6668539773904,0,1,0,0,0,0
4.3,10,22.025989605025217,194.9083635294973,0,1,0,0,0,0
4.3,10,22.071350580715983,109.2700536219034,0,1,0,0,0,0
4.3,10,22.13045382657293,107.53381080099334,0,1,0,0,0,0
4.3,10,22.166958761861014,154.7188698310543,0,1,0,0,0,0
4.3,10,21.997042434930822,492.1850448985846,0,1,0,0,0,0
4.3,10,21.94607706793541,495.87110474978886,0,1,0,0,0,0
4.3,10,22.407006823948464,125.29702313954714,0,1,0,0,0,0
4.3,10,22.46006762701928,48.609603796406255,0,1,0,0,0,0
4.3,10,22.173414374884626,55.267246160150805,0,1,0,0,0,0
4.3,10,22.23104852958196,72.6913691611667,0,1,0,0,0,0
4.3,10,22.46706596084564,258.5542351316012,0,1,0,0,0,1
4.3,10,22.54119990963936,77.8579852354303,0,1,0,0,0,0
4.3,10,22.04365056458574,481.5446498245617,0,1,0,0,0,0
4.3,10,22.07729998694963,10.627487685352031,0,1,0,0,0,0
4.3,10,22.574262114576925,23.40028011552937,0,1,0,0,0,0
4.3,10,22.570186400411952,60.716078753633774,0,1,0,0,0,0
4.3,10,22.313745609296102,119.6752690973332,0,1,0,0,0,0
4.3,10,22.09267549439789,115.8009060215782,0,1,0,0,0,0
4.3,10,22.23980592047814,535.1261254605566,0,1,0,0,0,1
4.3,10,22.374899268108635,118.84772670522288,0,1,0,0,0,0
4.3,10,22.38012388077587,132.6913211068016,0,1,0,0,0,0
4.3,10,22.27217778687844,119.537247817139,0,1,0,0,0,0
4.3,10,22.251903178292302,57.18076782697875,0,1,0,0,0,0
4.3,10,22.27324357000487,50.22801872304159,0,1,0,0,0,0
4.3,10,22.32650619368428,56.02567357996331,0,1,0,0,0,0
4.3,10,22.189664980443432,211.935250835756,0,1,0,0,0,1
4.3,10,22.30497592948493,111.21166590370169,0,1,0,0,0,0
4.3,10,22.264906879256188,48.38286179365727,0,1,0,0,0,0
4.3,10,22.282191485276368,52.229324809870334,0,1,0,0,0,0
4.3,10,22.30150929237664,18.716534851498835,0,1,0,0,0,0
4.3,10,22.307987588850445,8.921653469882258,0,1,0,0,0,0
4.3,10,22.33113954234318,44.84554390272624,0,1,0,0,0,0
4.3,10,22.21239695008096,64.33617642705225,0,1,0,0,0,0
4.3,10,22.232731722858,102.27989947938302,0,1,0,0,0,0
4.3,10,22.25910140859192,49.88164245124876,0,1,0,0,0,0
4.3,10,22.284553166645036,87.88664977660555,0,1,0,0,0,0
4.3,10,22.380650871898464,86.35467818150414,0,1,0,0,0,0
4.3,10,22.348852115810185,96.7160555002517,0,1,0,0,0,0
4.3,10,22.37700079044629,46.40688440403962,0,1,0,0,0,0
4.3,10,22.397829866240983,43.95520622570661,0,1,0,0,0,0
4.3,10,22.41572628673688,42.3706826791879,0,1,0,0,0,0
4.3,10,22.42979044342678,42.024240099328914,0,1,0,0,0,0
4.3,10,22.406121701784617,54.51156115886617,0,1,0,0,0,0
4.3,10,22.388468711012305,28.428395740116947,0,1,0,0,0,0
4.3,10,22.333178902053685,398.8412402842428,0,1,0,0,0,0
4.3,10,22.32242519281719,78.09278204680156,0,1,0,0,0,0
4.3,10,22.913487604841784,13.541764279521704,0,1,0,0,0,0
4.3,10,22.888691687411782,92.5215654176896,0,1,0,0,0,0
4.3,10,22.781485357702135,257.9243569961675,0,1,0,0,0,0
4.3,10,22.69913106341133,11.260325041857117,0,1,0,0,0,0
4.3,10,22.615388617968488,119.43070009909312,0,1,0,0,0,0
4.3,10,22.674547309422703,58.82666459853316,0,1,0,0,0,0
4.3,10,22.33329928471166,25.238933556423618,0,1,0,0,0,0
4.3,10,22.335038658398627,95.42685498457988,0,1,0,0,0,0
4.3,10,22.54869574518329,69.6920180309812,0,1,0,0,0,0
4.3,10,22.66220589272841,184.36103911473592,0,1,0,0,0,0
4.3,10,22.62455224728852,396.2286901177082,0,1,0,0,0,0
4.3,10,23.31832361668728,188.57609857887564,0,1,0,0,0,0
4.3,10,23.508027087004532,941.4311763222518,0,1,0,0,0,0
4.3,10,23.51269244619772,66.14538060480105,0,1,0,0,0,0
4.3,10,22.973563873986063,258.68565174479534,0,1,0,0,0,0
4.3,10,22.826039089617165,476.4802276769049,0,1,0,0,0,0
4.3,10,22.84800864256149,370.1088847797877,0,1,0,0,0,0
4.3,10,23.027201090941137,1039.3849432252696,0,1,0,0,0,0
4.3,10,23.39655634459496,111.62135684853372,0,1,0,0,0,0
4.3,10,23.083886775012928,2161.956222088133,0,0,1,0,0,0
4.3,10,22.75909028876473,1158.2022052796126,0,1,0,0,0,0
4.3,10,22.28823362151992,168.72602366166117,0,1,0,0,0,0
4.3,10,22.165706727492765,293.8366491006475,0,1,0,0,0,0
4.3,10,23.28109179039173,676.5704647557216,0,1,0,0,0,0
4.3,10,24.135860342450083,1528.3923582664338,0,1,0,0,0,0
4.3,10,23.241609555541604,165.93453618249322,0,1,0,0,0,0
4.3,10,22.62959242414709,217.74968002501595,0,1,0,0,0,0
4.3,10,22.412846251649743,418.0919477199212,0,1,0,0,0,0
4.3,10,22.62665710909871,113.87825423009936,0,1,0,0,0,0
4.3,10,23.043347707395878,169.39825578012167,0,1,0,0,0,0
4.3,10,23.02002261825228,412.1663908749614,0,1,0,0,0,0
4.3,10,23.12042603760679,133.02766415084173,0,1,0,0,0,0
4.3,10,23.233387336751044,218.41313357085755,0,1,0,0,0,0
4.3,10,23.18110699958541,173.240561202948,0,1,0,0,0,0
4.3,10,22.87511176145714,152.55222007068434,0,1,0,0,0,0
4.3,10,22.90729077391304,84.20408545740733,0,1,0,0,0,0
4.3,10,22.97680996564916,110.42258743062524,0,1,0,0,0,0
4.3,10,22.949455988175465,137.06488254019737,0,1,0,0,0,0
4.3,10,23.259919634265152,184.9246015209877,0,1,0,0,0,0
4.3,10,23.1274182732999,138.70516369302612,0,1,0,0,0,0
4.3,10,22.589977052199902,207.47758143371087,0,1,0,0,0,0
4.3,10,23.15277787077914,127.11701504253072,0,1,0,0,0,0
4.3,10,22.98122045159321,55.99167218745063,0,1,0,0,0,0
4.3,10,23.108138833067237,35.37923084780343,0,1,0,0,0,0
4.3,10,23.08676765732576,24.738859638196622,0,1,0,0,0,0
4.3,10,23.20816559612344,66.58917306605916,0,1,0,0,0,0
4.3,10,22.945659339458985,51.81624054664419,0,1,0,0,0,0
4.3,10,23.30600238210346,91.45648644084316,0,1,0,0,0,0
4.3,10,23.173513664247714,36.579361550523245,0,1,0,0,0,0
4.3,10,23.166170843595623,285.76003197158497,0,1,0,0,0,0
4.3,10,23.069113934179537,145.27826465844555,0,1,0,0,0,0
4.3,10,23.1477254220328,68.28590963060483,0,1,0,0,0,0
4.3,10,22.959044465607903,169.44855083568527,0,1,0,0,0,0
4.3,10,23.325401450120665,104.1901652994508,0,1,0,0,0,0
4.3,10,23.29618122422801,87.27985706715745,0,1,0,0,0,0
4.3,10,23.044368633391954,60.57657140516794,0,1,0,0,0,0
4.3,10,23.026232912434057,118.7480083225025,0,1,0,0,0,0
4.3,10,22.965365126373264,56.5049293659186,0,1,0,0,0,0
4.3,10,23.037751164641627,59.46252675780106,0,1,0,0,0,0
4.3,10,23.09555065095692,135.5797078558497,0,1,0,0,0,0
4.3,10,23.20430748267893,333.81951611622713,0,1,0,0,0,0
4.3,10,23.20589259765813,52.21823039939878,0,1,0,0,0,0
4.3,10,23.081168909587728,62.790770141753015,0,1,0,0,0,0
4.3,10,23.054240971856768,24.06639479632469,0,1,0,0,0,0
4.3,10,23.115036777072586,56.0104793196365,0,1,0,0,0,0
4.3,10,23.20188298015477,34.749423406612124,0,1,0,0,0,0
4.3,10,23.16457427446056,75.260816560972,0,1,0,0,0,0
4.3,10,23.18510763889852,147.0845818440159,0,1,0,0,0,0
4.3,10,23.02844118366183,59.79698862716651,0,1,0,0,0,0
4.3,10,23.163198955403725,103.77535189189076,0,1,0,0,0,0
4.3,10,23.4687707654016,14.917676840412044,0,1,0,0,0,0
4.3,10,23.818274617283784,1098.73433153548,0,0,0,0,0,1
4.3,10,23.371208323554555,24.63603159878757,0,1,0,0,0,0
4.3,10,23.571889577410573,1281.830382328833,0,1,0,0,0,0
4.3,10,23.39675164776859,79.76259792213831,0,1,0,0,0,1
4.3,10,23.80950571822492,1109.6330384331045,0,0,0,0,0,1
4.3,10,23.39583411247745,325.389144369883,0,1,0,0,0,0
4.3,10,23.40739067490297,74.3465328102391,0,0,0,0,0,1
4.3,10,23.467868477477623,107.59121964420422,0,0,0,0,0,1
4.3,10,23.639362143036763,349.2802806852583,0,1,0,0,0,0
4.3,10,23.413492055688327,49.57226458699576,0,1,0,0,0,0
4.3,10,23.39906538979022,77.10360317675708,0,0,0,0,0,1
4.3,10,23.458114144868198,98.78446445607382,0,0,0,0,0,1
4.3,10,24.02412407103666,103.76095695286396,0,1,0,0,0,0
4.3,10,24.040994300973537,202.0454029539593,0,1,0,0,0,0
4.3,10,23.38053555455862,273.2118739925085,0,1,0,0,0,0
4.3,10,23.33402223798712,69.46935782637519,0,1,0,0,0,0
4.3,10,23.6507942116914,105.36143544283712,0,1,0,0,0,0
4.3,10,23.80770076991907,134.46022725434216,0,1,0,0,0,0
4.3,10,23.728936736338024,111.2817626028721,0,1,0,0,0,0
4.3,10,23.503797494955425,126.55685671667784,0,1,0,0,0,0
4.3,10,23.79442990749325,125.00845411653911,0,1,0,0,0,0
4.3,10,23.60851953959798,197.97456710395656,0,1,0,0,0,0
4.3,10,23.9342281865506,44.86516829682192,0,1,0,0,0,0
4.3,10,23.99601293347235,138.6037347574711,0,1,0,0,0,0
4.3,10,23.78638617578044,175.6422671981436,0,1,0,0,0,0
4.3,10,23.54956281088772,467.4116858817729,0,1,0,0,0,0
4.3,10,23.939661301908544,208.06753886234023,0,1,0,0,0,0
4.3,10,24.142909901019088,395.2629371915156,0,1,0,0,0,0
4.3,10,23.820840335932537,124.85045548805108,0,1,0,0,0,0
4.3,10,23.978792899268345,489.8900940732228,0,1,0,0,0,0
4.3,10,24.11378247659421,113.60764307113364,0,1,0,0,0,0
4.3,10,24.020475968719435,206.36092524742045,0,1,0,0,0,0
4.3,10,23.87795896659726,195.4808797230698,0,1,0,0,0,0
4.3,10,23.904986169609348,132.62093203148746,0,1,0,0,0,0
4.3,10,24.14334170571862,15.023205413396218,0,1,0,0,0,0
4.3,10,24.09411954410728,95.8422279629704,0,1,0,0,0,0
4.3,10,23.995951824579407,108.42276895928396,0,1,0,0,0,0
4.3,10,23.832765329272338,89.08420743852336,0,1,0,0,0,0
4.3,10,24.30408124890525,209.6931776990901,0,1,0,0,0,0
4.3,10,24.178687063103112,212.59225517479547,0,1,0,0,0,0
4.3,10,24.377738067011165,297.36317176012744,0,1,0,0,0,0
4.3,10,24.310453494249128,338.3532357735159,0,1,0,0,0,0
4.3,10,24.212861983465714,269.11014266468715,0,1,0,0,0,0
4.3,10,24.29408170641019,689.1214180573675,0,1,0,0,0,0
4.3,10,23.61660319185812,357.9387705692982,0,1,0,0,0,0
4.3,10,24.77204569539096,137.30770891310573,0,0,0,1,0,0
4.3,10,24.00310233772747,106.13358944529472,0,1,0,0,0,0
4.3,10,24.74998097950992,194.8749086482792,0,0,0,0,0,0
4.3,10,24.514010013843304,403.290310163089,0,0,0,0,0,1
4.3,10,24.5297590634692,395.4446053047266,0,0,0,0,0,0
4.3,10,24.650771863453308,703.9379038564159,0,0,0,0,0,1
4.3,10,24.78280649921647,289.396135164542,0,0,0,0,0,1
4.3,10,24.17432783942502,124.13466794158974,0,1,0,0,0,0
4.3,10,24.282102223008323,350.6510165918256,0,1,0,0,0,0
4.3,10,24.313497980268103,328.93892299925545,0,1,0,0,0,0
4.3,10,24.258246365588622,81.09228075159443,0,1,0,0,0,0
4.3,10,24.23716490442324,83.70482281318795,0,1,0,0,0,0
4.3,10,24.214697246650083,439.16026896306033,0,0,0,0,0,1
4.3,10,24.4016069231671,4.128164244044728,0,0,0,0,0,0
4.3,10,24.20832943527348,446.3849814062942,0,0,0,0,0,1
4.3,10,24.17810309412362,262.7487196769193,0,1,0,0,0,0
4.3,10,24.123211776011345,123.26935581791813,0,1,0,0,0,0
4.3,10,24.08285965363154,70.39137763443942,0,1,0,0,0,0
4.3,10,24.12264853126677,136.1495599725195,0,1,0,0,0,0
4.3,10,24.171000005986464,106.1826040546957,0,1,0,0,0,0
4.3,10,23.06653971775768,182.0209941342428,0,1,0,0,0,0
4.3,10,22.825886309954072,52.22628232285292,0,1,0,0,0,0
4.3,10,23.08743344536786,95.67693474451272,0,1,0,0,0,0
4.3,10,23.0568841266932,56.334147786383326,0,1,0,0,0,0
4.3,10,23.6572512687569,473.6892755941423,0,1,0,0,0,0
4.3,10,23.981008791584177,518.963300281263,0,1,0,0,0,0
4.3,10,23.747099708528072,169.6446967189332,0,1,0,0,0,0
4.3,10,23.74952934058141,384.6849216464874,0,1,0,0,0,0
4.3,10,23.89980702657906,62.70811269359739,0,1,0,0,0,0
4.3,10,23.87067692273297,55.34360911812407,0,1,0,0,0,0
4.3,10,23.783439919342904,269.4858419636041,0,1,0,0,0,0
4.3,10,23.66456880707065,70.91853247357577,0,1,0,0,0,0
4.3,10,23.51080551809446,106.56126965225002,0,1,0,0,0,0
4.3,10,23.56973610927597,80.7573746712131,0,1,0,0,0,0
4.3,10,23.611417276377484,275.0146158212034,0,1,0,0,0,0
4.3,10,23.46592574001904,194.4224572618413,0,1,0,0,0,0
4.3,10,23.623714276028068,48.3978786226796,0,1,0,0,0,0
4.3,10,23.5657758549444,70.91980325672863,0,1,0,0,0,0
4.3,10,23.61207771842732,76.29097691028508,0,1,0,0,0,0
4.3,10,23.464321890764097,31.747210230175423,0,1,0,0,0,0
4.3,10,23.64314262911922,61.95385951914752,0,1,0,0,0,0
4.3,10,23.60172786433785,20.801119153674705,0,1,0,0,0,0
4.3,10,23.58028591384081,247.20961679548188,0,1,0,0,0,0
4.3,10,23.756411740663623,39.59989719770896,0,1,0,0,0,0
4.3,10,23.51270586164692,16.12606497976276,0,1,0,0,0,0
4.3,10,24.43817887827453,250.6116050890586,0,1,0,0,0,0
4.3,10,24.52684819733011,74.20692607826442,0,1,0,0,0,0
4.3,10,24.366652993880194,300.3166339101033,0,1,0,0,0,0
4.3,10,23.981712579204324,34.59168899330196,0,1,0,0,0,0
4.3,10,23.892329832567867,53.11183933803274,0,1,0,0,0,0
4.3,10,23.882091938540277,42.86610000799551,0,1,0,0,0,0
4.3,10,23.918134394026865,31.24902053928514,0,1,0,0,0,0
4.3,10,24.234021759079308,20.420550869041502,0,1,0,0,0,0
4.3,10,24.243140976169787,75.80303859536308,0,1,0,0,0,0
4.3,10,24.29719509716907,216.0269937118716,0,1,0,0,0,0
4.3,10,24.30355059342992,128.83168305550294,0,1,0,0,0,0
4.3,10,24.49630966614436,110.98358744445758,0,1,0,0,0,0
4.3,10,24.50150061892675,42.56292154367439,0,1,0,0,0,0
4.3,10,24.509857807939397,71.52681359438755,0,1,0,0,0,0
4.3,10,24.41114657954356,299.3251684762797,0,1,0,0,0,0
4.3,10,24.75497827092131,621.6751770613847,0,1,0,0,0,0
4.3,10,24.624376382285423,379.5485020973929,0,1,0,0,0,0
4.3,10,24.58800093017902,560.6839476629226,0,1,0,0,0,0
4.3,10,24.4894675020316,118.28516584966208,0,1,0,0,0,0
4.3,10,25.25157917575704,322.1714107283313,0,1,0,0,0,0
4.3,10,25.06717190832733,444.1980096567167,0,1,0,0,0,0
4.3,10,24.523785335537145,146.8527875966237,0,1,0,0,0,0
4.3,10,24.76887296128429,403.03735415336126,0,1,0,0,0,0
4.3,10,24.804735366174704,112.60214258596542,0,1,0,0,0,0
4.3,10,24.65477917504982,164.60334317701208,0,1,0,0,0,0
4.3,10,24.72887149411844,31.187859660505246,0,1,0,0,0,0
4.3,10,24.92138365874756,66.45418465043464,0,1,0,0,0,0
4.3,10,24.92905123505627,65.50627940419416,0,1,0,0,0,0
4.3,10,24.911678742175244,93.13103387391794,0,1,0,0,0,0
4.3,10,24.818115525346403,215.7712890192976,0,1,0,0,0,0
4.3,10,24.278371258427224,459.05482908402166,0,1,0,0,0,0
4.3,10,24.32823246440833,48.12716075747447,0,1,0,0,0,0
4.3,10,24.06807030905973,83.46531054661642,0,1,0,0,0,0
4.3,10,24.360530317443622,32.17265072782443,0,1,0,0,0,0
4.3,10,24.39807958862007,76.67831261212663,0,1,0,0,0,0
4.3,10,24.21908023316756,148.18534779302215,0,1,0,0,0,0
4.3,10,24.652517790724133,761.9269160955159,0,0,0,1,0,0
4.3,10,24.691555771294063,225.3030729559464,0,1,0,0,0,0
4.3,10,25.186821626077496,415.9189817861638,0,1,0,0,0,0
4.3,10,25.28069189202984,222.23700188955465,0,1,0,0,0,0
4.3,10,25.202957072286885,1440.763685266224,0,1,0,0,0,0
4.3,10,26.03914911914476,2540.4388180347005,0,0,0,0,0,0
4.3,10,25.229395937477666,197.2837599452997,0,1,0,0,0,0
3.7,10,25.06435575299529,304.3644674463369,0,1,0,0,0,1
3.7,10,24.763355674299746,334.854817788776,0,1,0,0,0,0
3.7,10,24.560213006828388,695.8516143659663,0,1,0,0,0,0
3.7,10,24.83811322005246,226.0831687403952,0,1,0,0,0,0
3.7,10,24.79980961648421,334.38094831616,0,1,0,0,0,0
3.7,10,24.905715601305197,86.6409247887356,0,1,0,0,0,0
3.7,10,24.61573186987888,608.3779301232823,0,0,0,1,0,1
3.7,10,24.63225542802572,589.8412924082332,0,0,0,1,0,1
3.7,10,25.00835291932724,514.7967337502447,0,0,0,1,0,1
3.7,10,25.02555510130257,555.7214270657979,0,0,0,1,0,1
3.7,10,24.71812666630434,743.6237152385429,0,0,0,1,0,1
3.7,10,24.87865629494945,338.7799712436523,0,1,0,0,0,1
3.7,10,24.91487061959112,571.8688928984491,0,1,0,0,0,1
3.7,10,24.85793306389954,72.76175702414321,0,0,0,1,0,1
3.7,10,24.671971646911917,201.0233467237804,0,0,0,1,0,1
3.7,10,25.043040260251228,442.0969465199373,0,1,0,0,0,1
3.7,10,24.738382148329997,700.6289300491355,0,1,0,0,0,0
3.7,10,25.530394421088683,28.564072210688124,0,1,0,0,0,0
3.7,10,24.51655817102724,1013.4438244598526,0,0,0,1,0,1
3.7,10,25.19083733633663,470.8485188768407,0,1,0,0,0,0
3.7,10,24.79058718819981,134.88620542085744,0,1,0,0,0,1
3.7,10,24.863310739326813,325.8406889755462,0,1,0,0,0,0
3.7,10,24.99783997039801,33.81804707509349,0,0,0,1,0,1
3.7,10,24.99783997039801,27.0057110383233,0,0,0,1,0,1
3.7,10,25.17284874819894,184.29153958651577,0,1,0,0,0,1
3.7,10,25.22565716434224,243.0595011305093,0,1,0,0,0,1
3.7,10,25.214593493964355,230.65386808968407,0,1,0,0,0,1
3.7,10,24.97464614370136,156.15608943176431,0,1,0,0,0,0
3.7,10,25.21143786870595,208.9568677098557,0,1,0,0,0,0
3.7,10,24.890079622736597,102.40924283206056,0,1,0,0,0,0
3.7,10,25.07697888372019,136.60985299431258,0,1,0,0,0,0
3.7,10,24.78132987184796,134.76024459742771,0,1,0,0,0,1
3.7,10,24.825523475997404,65.8490246342879,0,1,0,0,0,0
3.7,10,25.086462159489724,83.4233461372355,0,1,0,0,0,0
3.7,10,24.88045591901088,112.34559459757868,0,1,0,0,0,0
3.7,10,24.87846734467692,241.731053853642,0,0,0,1,0,1
3.7,10,24.75825028081981,8.105233444637209,0,1,0,0,0,0
3.7,10,24.98189982027539,137.22749182080418,0,1,0,0,0,1
3.7,10,24.70657667666979,169.41216413864896,0,1,0,0,0,0
3.7,10,25.096855253763017,94.23118380122268,0,1,0,0,0,0
3.7,10,25.08142574285237,164.32873932173572,0,1,0,0,0,1
3.7,10,25.084882381456776,160.0583684431548,0,1,0,0,0,1
3.7,10,25.046584819256456,142.763226755689,0,1,0,0,0,0
3.7,10,25.19266036334915,209.3735917233021,0,1,0,0,0,0
3.7,10,25.278760842813803,353.13016841652404,0,1,0,0,0,0
3.7,10,24.903204611088,122.80593668108776,0,1,0,0,0,0
3.7,10,25.075372541095643,96.24729301508408,0,1,0,0,0,1
3.7,10,25.039589476441908,94.71429113672994,0,1,0,0,0,1
3.7,10,25.017739744777035,230.15905157321723,0,0,0,1,0,1
3.7,10,25.01965514328276,246.36663905119497,0,0,0,1,0,1
3.7,10,24.903631205452733,17.187901695007383,0,0,0,1,0,1
3.7,10,24.909387908041925,12.523101903261429,0,0,0,1,0,1
3.7,10,24.86298067520705,86.18600799610255,0,1,0,0,0,0
3.7,10,25.388220796985607,111.81526598282282,0,1,0,0,0,0
3.7,10,25.29241780696879,102.24791152574556,0,1,0,0,0,1
3.7,10,25.10143335568812,108.7993696701492,0,1,0,0,0,0
3.7,10,25.013095959390284,108.61872264479398,0,1,0,0,0,0
3.7,10,25.397692375984604,331.7609611801652,0,1,0,0,0,1
3.7,10,25.277261181569777,48.50636524753127,0,1,0,0,0,0
3.7,10,25.28585673194405,50.18546022346658,0,1,0,0,0,0
3.7,10,24.883997477674807,52.749742125932485,0,0,0,1,0,1
3.7,10,24.901402662808,52.7317141798262,0,0,0,1,0,1
3.7,10,24.87702123241364,72.39469187386604,0,0,0,1,0,1
3.7,10,25.182900501369023,88.11659928511604,0,1,0,0,0,1
3.7,10,25.1360396083896,54.68411069150906,0,1,0,0,0,1
3.7,10,25.12643999236111,24.89461266748181,0,1,0,0,0,0
3.7,10,25.182900501369023,86.93604510604756,0,1,0,0,0,1
3.7,10,25.29662058852448,104.02801580486924,0,1,0,0,0,1
3.7,10,25.248051723771887,55.00920909677474,0,1,0,0,0,0
3.7,10,25.138760509152068,13.050284527613348,0,1,0,0,0,0
3.7,10,24.911721141254095,63.90600267693989,0,1,0,0,0,0
3.7,10,25.00833171565637,133.1816455706609,0,1,0,0,0,1
3.7,10,25.02685743822474,183.96219818047825,0,1,0,0,0,1
3.7,10,25.11765462853221,11.96579179772858,0,1,0,0,0,0
3.7,10,25.09764741775847,33.57557703966273,0,1,0,0,0,1
3.7,10,24.97046978550648,54.61296433895083,0,1,0,0,0,1
3.7,10,24.9307262142322,110.6164239770453,0,1,0,0,0,0
3.7,10,24.962197067622693,99.7761516454042,0,1,0,0,0,1
3.7,10,25.09649560704573,243.4208776399183,0,1,0,0,0,1
3.7,10,25.16376449140332,94.29773220516972,0,1,0,0,0,1
3.7,10,25.006439951309986,53.489823586484725,0,1,0,0,0,1
3.7,10,25.392028165918383,310.4756827327067,0,1,0,0,0,1
3.7,10,25.243037244127663,75.95891824830728,0,1,0,0,0,0
3.7,10,25.201888950403568,116.70334921305054,0,1,0,0,0,1
3.7,10,25.20740189566695,116.63770651764392,0,1,0,0,0,1
3.7,10,25.230751151371685,10.158002496495769,0,1,0,0,0,0
3.7,10,25.106008206390804,104.10959827239115,0,1,0,0,0,0
3.7,10,24.89966522151658,10.980598599219263,0,0,0,1,0,1
3.7,10,24.91335335988873,11.5453558609021,0,0,0,1,0,1
3.7,10,24.093877346946226,225.56819313437435,0,1,0,0,0,0
3.7,10,24.147706367864004,226.58510146826856,0,1,0,0,0,0
3.7,10,24.48160941119248,220.89696614249047,0,1,0,0,0,0
3.7,10,24.486434096714785,247.68806370163884,0,1,0,0,0,0
3.7,10,24.294340594471624,247.8046554081185,0,1,0,0,0,0
3.7,10,24.314508381938904,245.43657173545955,0,1,0,0,0,0
3.7,10,24.463750912910257,247.71614489555668,0,1,0,0,0,0
3.7,10,24.42890262417711,222.32990793674028,0,1,0,0,0,0
3.7,10,24.51034598387473,261.28217381542026,0,0,0,1,0,1
3.7,10,24.59908392285581,104.55926440316526,0,1,0,0,0,0
3.7,10,24.566862311749475,155.1702375685863,0,1,0,0,0,0
3.7,10,24.462414070379083,164.5735409988647,0,1,0,0,0,0
3.7,10,24.411047402673923,146.0096823679477,0,1,0,0,0,0
3.7,10,24.31448790238517,568.7882092029527,0,0,0,1,0,1
3.7,10,24.154152746605767,227.179529311646,0,1,0,0,0,0
3.7,10,24.22663367683935,230.61164774442275,0,1,0,0,0,0
3.7,10,24.26619390483418,246.18337387742963,0,1,0,0,0,0
3.7,10,24.43436598920073,226.4583705351604,0,1,0,0,0,0
3.7,10,24.485922016841524,227.0893893714016,0,1,0,0,0,0
3.7,10,24.45038654444061,245.6203241972088,0,1,0,0,0,0
3.7,10,24.387582695432464,366.8145854981536,0,1,0,0,0,0
3.7,10,24.552019342402804,57.92634604100982,0,1,0,0,0,0
3.7,10,24.62386037012688,249.9144911518317,0,1,0,0,0,0
3.7,10,24.58566528240097,112.18777134806884,0,1,0,0,0,0
3.7,10,24.600729897753595,248.49640751857092,0,1,0,0,0,0
3.7,10,24.289560204699427,246.551405088048,0,1,0,0,0,0
3.7,10,24.816913148033617,30.66962632528418,0,1,0,0,0,0
3.7,10,24.337031683964977,42.35364165974346,0,0,0,1,0,1
3.7,10,24.312332975209895,119.87414093596412,0,0,0,1,0,1
3.7,10,24.338767125911147,14.584546515866396,0,0,0,1,0,0
3.7,10,24.280700775815276,76.53712986203533,0,0,0,1,0,1
3.7,10,24.29334240451921,93.34345263279398,0,0,0,1,0,1
3.7,10,24.299579611386385,92.19805065697224,0,0,0,1,0,1
3.7,10,24.739872053234095,33.1450623385572,0,1,0,0,0,0
3.7,10,24.351445988411022,23.389110941212827,0,0,0,1,0,1
3.7,10,24.141028457238168,1137.6003858049348,0,1,0,0,0,0
3.7,10,23.27939104796624,132.32235279855908,0,1,0,0,0,0
3.7,10,23.793591012649237,247.8459003660864,0,1,0,0,0,0
3.7,10,23.67803835824457,235.5926122283809,0,1,0,0,0,0
3.7,10,23.62783696307904,220.96440021833288,0,1,0,0,0,0
3.7,10,24.11454053333464,249.25415546431427,0,1,0,0,0,0
3.7,10,24.091096629576622,248.0396418981713,0,1,0,0,0,0
3.7,10,23.94576989578805,309.03455240139664,0,1,0,0,0,0
3.7,10,23.961441547761304,648.2048017535491,0,1,0,0,0,0
3.7,10,24.253260239524806,1106.99704189035,0,1,0,0,0,0
3.7,10,23.439461089616035,801.8959430605998,0,1,0,0,0,0
3.7,10,24.682814837021528,423.815118496895,0,1,0,0,0,0
3.7,10,24.03388071952521,131.5686154701172,0,1,0,0,0,0
3.7,10,24.011707610657577,132.45050269328647,0,1,0,0,0,0
3.7,10,24.13076336698793,246.4043029877172,0,1,0,0,0,0
3.7,10,23.998084492947747,318.5613398125939,0,1,0,0,0,0
3.7,10,24.269558917627432,284.05608854792774,0,1,0,0,0,0
3.7,10,24.153321663200323,245.84303176566308,0,1,0,0,0,0
3.7,10,24.30926879497039,288.5156275900139,0,1,0,0,0,0
3.7,10,24.351569205346998,225.96316838715123,0,1,0,0,0,0
3.7,10,24.29095065721089,688.550238128322,0,1,0,0,0,0
3.7,10,24.616094962364965,233.08154822822084,0,1,0,0,0,0
3.7,10,24.51791504077201,1429.0438627203737,0,1,0,0,0,0
3.7,10,24.448572268075942,430.2921308919063,0,1,0,0,0,0
3.7,10,24.66481710357589,548.4439970279692,0,0,0,1,0,1
3.7,10,24.66909360962862,520.5380468539837,0,0,0,1,0,1
3.7,10,23.468338881201028,789.8013748532004,0,0,0,1,0,1
3.7,10,24.625760623802,1008.1717495359828,0,0,0,1,0,1
3.7,10,24.02647079290209,395.7850992389177,0,1,0,0,0,0
3.7,10,23.63351818018609,618.8393404270547,0,0,0,1,0,1
3.7,10,23.643732368722542,615.2765063450715,0,0,0,1,0,1
3.7,10,23.233371282832618,836.1519604348279,0,1,0,0,0,0
3.7,10,24.02314650079809,417.4797235192687,0,0,0,1,0,1
3.7,10,23.40951916627016,1522.2107394945451,0,0,0,1,0,1
3.7,10,23.3960742105676,1521.624751401402,0,0,0,1,0,1
3.7,10,23.44542533211756,264.7589206876436,0,1,0,0,0,0
3.7,10,23.49978295746721,251.4543368474347,0,1,0,0,0,0
3.7,10,23.41371749985714,727.684731020604,0,1,0,0,0,0
3.7,10,23.51217200914805,264.94248698389833,0,1,0,0,0,0
3.7,10,23.360969202294815,248.5103221771824,0,1,0,0,0,0
3.7,10,23.33794999326508,248.4781380762073,0,1,0,0,0,0
3.7,10,24.223773265069536,47.468973571348265,0,0,0,1,0,1
3.7,10,24.228897426958383,46.972994660772365,0,0,0,1,0,1
3.7,10,24.23646064090359,46.71925618528916,0,0,0,1,0,1
3.7,10,24.24177708293793,46.86517170482762,0,0,0,1,0,1
3.7,10,23.829083194945472,191.1160778341384,0,0,0,1,0,1
3.7,10,23.8391457551838,188.536215949148,0,0,0,1,0,1
3.7,10,23.491381554525773,265.65683301075853,0,1,0,0,0,0
3.7,10,24.219266566560258,90.68051575180706,0,1,0,0,0,0
3.7,10,23.60686423784229,141.363381427582,0,1,0,0,0,0
3.7,10,23.768106435260314,169.36752316018357,0,1,0,0,0,0
3.7,10,23.8203350962187,179.64492373981713,0,1,0,0,0,0
3.7,10,23.545631590177347,221.7956292189868,0,1,0,0,0,0
3.7,10,23.525143491258493,222.5076135739614,0,1,0,0,0,0
3.7,10,23.81691396714947,247.03897011965373,0,1,0,0,0,0
3.7,10,23.75586687783573,249.68427660914423,0,1,0,0,0,0
3.7,10,23.7785489004833,249.260641899219,0,1,0,0,0,0
3.7,10,23.89256376793005,230.29892228816607,0,1,0,0,0,0
3.7,10,23.945543142947177,230.87084469452725,0,1,0,0,0,0
3.7,10,23.931657187632148,244.76794096958028,0,1,0,0,0,0
3.7,10,23.95478133588488,245.1042581309592,0,1,0,0,0,0
3.7,10,23.819172460124207,227.99440685264528,0,1,0,0,0,0
3.7,10,24.099771542320163,227.10790945592709,0,1,0,0,0,0
3.7,10,24.211224093730653,187.24082312911523,0,0,0,1,0,1
3.7,10,23.978231285967816,357.53926836425074,0,1,0,0,0,0
3.7,10,24.01730256054956,416.8609546575837,0,0,0,1,0,1
3.7,10,23.76696100614896,228.12815682204985,0,1,0,0,0,0
3.7,10,23.584095456593968,143.31270274067393,0,1,0,0,0,0
3.7,10,23.64997867749243,244.71946309752607,0,1,0,0,0,0
3.7,10,23.63262816848912,101.74802221874111,0,1,0,0,0,0
3.7,10,23.45332020739445,244.58847820645065,0,1,0,0,0,0
3.7,10,23.773746906354745,78.34191176288715,0,0,0,1,0,1
3.7,10,23.78405610438291,79.88138024170178,0,0,0,1,0,1
3.7,10,26.10846889190828,260.92248686147286,0,1,0,0,0,0
3.7,10,26.10988310954251,313.0649075905794,0,1,0,0,0,0
3.7,10,26.05092347367233,355.25719251106455,0,1,0,0,0,0
3.7,10,26.01862115808729,127.22530677918787,0,1,0,0,0,0
3.7,10,26.10513082516253,130.67485973109862,0,1,0,0,0,0
3.7,10,25.2090056596227,730.7880517832672,0,1,0,0,0,0
3.7,10,25.243327315308846,478.0929296666675,0,1,0,0,0,0
3.7,10,25.1283491112812,262.8998574861602,0,1,0,0,0,0
3.7,10,25.154477350275005,778.4596955190843,0,0,1,0,0,1
3.7,10,25.39268611109357,244.71717912240416,0,1,0,0,0,0
3.7,10,25.43136958095569,269.83716285134665,0,1,0,0,0,0
3.7,10,25.33880915779053,794.3565087091185,0,1,0,0,0,0
3.7,10,25.30033472063698,448.38783802596834,0,1,0,0,0,0
3.7,10,25.25345899586143,212.3132364896045,0,1,0,0,0,0
3.7,10,25.38226947569073,527.4644937366955,0,1,0,0,0,0
3.7,10,25.26708819096181,360.65019507335165,0,1,0,0,0,0
3.7,10,25.107566887829165,262.9428434646358,0,1,0,0,0,0
3.7,10,26.19690511962161,246.4206247930444,0,1,0,0,0,0
3.7,10,26.174202881268155,294.9569628259614,0,1,0,0,0,0
3.7,10,25.614185236896567,348.27252337484776,0,1,0,0,0,0
3.7,10,25.56840365695641,347.8686423141569,0,1,0,0,0,0
3.7,10,25.90741043217149,454.1123682082477,0,1,0,0,0,0
3.7,10,25.37906505649879,785.45315726014,0,1,0,0,0,0
3.7,10,25.629288153628877,557.8818187149966,0,0,0,1,0,1
3.7,10,25.621334677840448,557.3366131268899,0,0,0,1,0,1
3.7,10,25.906145711609543,254.9369398077493,0,0,0,1,0,1
3.7,10,25.91611767328436,252.0222529358156,0,0,0,1,0,1
3.7,10,26.142412917302533,607.5210284884432,0,0,0,1,0,1
3.7,10,26.13438151843741,612.28709761282,0,0,0,1,0,1
3.7,10,26.00942171976199,481.3997824670992,0,1,0,0,0,0
3.7,10,26.00494008129136,103.6473015199873,0,1,0,0,0,0
3.7,10,25.52080330079263,142.7642297599618,0,1,0,0,0,0
3.7,10,25.80501213033456,647.1993960368553,0,0,1,0,0,1
3.7,10,25.147825852174947,777.8804485412265,0,0,1,0,0,1
3.7,10,25.79626605762772,639.2668376802603,0,0,1,0,0,1
3.7,10,25.23522589247349,292.0806899191252,0,0,0,1,0,0
3.7,10,25.48726100664862,226.28198306133183,0,1,0,0,0,0
3.7,10,25.462663515822253,218.85730394439432,0,1,0,0,0,0
3.7,10,25.12394784926359,41.62418146216248,0,0,0,1,0,1
3.7,10,25.49170761327901,68.3373080742785,0,1,0,0,0,0
3.7,10,25.47994635682922,100.10816298612414,0,1,0,0,0,0
3.7,10,25.43464429536138,99.53249452642596,0,1,0,0,0,0
3.7,10,25.39342040432957,99.9439408006502,0,1,0,0,0,0
3.7,10,25.34831019287737,99.13197998356928,0,1,0,0,0,0
3.7,10,25.4201566599646,104.4190026316398,0,1,0,0,0,0
3.7,10,25.5418778002992,169.8935287377654,0,1,0,0,0,0
3.7,10,25.466098164715508,104.69542719165835,0,1,0,0,0,0
3.7,10,25.770055216993622,90.94198614623843,0,0,0,1,0,1
3.7,10,25.80640254214873,122.394256528763,0,0,0,1,0,1
3.7,10,25.761164055167598,91.41197155472454,0,0,0,1,0,1
3.7,10,25.81503321021459,120.71009800532056,0,0,0,1,0,1
3.7,10,25.847877121248303,65.13416414636349,0,0,0,1,0,1
3.7,10,25.847877121248303,65.25890804650697,0,0,0,1,0,1
3.7,10,25.95285233182369,238.57493600690472,0,1,0,0,0,0
3.7,10,25.559663322515213,519.5961373851926,0,0,0,1,0,0
3.7,10,25.5179703183308,143.7361843215816,0,1,0,0,0,0
3.7,10,25.58506757746765,307.5344866721535,0,1,0,0,0,0
3.7,10,25.910645588324904,121.45287760722545,0,1,0,0,0,0
3.7,10,26.300666855854608,123.5653856367438,0,1,0,0,0,0
3.7,10,26.183634175904142,232.111318029287,0,1,0,0,0,0
3.7,10,26.24435550381256,97.74138654644211,0,1,0,0,0,0
3.7,10,26.4748562692715,133.42251518382542,0,1,0,0,0,0
3.7,10,26.475971095526145,15.450885129215468,0,1,0,0,0,0
3.7,10,26.479383196741093,13.489871069172011,0,1,0,0,0,0
3.7,10,26.63673973034121,13.13687919785574,0,1,0,0,0,0
3.7,10,26.45880472452125,51.24393220330757,0,1,0,0,0,0
3.7,10,25.89273395587958,1187.046168608776,0,0,0,1,0,0
3.7,10,26.441985564500584,747.5313440579326,0,0,0,1,0,0
3.7,10,26.14134668042801,769.9619607304982,0,1,0,0,0,0
3.7,10,25.47527695426126,171.1734775614018,0,1,0,0,0,0
3.7,10,25.47929761507549,334.9678178437784,0,1,0,0,0,0
3.7,10,25.391682831649312,411.18751093370406,0,1,0,0,0,0
3.7,10,25.665277643331,407.102788710132,0,1,0,0,0,0
3.7,10,25.457635022987372,54.2445204920496,0,1,0,0,0,0
3.7,10,25.574661217863884,916.4268990592798,0,1,0,0,0,0
3.7,10,26.4444067960416,316.63835191233113,0,1,0,0,0,0
3.7,10,25.81630281728919,495.6710874864089,0,1,0,0,0,0
3.7,10,26.0084902992492,198.6019367055612,0,1,0,0,0,0
3.7,10,26.620268844047644,119.03675328779045,0,1,0,0,0,0
3.7,10,25.71093561867429,41.31239571139946,0,1,0,0,0,0
3.7,10,25.35187312213889,339.26294224917825,0,1,0,0,0,0
3.7,10,25.64719496640499,13.698035131360236,0,1,0,0,0,0
3.7,10,25.690052385412823,128.77996129876863,0,1,0,0,0,0
3.7,10,25.5850917182664,180.24233839721893,0,1,0,0,0,0
3.7,10,25.430221400643667,99.2498644110216,0,1,0,0,0,0
3.7,10,25.539032798546103,129.55732422407158,0,1,0,0,0,0
3.7,10,25.51037101920792,276.25228566117653,0,1,0,0,0,0
3.7,10,25.79476442062548,136.06629036382265,0,1,0,0,0,0
3.7,10,25.855047916379,100.9470898002742,0,1,0,0,0,0
3.7,10,25.66470787885823,21.44792909648802,0,1,0,0,0,0
3.7,10,25.70767616345453,514.1411680009701,0,1,0,0,0,0
3.7,10,26.11166853329773,60.982999919924254,0,1,0,0,0,0
3.7,10,25.96706913400172,15.111157297998584,0,0,0,1,0,1
3.7,10,25.898456370837337,133.90614867287957,0,1,0,0,0,0
3.7,10,25.94008914817487,163.82462989892528,0,1,0,0,0,0
3.7,10,25.78900730096148,84.24327576902948,0,1,0,0,0,0
3.7,10,25.73696294667336,129.61859453045727,0,1,0,0,0,0
3.7,10,25.619213020060528,76.24010312462525,0,1,0,0,0,0
3.7,10,25.64244880581253,178.0630809675996,0,1,0,0,0,0
3.7,10,25.83554487213837,255.2195822720508,0,1,0,0,0,0
3.7,10,26.23039869680217,885.9919035661948,0,1,0,0,0,0
3.7,10,26.082136870804757,148.2584866110292,0,1,0,0,0,0
3.7,10,25.82263171628528,374.6173122755369,0,1,0,0,0,0
3.7,10,25.90667122497088,69.70291159032244,0,1,0,0,0,0
3.7,10,26.24260885649022,83.17573624950992,0,1,0,0,0,0
3.7,10,25.897282057068765,64.76223194849538,0,1,0,0,0,0
3.7,10,26.167385675393977,94.33007155828764,0,1,0,0,0,0
3.7,10,26.13904951533151,346.0959215535913,0,1,0,0,0,0
3.7,10,25.83036734791735,75.93712483102733,0,1,0,0,0,0
3.7,10,24.65034139897103,331.554603652956,0,0,0,1,0,0
3.7,10,24.463639053982465,315.7390817173245,0,1,0,0,0,0
3.7,10,24.632047160518376,32.56428721580276,0,1,0,0,0,0
3.7,10,24.48266555427969,44.11741526256323,0,0,0,1,0,0
3.7,10,24.55165370228708,31.72598781217374,0,0,0,1,0,0
3.7,10,24.59316651484509,404.19417318668746,0,0,1,0,0,1
3.7,10,24.440949622759177,51.4131648738046,0,0,1,0,0,1
3.7,10,24.62428443464081,353.16363512394764,0,0,1,0,0,1
3.7,10,24.789155942511112,40.20444519337948,0,0,1,0,0,1
3.7,10,24.755624048834783,35.00086031840798,0,1,0,0,0,0
3.7,10,24.782605406230264,27.340483666816485,0,0,0,1,0,1
3.7,10,24.789155942511112,40.21272661398304,0,0,1,0,0,1
3.7,10,25.013477245338496,129.19266190598557,0,1,0,0,0,0
3.7,10,25.08450931969727,64.9284344064769,0,0,0,1,0,1
3.7,10,25.0927655398256,65.13043903381312,0,0,0,1,0,1
3.7,10,25.03276336651249,9.320297629368602,0,0,0,1,0,0
3.7,10,24.9749833178713,10.436297276152713,0,1,0,0,0,0
3.7,10,25.138520637502488,14.992176649305009,0,0,0,1,0,0
3.7,10,25.091932717573545,102.47033130282892,0,1,0,0,0,0
3.7,10,25.20496538706569,224.6811941158504,0,1,0,0,0,0
3.7,10,25.10771514490572,190.27561546864044,0,1,0,0,0,0
3.7,10,25.13445852699784,192.5094739756776,0,1,0,0,0,0
3.7,10,24.971530668535628,445.5267249432695,0,1,0,0,0,0
3.7,10,25.01830980258798,242.70031060776896,0,1,0,0,0,0
3.7,10,24.8838377050955,584.5065356555798,0,1,0,0,0,0
3.7,10,24.73041653493672,532.3025448834971,0,1,0,0,0,0
3.7,10,23.8655282442985,448.9309502950244,0,1,0,0,0,0
3.7,10,24.34593729205572,362.52284962796375,0,0,0,1,0,1
3.7,10,23.479083079085456,788.5675386573193,0,1,0,0,0,0
3.7,10,24.16962579317321,316.705556542717,0,0,0,1,0,1
3.7,10,24.926767138907497,643.5928614428785,0,0,0,1,0,1
3.7,10,25.16284879637491,282.7840937171931,0,0,0,1,0,1
3.7,10,24.936930381865167,642.8961770912376,0,0,0,1,0,1
3.7,10,25.17127049509089,284.625764095446,0,0,0,1,0,1
3.7,10,24.18116345688308,317.52984256478544,0,0,0,1,0,1
3.7,10,24.334499092901705,363.70997014860257,0,0,0,1,0,1
3.7,10,23.872076819216527,1126.4744744292072,0,0,1,0,0,1
3.7,10,24.79949593566077,868.2248089879133,0,0,0,1,0,0
3.7,10,24.212518283868143,219.3477727307061,0,1,0,0,0,0
3.7,10,24.25350804425097,232.65771112706983,0,1,0,0,0,0
3.7,10,23.4726022517926,789.8022156042739,0,0,0,1,0,1
3.7,10,23.88701259973612,1120.4738027034032,0,0,1,0,0,1
3.7,10,24.38799309165596,64.94454752445316,0,0,1,0,0,1
3.7,10,24.38133983981918,62.50453250745959,0,0,1,0,0,1
3.7,10,24.05448364851067,533.8939857114128,0,1,0,0,0,0
3.7,10,24.2490029333904,102.87030171208376,0,1,0,0,0,0
3.7,10,24.390787579849807,49.77578655603914,0,1,0,0,0,0
3.7,10,24.24061800433084,367.7401531448594,0,1,0,0,0,0
3.7,10,23.827347420527506,64.9139489659875,0,1,0,0,0,0
3.7,10,23.7074164619977,199.3394868464553,0,1,0,0,0,0
3.7,10,23.55116390502605,154.94614079338885,0,1,0,0,0,0
3.7,10,23.647529833949186,412.8379336713797,0,1,0,0,0,0
3.7,10,24.060752145039217,373.5296428497567,0,1,0,0,0,0
3.7,10,24.13352290660788,701.620161749252,0,1,0,0,0,0
3.7,10,24.1117532195943,319.05224050944923,0,1,0,0,0,0
3.7,10,24.080465131426568,414.00384665086574,0,1,0,0,0,0
3.7,10,24.06494513493143,164.14496974224124,0,1,0,0,0,0
3.7,10,24.053142239605037,143.12164793001298,0,1,0,0,0,0
3.7,10,24.1092132053649,221.90821506300333,0,1,0,0,0,0
3.7,10,24.154159949590163,222.3774670374084,0,1,0,0,0,0
3.7,10,24.340449712208965,101.9494049771024,0,1,0,0,0,0
3.7,10,24.2244832961725,165.46230270563447,0,1,0,0,0,0
3.7,10,24.233500568997812,462.5933168635979,0,1,0,0,0,0
3.7,10,24.247174907253715,292.2554527404765,0,1,0,0,0,0
3.7,10,23.984686040362355,245.3041954858478,0,1,0,0,0,0
3.7,10,23.878664304042303,331.5559374045997,0,1,0,0,0,0
3.7,10,23.609925870931477,10.057928025065891,0,1,0,0,0,0
3.7,10,23.947661460681548,324.3552767445024,0,0,0,1,0,1
3.7,10,23.95641944726469,322.16284422909416,0,0,0,1,0,1
3.7,10,24.14210400505517,151.83959291089937,0,1,0,0,0,0
3.7,10,24.385015614122512,367.3976011025552,0,1,0,0,0,0
3.7,10,24.37836890528281,47.99885152573137,0,1,0,0,0,0
3.7,10,23.891635943804133,76.98464414136139,0,0,0,1,0,1
3.7,10,23.879505899428885,245.25710402327672,0,1,0,0,0,0
3.7,10,23.75542418997783,94.5274699262171,0,1,0,0,0,0
3.7,10,23.70886990231256,71.89241771136562,0,1,0,0,0,0
3.7,10,23.7434952802358,326.7709872930001,0,1,0,0,0,0
3.7,10,23.750975439345154,258.2724959038204,0,1,0,0,0,0
3.7,10,24.29397929069098,172.06815810864876,0,1,0,0,0,0
3.7,10,24.152869108442214,161.95122421944146,0,1,0,0,0,0
3.7,10,24.225075628242863,30.67602338377884,0,1,0,0,0,0
3.7,10,24.07316758834874,170.08206611835314,0,0,0,1,0,1
3.7,10,24.06287139227363,171.18281509499764,0,0,0,1,0,1
3.7,10,24.02552892747866,71.7426766025203,0,0,0,1,0,1
3.7,10,23.992308751033526,53.97260441241113,0,1,0,0,0,0
3.7,10,23.744835819726458,126.62384770000747,0,1,0,0,0,0
3.7,10,24.217291713521508,294.6452652703528,0,1,0,0,0,0
3.7,10,24.152941472951824,255.51795579965136,0,1,0,0,0,0
3.7,10,24.08427630134619,147.4361369461943,0,1,0,0,0,0
3.7,10,24.246714392290265,48.082004968690704,0,1,0,0,0,0
3.7,10,24.19281741388448,141.25205651085025,0,1,0,0,0,0
3.7,10,24.260901146043896,245.0210175107585,0,1,0,0,0,0
3.7,10,24.16268648690832,286.7942790979734,0,1,0,0,0,0
3.7,10,24.393818408541826,53.00276822097079,0,1,0,0,0,0
3.7,10,24.12872046369889,217.971612971166,0,1,0,0,0,0
3.7,10,24.36128509767416,243.02477513138183,0,1,0,0,0,0
3.7,10,24.45323537842604,81.14760562711908,0,1,0,0,0,0
3.7,10,24.466975351471707,187.4540803195179,0,1,0,0,0,0
3.7,10,24.503966257846137,53.79682823533998,0,1,0,0,0,0
3.7,10,24.45619315059626,141.9571379622363,0,1,0,0,0,0
3.7,10,24.40770058753853,242.3794492221995,0,1,0,0,0,0
3.7,10,24.28276223688225,154.19841631923757,0,1,0,0,0,0
3.7,10,24.353342720262187,55.48766188044418,0,1,0,0,0,0
3.7,10,24.344519123979108,108.43853404737727,0,1,0,0,0,0
3.7,10,24.30950274274556,100.2906784715034,0,1,0,0,0,0
3.7,10,24.28991401062184,119.30308758284664,0,1,0,0,0,0
3.7,10,24.352007626681164,56.49582538786116,0,1,0,0,0,0
3.7,10,24.052651608812045,89.39262039229854,0,1,0,0,0,0
3.7,10,24.088248053721884,141.07682318329458,0,1,0,0,0,0
3.7,10,24.31886180589676,172.62488384718085,0,1,0,0,0,0
3.7,10,24.37423108068652,190.1255406897863,0,1,0,0,0,0
3.7,10,24.040071801735795,531.1449472118136,0,1,0,0,0,0
3.7,10,24.107599969410224,234.6212838496077,0,1,0,0,0,0
3.7,10,24.14752730586265,242.3462626046213,0,1,0,0,0,0
3.7,10,24.073810456051078,49.6482261773561,0,1,0,0,0,0
3.7,10,24.08011603913696,87.35205894337838,0,1,0,0,0,0
3.7,10,24.115772629439448,50.70918931643571,0,1,0,0,0,0
3.7,10,24.22051699361429,41.50175387207327,0,1,0,0,0,0
3.7,10,24.181776150871265,45.52193033322545,0,1,0,0,0,0
3.7,10,24.14073487454746,45.93643107409793,0,1,0,0,0,0
3.7,10,24.347575109929508,9.454279351658084,0,1,0,0,0,0
3.7,10,24.30143924358587,245.81524950124705,0,1,0,0,0,0
3.7,10,24.23778777512361,88.87078504415545,0,0,0,1,0,1
3.7,10,24.030512847183587,16.421297550863546,0,1,0,0,0,0
3.7,10,24.997173197783333,190.01997829510816,0,1,0,0,0,0
3.7,10,25.17444688874046,66.54188029137103,0,1,0,0,0,0
3.7,10,25.321173612719186,92.88297699180112,0,1,0,0,0,0
3.7,10,24.82349135479322,138.931680885543,0,1,0,0,0,0
3.7,10,25.187940225941084,43.66191194056015,0,1,0,0,0,0
3.7,10,25.231212825129557,10.012622180216962,0,0,0,1,0,1
3.7,10,25.017062745750994,102.35028309612298,0,1,0,0,0,0
3.7,10,25.023652080578387,191.1641639205736,0,1,0,0,0,0
3.7,10,25.19931840459263,244.0278573321124,0,1,0,0,0,0
3.7,10,24.93833272313702,246.7179241602205,0,1,0,0,0,0
3.7,10,24.73041912193047,207.10653736112607,0,1,0,0,0,0
3.7,10,25.10449669937367,17.80462200996548,0,1,0,0,0,0
3.7,10,25.066013047753035,146.71645004646592,0,1,0,0,0,0
3.7,10,25.125672415046893,56.48156595115452,0,1,0,0,0,0
3.7,10,25.200721851966488,51.57047702449298,0,1,0,0,0,0
3.7,10,25.1604354043364,9.988348466384789,0,1,0,0,0,0
3.7,10,25.0719241029302,199.50162791304783,0,1,0,0,0,0
3.7,10,25.13230735544368,103.8950929163343,0,1,0,0,0,0
3.7,10,25.239096608837272,251.838675199694,0,1,0,0,0,0
3.7,10,25.529660548532288,217.75062539124173,0,1,0,0,0,0
3.7,10,25.27383141571733,408.31078458733657,0,1,0,0,0,0
3.7,10,25.25624180252621,252.01843281488576,0,1,0,0,0,0
3.7,10,25.369876424810023,145.27030355970476,0,1,0,0,0,0
3.7,10,25.59608823611063,95.3148844064081,0,1,0,0,0,0
3.7,10,25.46954488369534,110.30188894761886,0,1,0,0,0,0
3.7,10,25.115714551300968,86.37789708518451,0,1,0,0,0,0
3.7,10,25.290426102108928,153.56652893413863,0,1,0,0,0,0
3.7,10,25.048858077212756,50.165926531953815,0,1,0,0,0,0
3.7,10,25.104886571729192,51.17887771223258,0,1,0,0,0,0
3.7,10,24.69257000323268,899.0035563781269,0,0,0,1,0,1
3.7,10,24.28863929166651,542.9756577682066,0,0,0,1,0,1
3.7,10,25.306038910666683,380.8873992987132,0,1,0,0,0,0
3.7,10,25.31871315002663,143.87816000950835,0,1,0,0,0,0
3.7,10,25.102891544223432,308.7702694699147,0,1,0,0,0,0
3.7,10,24.99124569690735,429.2024679520272,0,1,0,0,0,0
3.7,10,24.94881153933283,431.6016102903381,0,1,0,0,0,0
3.7,10,24.882061989493664,648.0568143586947,0,1,0,0,0,0
3.7,10,25.0574919365185,307.6580487134016,0,1,0,0,0,0
3.7,10,24.80780453696035,474.98918996679095,0,1,0,0,0,0
3.7,10,24.76479011454376,472.7345833647447,0,1,0,0,0,0
3.7,10,24.678341597614093,479.3197150857478,0,1,0,0,0,0
3.7,10,25.07386947118988,85.1044503882953,0,1,0,0,0,0
3.7,10,25.1852129380992,286.8522100470911,0,1,0,0,0,0
3.7,10,24.376739225659,384.18212810651374,0,1,0,0,0,0
3.7,10,24.606894648921383,580.430312714662,0,1,0,0,0,0
3.7,10,24.43805682447177,326.0537625773193,0,1,0,0,0,0
3.7,10,24.42974185397643,333.3780281206402,0,1,0,0,0,0
3.7,10,24.377055206626512,786.0609490614431,0,1,0,0,0,0
3.7,10,24.4838261094313,295.5275314405337,0,1,0,0,0,0
3.7,10,24.42166038540852,404.6265890726759,0,1,0,0,0,0
3.7,10,24.38019946495785,403.7635116056796,0,1,0,0,0,0
3.7,10,24.3340181912104,402.7404886489337,0,1,0,0,0,0
3.7,10,24.138037271284414,365.6216884926444,0,1,0,0,0,0
3.7,10,24.142979464770708,323.96065858977124,0,1,0,0,0,0
3.7,10,24.230466708893854,271.1560083890394,0,1,0,0,0,0
3.7,10,24.271890721368784,271.5737051526084,0,1,0,0,0,0
3.7,10,24.31529847530413,271.9878234385009,0,1,0,0,0,0
3.7,10,24.863787632893747,659.0567543304383,0,1,0,0,0,0
3.7,10,24.70226838444997,435.2087073473136,0,1,0,0,0,0
3.7,10,25.383367471503732,478.6018740214645,0,1,0,0,0,0
3.7,10,25.26209290354479,406.4590318162548,0,1,0,0,0,0
3.7,10,25.131193868829996,199.26633250243444,0,1,0,0,0,0
3.7,10,24.05854772844287,406.1539597133449,0,0,0,1,0,1
3.7,10,25.0858830338896,50.231448552843375,0,1,0,0,0,0
3.7,10,24.739625291017653,492.7955557985834,0,1,0,0,0,0
3.7,10,25.06228407619243,144.18740635167208,0,1,0,0,0,0
3.7,10,25.54891961578745,136.13011329001966,0,1,0,0,0,0
3.7,10,25.65404912788146,193.9285186714241,0,1,0,0,0,0
3.7,10,24.4804002961764,159.56372194352153,0,1,0,0,0,0
3.7,10,24.52705360542571,201.26557865112315,0,1,0,0,0,0
3.7,10,24.56948472692449,199.4663043122431,0,1,0,0,0,0
3.7,10,24.630849739359657,151.25084609745494,0,1,0,0,0,0
3.7,10,24.50853936955357,349.0232773513684,0,1,0,0,0,0
3.7,10,24.988930245827877,383.0356055431566,0,1,0,0,0,0
3.7,10,25.02297034054197,361.8232614550508,0,1,0,0,0,0
3.7,10,24.94289202359801,85.30170104859621,0,1,0,0,0,0
3.7,10,24.728761067502937,1013.4040285346738,0,0,0,1,0,1
3.7,10,24.050585030727007,413.49496489928737,0,0,0,1,0,1
3.7,10,24.28811405892036,550.7597029039908,0,0,0,1,0,1
3.7,10,24.74387404472973,173.29270262121605,0,1,0,0,0,0
3.7,10,24.699895226482607,187.4060474542374,0,1,0,0,0,0
3.7,10,25.761566866630123,91.00239885488214,0,1,0,0,0,0
3.7,10,25.27159737501085,153.4419729117976,0,1,0,0,0,0
3.7,10,24.34957153775792,662.3621793417724,0,0,0,1,0,1
3.7,10,24.41178615720305,109.58342598796187,0,1,0,0,0,0
3.7,10,24.3249342338666,142.27085097726945,0,1,0,0,0,0
3.7,10,24.340409534087225,549.0119157076114,0,0,0,1,0,1
3.7,10,24.39989377690073,403.0195486695157,0,1,0,0,0,0
3.7,10,24.32249413330773,142.8172072570603,0,1,0,0,0,0
3.7,10,24.30033081292853,134.44169197583506,0,1,0,0,0,0
3.7,10,24.289576582488,78.79435087787674,0,1,0,0,0,0
3.7,10,24.364057882297477,178.2257195390242,0,1,0,0,0,0
3.7,10,24.410277199043747,205.77528487920603,0,1,0,0,0,0
3.7,10,24.669537041171548,51.02395229273801,0,1,0,0,0,0
3.7,10,24.463437855149056,229.41595064700493,0,1,0,0,0,0
3.7,10,24.45120234448623,128.72217651300977,0,0,0,1,0,1
3.7,10,24.287304267313505,121.71001300373209,0,1,0,0,0,0
3.7,10,24.36838196063461,116.22869552595589,0,1,0,0,0,0
3.7,10,24.43782113337219,83.69186782408747,0,0,0,1,0,1
3.7,10,24.44771269899616,83.89559809916274,0,0,0,1,0,1
3.7,10,24.467931016750832,6.217325855061672,0,0,0,1,0,1
3.7,10,24.470997525416287,86.28834022873454,0,1,0,0,0,0
3.7,10,24.433883239583142,78.10920586011439,0,1,0,0,0,0
3.7,10,24.2669570667752,15.083537578835651,0,1,0,0,0,0
3.7,10,24.49047524682257,56.76679656268043,0,0,0,1,0,0
3.7,10,24.070803970907946,197.51045045341388,0,1,0,0,0,0
3.7,10,24.815612122640676,458.0099510924268,0,1,0,0,0,0
3.7,10,24.45844360182067,246.9136745595643,0,1,0,0,0,0
3.7,10,24.500381462576904,246.25136425183925,0,1,0,0,0,0
3.7,10,24.53417991728807,65.55453889122302,0,1,0,0,0,0
3.7,10,24.555751701622757,126.24410297353052,0,1,0,0,0,0
3.7,10,24.900778258900857,192.48538998425911,0,1,0,0,0,0
3.7,10,24.878909239967328,181.68164609045925,0,1,0,0,0,0
3.7,10,24.756604597040408,62.40315162211422,0,1,0,0,0,0
3.7,10,24.894248812058414,96.97052008513528,0,1,0,0,0,0
3.7,10,24.815184287085263,130.28210329027422,0,1,0,0,0,0
3.7,10,25.02530677420385,50.40398183719382,0,1,0,0,0,0
3.7,10,24.90581420487309,13.87086191970756,0,1,0,0,0,0
3.7,10,24.90351536753556,31.88140942087416,0,1,0,0,0,0
3.7,10,24.87221138974765,56.71530039759492,0,1,0,0,0,0
3.7,10,24.92330067650188,82.46417237983707,0,1,0,0,0,0
3.7,10,24.857426052926847,172.6161232170989,0,1,0,0,0,0
3.7,10,24.51236009692081,45.34640085010094,0,1,0,0,0,0
3.7,10,24.64651004948164,206.00641529141865,0,1,0,0,0,0
3.7,10,24.544806520997664,8.761477560805906,0,0,0,1,0,1
3.7,10,24.656466453800142,235.4621008947322,0,0,0,1,0,0
3.7,10,24.887082641826098,34.097650129589056,0,1,0,0,0,0
3.7,10,24.775206537684276,204.39995445533145,0,1,0,0,0,0
3.7,10,23.074605927770417,114.19768140748344,0,1,0,0,0,0
3.7,10,23.03048714921905,264.46540801503187,0,1,0,0,0,0
3.7,10,23.052196135538605,264.048287537012,0,1,0,0,0,0
3.7,10,22.86654610773957,187.88544109940167,0,1,0,0,0,0
3.7,10,22.820864448210703,11.87679803999491,0,1,0,0,0,0
3.7,10,22.792567297457545,205.6546404854465,0,1,0,0,0,0
3.7,10,22.79727591025999,140.57000709104057,0,1,0,0,0,0
3.7,10,23.317036161686108,244.053958616738,0,1,0,0,0,0
3.7,10,23.078860278649017,244.0464645110572,0,1,0,0,0,0
3.7,10,22.75471495755254,37.2979303025436,0,0,0,1,0,1
3.7,10,23.013590150258203,218.19755931096608,0,1,0,0,0,0
3.7,10,23.275527346789065,244.37461446846189,0,1,0,0,0,0
3.7,10,22.993315359672764,218.46507304616915,0,1,0,0,0,0
3.7,10,23.157829160514943,217.0606771164612,0,1,0,0,0,0
3.7,10,23.04881736604934,46.21531511347977,0,1,0,0,0,0
3.7,10,22.975743573385667,297.14263437022163,0,1,0,0,0,0
3.7,10,23.17024769639442,263.5920615424484,0,1,0,0,0,0
3.7,10,23.033440397556312,244.4583136930322,0,1,0,0,0,0
3.7,10,23.40913744408828,245.0317405459283,0,1,0,0,0,0
3.7,10,23.36709272724254,245.4708506287648,0,1,0,0,0,0
3.7,10,22.74659038666138,97.36997330728266,0,0,1,0,0,1
3.7,10,23.228881306288468,244.7156354122185,0,1,0,0,0,0
3.7,10,23.07073237718404,55.820994958328136,0,1,0,0,0,0
3.7,10,22.90298796581755,49.72883549286616,0,1,0,0,0,0
3.7,10,23.18350435371688,117.11829124722088,0,1,0,0,0,0
3.7,10,23.190532559111265,263.25188306202034,0,1,0,0,0,0
3.7,10,23.084599172708607,100.63249067870652,0,1,0,0,0,0
3.7,10,22.75828742422076,59.05191731219167,0,0,0,1,0,1
3.7,10,22.82518315066885,42.4550917675463,0,1,0,0,0,0
3.7,10,22.761980120001333,28.809513279536613,0,0,1,0,0,1
3.7,10,22.78332797630699,42.376746106207406,0,0,1,0,0,1
3.7,10,22.73324112509261,37.91031307075006,0,0,1,0,0,1
3.7,10,23.236596272851177,200.76320128289424,0,1,0,0,0,0
3.7,10,23.29292007062704,185.4945895445284,0,1,0,0,0,0
3.7,10,23.273823817866663,672.453239885764,0,1,0,0,0,0
3.7,10,22.260948918043947,309.4935534607309,0,1,0,0,0,0
3.7,10,22.92586813357245,636.2030794264614,0,0,1,0,0,1
3.7,10,22.86456857274061,732.246931114232,0,0,1,0,0,1
3.7,10,23.17407772343423,239.92838405783965,0,1,0,0,0,0
3.7,10,22.941678941693244,224.9446722683999,0,1,0,0,0,0
3.7,10,23.08568186583502,240.24064689098373,0,1,0,0,0,0
3.7,10,23.13163384992492,240.0826645383587,0,1,0,0,0,0
3.7,10,22.85809460724208,166.91708859424784,0,1,0,0,0,0
3.7,10,22.80411776059584,10.471565364424976,0,1,0,0,0,0
3.7,10,21.82849492916681,471.41808301673024,0,1,0,0,0,0
3.7,10,22.110920781942173,361.0621158602297,0,1,0,0,0,0
3.7,10,20.50127223694918,1075.3079286565464,0,1,0,0,0,0
3.7,10,20.665890904150206,186.10210107427443,0,1,0,0,0,0
3.7,10,21.7472417535116,694.6583876890359,0,1,0,0,0,0
3.7,10,23.46034794975868,378.0426131970976,0,1,0,0,0,0
3.7,10,23.079546296453017,119.41566520055883,0,0,1,0,0,1
3.7,10,23.28772215144145,84.35476600898936,0,1,0,0,0,0
3.7,10,23.31015216880876,83.36086563371009,0,1,0,0,0,0
3.7,10,23.28221735322979,80.70698102358016,0,1,0,0,0,0
3.7,10,23.23918677184501,55.8456231869791,0,1,0,0,0,0
3.7,10,23.282532691171745,39.6652556649684,0,1,0,0,0,0
3.7,10,23.21092672032083,11.539202773204668,0,1,0,0,0,0
3.7,10,23.26083023274988,52.848772194566536,0,1,0,0,0,0
3.7,10,23.33306302945124,83.17533190158613,0,1,0,0,0,0
3.7,10,23.308380145972663,58.82771953112463,0,1,0,0,0,0
3.7,10,23.29828321955224,51.86447017515467,0,1,0,0,0,0
3.7,10,23.369658983484182,106.79806249070587,0,1,0,0,0,0
3.7,10,23.231501473254525,81.37409394987117,0,1,0,0,0,0
3.7,10,23.28370547176459,53.30286676954589,0,1,0,0,0,0
3.7,10,23.49559593917549,31.446319879088392,0,1,0,0,0,0
3.7,10,23.11933214624408,18.29788639912347,0,1,0,0,0,0
3.7,10,23.148783966513008,33.31829643257721,0,1,0,0,0,0
3.7,10,23.055078711823796,14.335754367552674,0,0,1,0,0,0
3.7,10,23.09383868598727,12.850819625794609,0,0,1,0,0,0
3.7,10,23.555797223772604,79.99959880240341,0,1,0,0,0,0
3.7,10,23.58939994477615,95.5802322725434,0,1,0,0,0,0
3.7,10,23.49453908190756,51.44174600138202,0,1,0,0,0,0
3.7,10,23.63453247574377,289.4619074271157,0,1,0,0,0,0
3.7,10,23.53751806896916,512.1019317233206,0,1,0,0,0,0
3.7,10,23.411406345366878,329.4826849836558,0,0,1,0,0,1
3.7,10,23.34747852560332,76.32715277615408,0,1,0,0,0,0
3.7,10,23.51086650409442,28.85627074171481,0,1,0,0,0,0
3.7,10,23.470248042606983,96.62822442698148,0,1,0,0,0,0
3.7,10,23.594939202250213,28.9556733349078,0,1,0,0,0,0
3.7,10,23.53935234542825,27.84221241386296,0,1,0,0,0,0
3.7,10,23.56763566226666,50.54421960735315,0,1,0,0,0,0
3.7,10,23.63240143453512,292.8785626209772,0,1,0,0,0,0
3.7,10,23.44372997632637,23.03851182479792,0,1,0,0,0,0
3.7,10,23.21554714365072,49.46851428316447,0,1,0,0,0,0
3.7,10,23.426003779925438,44.5554203876351,0,1,0,0,0,0
3.7,10,23.46796866343998,27.23368004957509,0,1,0,0,0,0
3.7,10,23.450040321655383,23.24948346144852,0,1,0,0,0,0
3.7,10,23.47499487949784,27.205277085523605,0,1,0,0,0,0
3.7,10,23.284832453179256,62.58313720886182,0,1,0,0,0,0
3.7,10,23.33031480601416,47.55029301516164,0,1,0,0,0,0
3.7,10,23.39771106001101,100.2772670813651,0,1,0,0,0,0
3.7,10,22.36471045977375,893.1541605066424,0,1,0,0,0,0
3.7,10,23.884419989416628,487.2970117754178,0,1,0,0,0,0
3.7,10,23.22377006740888,570.0560839355832,0,0,1,0,0,1
3.7,10,23.09532665012788,818.114634637849,0,0,0,1,0,0
3.7,10,22.447468202029967,221.8338571895152,0,1,0,0,0,0
3.7,10,22.82163618795362,406.3657136786584,0,1,0,0,0,0
3.7,10,23.250378986322385,611.7397390899404,0,1,0,0,0,0
3.7,10,22.159814968554866,130.50191867408162,0,1,0,0,0,0
3.7,10,22.17732859217067,106.87651003869236,0,1,0,0,0,0
3.7,10,23.369909102107,597.6456141687039,0,1,0,0,0,0
3.7,10,23.625556208042063,982.1445564370172,0,0,1,0,0,1
3.7,10,23.62435818546414,862.1747160565099,0,1,0,0,0,0
3.7,10,23.21445330373581,562.8242443444443,0,0,1,0,0,1
3.7,10,23.6003173978922,980.5873583570118,0,0,1,0,0,1
3.7,10,22.19718903985697,471.8841836527543,0,1,0,0,0,0
3.7,10,22.23168814661714,319.44948590111886,0,1,0,0,0,0
3.7,10,22.1780301670548,80.66939676464774,0,1,0,0,0,0
3.7,10,22.732163256191832,729.7013711902121,0,1,0,0,0,0
3.7,10,23.029498028485783,413.97819468045066,0,1,0,0,0,0
3.7,10,23.02250548173443,470.75391214852135,0,1,0,0,0,0
3.7,10,23.08449529321978,90.99690791030886,0,1,0,0,0,0
3.7,10,23.18497221072267,291.15854519198734,0,1,0,0,0,0
3.7,10,23.03307294942169,202.379036466918,0,1,0,0,0,0
3.7,10,22.98218046232167,160.24613937278292,0,1,0,0,0,0
3.7,10,23.49535675391653,207.16539591749145,0,1,0,0,0,0
3.7,10,22.612377260397786,342.079427816233,0,1,0,0,0,0
3.7,10,22.57073162919172,176.3825255987698,0,1,0,0,0,0
3.7,10,22.68032928249068,109.98889515752528,0,1,0,0,0,0
3.7,10,23.681650317954325,69.90859397516445,0,1,0,0,0,0
3.7,10,23.061935607589906,817.462368836812,0,1,0,0,0,0
3.7,10,23.109032917061544,89.70860605890148,0,1,0,0,0,0
3.7,10,22.611227425064676,73.93220039562287,0,1,0,0,0,0
3.7,10,22.298136962456,96.43822521934496,0,1,0,0,0,0
3.7,10,22.43394504803847,120.37671831563196,0,1,0,0,0,0
3.7,10,22.384865445562543,135.17065698416746,0,1,0,0,0,0
3.7,10,22.337521618509683,45.03329584849755,0,1,0,0,0,0
3.7,10,22.86475084149049,91.6865128817842,0,1,0,0,0,0
3.7,10,22.510349125904373,367.4650814826636,0,1,0,0,0,0
3.7,10,22.71531039618257,50.54223865034507,0,1,0,0,0,0
3.7,10,22.790357397649498,260.80379045887673,0,1,0,0,0,0
3.7,10,22.943002956088407,573.9386975330156,0,1,0,0,0,0
3.7,10,22.681011339722502,144.33908526238798,0,1,0,0,0,0
3.7,10,22.737313763375816,300.36938202901746,0,1,0,0,0,0
3.7,10,22.76150686684492,102.01738217256316,0,1,0,0,0,0
3.7,10,22.961465297078316,305.91097547168613,0,1,0,0,0,0
3.7,10,23.0825181534643,69.41577018038316,0,1,0,0,0,0
3.7,10,23.833432799500116,134.90154119866236,0,1,0,0,0,0
3.7,10,23.81686418855379,132.05918250868115,0,1,0,0,0,0
3.7,10,23.721010311137523,30.22986281338782,0,1,0,0,0,0
3.7,10,23.77904429956028,91.00218908685709,0,1,0,0,0,0
3.7,10,23.75404710034024,28.26913731630865,0,1,0,0,0,0
3.7,10,23.918644901323532,46.5828831172477,0,1,0,0,0,0
3.7,10,23.938370558775105,147.37931221445731,0,1,0,0,0,0
3.7,10,23.63588612644912,324.776723723229,0,1,0,0,0,0
3.7,10,23.579970970019676,203.9755409177465,0,1,0,0,0,0
3.7,10,23.844907409368272,78.19758455998179,0,0,1,0,0,1
3.7,10,23.86892007962713,54.16969615113719,0,0,1,0,0,1
3.7,10,23.88144992531325,27.76453652823825,0,0,1,0,0,1
3.7,10,23.867915297121183,75.69114509622894,0,0,1,0,0,1
3.7,10,23.74716782393562,21.03902005078229,0,1,0,0,0,0
3.7,10,23.7582708828078,4.132342319004735,0,1,0,0,0,0
3.7,10,23.73603280952429,1.8744537752159347,0,1,0,0,0,0
3.7,10,23.72520087253593,133.03650926439838,0,1,0,0,0,0
3.7,10,23.696365036479627,25.57034603595447,0,1,0,0,0,0
3.7,10,23.72084942398413,168.4516590557837,0,1,0,0,0,0
3.7,10,23.77678535838445,23.427677842640943,0,1,0,0,0,0
3.7,10,23.72533266395542,26.08679394718236,0,1,0,0,0,0
3.7,10,23.81797434568256,72.69867829422496,0,1,0,0,0,0
3.7,10,23.90083550852928,51.1190504263312,0,1,0,0,0,0
3.7,10,23.83841778307379,63.88091430830356,0,1,0,0,0,0
3.7,10,23.89281931780834,233.8629467635245,0,1,0,0,0,0
3.7,10,23.77421238028054,49.584599704234,0,1,0,0,0,0
3.7,10,23.76801288967,47.27535797076176,0,1,0,0,0,0
3.7,10,24.370061380009517,245.62067230764188,0,1,0,0,0,0
3.7,10,24.140369693055952,42.163342673176174,0,1,0,0,0,0
3.7,10,23.891393189916165,244.9548186485173,0,1,0,0,0,0
3.7,10,24.210054261210047,92.40428493856724,0,1,0,0,0,0
3.7,10,23.80043074609812,119.77197107711746,0,1,0,0,0,0
3.7,10,23.775178975912645,125.21371390299556,0,1,0,0,0,0
3.7,10,24.24717599944644,61.25161546569736,0,1,0,0,0,0
3.7,10,23.73439113042371,43.2535597212823,0,1,0,0,0,0
3.7,10,23.67038601373921,98.70249495381726,0,1,0,0,0,0
3.7,10,23.89491289204765,279.09398025829216,0,0,0,1,0,0
3.7,10,23.631538235020862,93.08453897350836,0,1,0,0,0,0
3.7,10,23.77465157219244,56.627548840093255,0,1,0,0,0,0
3.7,10,23.705318545479617,340.27747462200284,0,1,0,0,0,0
3.7,10,23.678901206372263,88.80970041827598,0,1,0,0,0,0
3.7,10,23.957919779917106,69.13151400047118,0,1,0,0,0,0
3.7,10,24.077991670498,1113.8511541118462,0,0,1,0,0,1
3.7,10,23.43708695237704,365.64058158029206,0,1,0,0,0,0
3.7,10,23.548317768758164,267.96018620176386,0,1,0,0,0,0
3.7,10,23.99684336711966,365.1871400956596,0,1,0,0,0,0
3.7,10,24.107826680425283,689.4027669901633,0,1,0,0,0,0
3.7,10,24.06930900210876,636.0539900092799,0,1,0,0,0,0
3.7,10,24.016012282395703,567.9755112173814,0,1,0,0,0,0
3.7,10,23.9305775159363,575.3128646854993,0,1,0,0,0,0
3.7,10,23.891096137543883,574.7529353104052,0,1,0,0,0,0
3.7,10,23.852579410489795,540.1669721257488,0,1,0,0,0,0
3.7,10,23.83032418766645,436.8499428942665,0,1,0,0,0,0
3.7,10,24.30176382255221,695.9560480267629,0,1,0,0,0,0
3.7,10,24.343941302428806,577.6698545616057,0,1,0,0,0,0
3.7,10,24.342633737464496,335.22960069142937,0,1,0,0,0,0
3.7,10,24.251074439046768,696.1786365277121,0,1,0,0,0,0
3.7,10,24.202665721881875,696.3421948597148,0,1,0,0,0,0
3.7,10,23.809273762571,371.1215325833661,0,1,0,0,0,0
3.7,10,23.853032755654777,308.45263110990464,0,1,0,0,0,0
3.7,10,23.895907015720997,309.0971036729504,0,1,0,0,0,0
3.7,10,24.03233561923922,395.3833305671154,0,1,0,0,0,0
3.7,10,24.09948417547202,269.850851830783,0,1,0,0,0,0
3.7,10,24.14263285684264,270.0867376542883,0,1,0,0,0,0
3.7,10,24.17454714378744,202.95513702110767,0,1,0,0,0,0
3.7,10,22.985047618512297,480.5993067445032,0,1,0,0,0,0
3.7,10,22.79704879910172,677.0056827811665,0,1,0,0,0,0
3.7,10,22.700866298483174,294.09364391176683,0,1,0,0,0,0
3.7,10,23.195685064391206,236.5121894100809,0,1,0,0,0,0
3.7,10,22.80174346885609,215.92521397608635,0,1,0,0,0,0
3.7,10,23.377034860225617,85.58510939368301,0,1,0,0,0,1
3.7,10,23.441145785254147,1140.9176808463385,0,1,0,0,0,0
3.7,10,23.600887998485355,107.5512141636794,0,1,0,0,0,0
3.7,10,23.271551440906947,1089.568008853888,0,1,0,0,0,0
3.7,10,22.633136320307084,334.59848703598726,0,1,0,0,0,0
3.7,10,23.678619767661463,28.385297681192583,0,1,0,0,0,0
3.7,10,23.97185715090936,567.1465731811318,0,1,0,0,0,0
3.7,10,23.64122151049392,92.74746145535966,0,1,0,0,0,0
3.7,10,22.89252828978269,228.36961989001304,0,1,0,0,0,0
3.7,10,23.62597854443584,254.70050304578703,0,1,0,0,0,0
3.7,10,23.773618386849485,1016.9636271395376,0,1,0,0,0,0
3.7,10,23.59552489468829,85.68664356395496,0,1,0,0,0,0
3.7,10,23.53116545151036,177.29661764545756,0,1,0,0,0,0
3.7,10,23.70449488595085,47.89412665502419,0,1,0,0,0,0
3.7,10,24.083929215920776,1145.0665308117518,0,0,1,0,0,1
3.7,10,22.74177851930876,207.8307273507556,0,1,0,0,0,0
3.7,10,22.995835156427013,159.94714305144652,0,1,0,0,0,0
3.7,10,23.046674890886308,99.44559028889792,0,1,0,0,0,0
3.7,10,23.402817195927653,255.5463066665477,0,1,0,0,0,0
3.7,10,22.66273302432579,90.99704585081024,0,1,0,0,0,0
3.7,10,22.604511352480976,196.00788780873137,0,1,0,0,0,0
3.7,10,23.63085744645469,167.35995366540533,0,1,0,0,0,0
3.7,10,23.634047310253283,167.19934341308138,0,1,0,0,0,0
3.7,10,23.599147022261462,96.6416411710695,0,1,0,0,0,0
3.7,10,23.692422948224987,274.6637791082936,0,1,0,0,0,0
3.7,10,23.30136164752438,137.04688419445134,0,1,0,0,0,0
3.7,10,23.386033926291944,34.03305275747826,0,1,0,0,0,0
3.7,10,23.567794979698878,156.76323288004022,0,1,0,0,0,0
3.7,10,23.558717156433776,158.00689483772993,0,1,0,0,0,0
3.7,10,22.87676675086381,279.2471374684297,0,1,0,0,0,0
3.7,10,23.10463992788713,626.182626684892,0,1,0,0,0,0
3.7,10,22.73654383823676,150.37827278922424,0,1,0,0,0,0
3.7,10,23.17903659165391,319.6097773391808,0,1,0,0,0,0
3.7,10,22.981076866847346,174.6947073483496,0,1,0,0,0,0
3.7,10,22.73365266404807,182.8723706910952,0,1,0,0,0,0
3.7,10,23.133896648066365,95.1571781591655,0,1,0,0,0,0
3.7,10,23.20001994648904,159.32359621683574,0,1,0,0,0,0
3.7,10,23.18277607988169,209.25018675548927,0,1,0,0,0,0
3.7,10,23.08953054992025,109.22252663560889,0,1,0,0,0,0
3.7,10,23.203670956826176,109.03418795763196,0,1,0,0,0,0
3.7,10,23.206721908247896,32.15380230084201,0,1,0,0,0,0
3.7,10,23.17045429743624,32.64770777076064,0,1,0,0,0,0
3.7,10,23.213221592301032,436.8478465019308,0,1,0,0,0,0
3.7,10,23.439827035601564,227.23487085076584,0,1,0,0,0,0
3.7,10,23.5606916799664,172.99903700253435,0,1,0,0,0,0
3.7,10,23.054015552912382,351.6862373132372,0,1,0,0,0,0
3.7,10,23.246299794641704,74.6131035105682,0,1,0,0,0,0
3.7,10,23.4681926923234,69.68496070580233,0,1,0,0,0,0
3.7,10,23.42689480146029,54.07112144871091,0,1,0,0,0,0
3.7,10,23.480114873387755,31.937224619393817,0,1,0,0,0,0
3.7,10,23.44091148400947,58.312806664206775,0,1,0,0,0,0
3.7,10,23.41595943102128,27.015194739222224,0,1,0,0,0,0
3.7,10,23.447708414089607,56.576996081587126,0,1,0,0,0,0
3.7,10,23.402343375143204,94.2362656584272,0,1,0,0,0,0
3.7,10,23.36876521182976,171.77667932183692,0,1,0,0,0,0
3.7,10,23.51332864115925,204.0842378773952,0,1,0,0,0,0
3.7,10,23.46455242758469,43.69911319642008,0,1,0,0,0,0
3.7,10,23.57511354271953,189.8703311806244,0,1,0,0,0,0
3.7,10,23.525268725399947,54.31677016947778,0,1,0,0,0,0
3.7,10,23.516353686667173,48.98321932558042,0,1,0,0,0,0
3.7,10,23.598398972611506,72.76683553684448,0,1,0,0,0,0
3.7,10,23.63135244609858,51.5365677994661,0,1,0,0,0,0
3.7,10,23.64727115941588,70.68655401911838,0,1,0,0,0,0
3.7,10,23.654853622963152,64.46686456253659,0,1,0,0,0,0
3.7,10,23.110073868454844,429.2517245917204,0,1,0,0,0,0
3.7,10,23.07659954737133,102.23043812250414,0,1,0,0,0,0
3.7,10,23.03302677203156,109.06679987004642,0,1,0,0,0,0
3.7,10,23.38523853587171,98.95604632474436,0,1,0,0,0,0
3.7,10,23.358744823242887,265.5589038451527,0,1,0,0,0,0
3.7,10,23.40006767430164,93.43806129677138,0,1,0,0,0,0
3.7,10,23.441185725482043,47.15578175262618,0,1,0,0,0,0
3.7,10,23.377702358975995,118.90692154529977,0,1,0,0,0,0
3.7,10,21.63796678908356,225.8528041125306,0,1,0,0,0,0
3.7,10,21.67966672943161,294.9915888447813,0,1,0,0,0,0
3.7,10,21.69947828240408,334.3188553864758,0,1,0,0,0,0
3.7,10,21.744517158379647,334.25934238511206,0,1,0,0,0,0
3.7,10,21.81487653893245,484.12736014571175,0,1,0,0,0,0
3.7,10,21.81713345911593,137.20560945840853,0,1,0,0,0,0
3.7,10,22.182246870232103,55.26479310489457,0,1,0,0,0,0
3.7,10,22.04710059000782,30.49501813572552,0,1,0,0,0,0
3.7,10,22.065415421283195,29.897726358552905,0,1,0,0,0,0
3.7,10,22.40102936645833,132.6131311872752,0,1,0,0,0,0
3.7,10,22.02152331357633,105.0392858119681,0,1,0,0,0,0
3.7,10,22.402601555113115,98.27573106947344,0,1,0,0,0,0
3.7,10,21.78333749331749,64.70010271962805,0,1,0,0,0,0
3.7,10,21.91896688300261,233.9750525527384,0,1,0,0,0,0
3.7,10,22.12247185308009,87.11285656179797,0,1,0,0,0,0
3.7,10,22.1410959745564,174.23070939831797,0,1,0,0,0,0
3.7,10,22.18404111091393,228.9196339526829,0,1,0,0,0,0
3.7,10,21.99415237678752,169.1001715315453,0,1,0,0,0,0
3.7,10,21.97678734776322,93.56340075340478,0,1,0,0,0,0
3.7,10,21.954986408354834,183.8928496966549,0,1,0,0,0,0
3.7,10,21.880383733302438,66.19700954893409,0,1,0,0,0,0
3.7,10,21.81969134238505,55.09770643770992,0,1,0,0,0,0
3.7,10,22.22177006645665,1666.867129286341,0,1,0,0,0,0
3.7,10,21.704889700684536,1399.4804229315232,0,1,0,0,0,0
3.7,10,21.76053094606572,333.8340435495894,0,1,0,0,0,0
3.7,10,21.944656799879414,383.58892752570847,0,1,0,0,0,0
3.7,10,21.50471136874028,508.8844278715315,0,1,0,0,0,0
3.7,10,22.169217667262718,121.112029339171,0,1,0,0,0,0
3.7,10,21.769577398999893,443.8545801027623,0,1,0,0,0,0
3.7,10,21.769447964583566,581.6741161068556,0,1,0,0,0,0
3.7,10,21.691393377023235,166.6042923485657,0,1,0,0,0,0
3.7,10,21.802801969658432,198.6452255996302,0,1,0,0,0,0
3.7,10,21.75689767230822,1767.6873942557947,0,1,0,0,0,0
3.7,10,21.97496528199033,132.7599672614834,0,1,0,0,0,0
3.7,10,21.591507630617507,252.67727933025728,0,1,0,0,0,0
3.7,10,21.528979180314057,74.4205621001059,0,1,0,0,0,0
3.7,10,21.490867747942687,50.24925123891645,0,1,0,0,0,0
3.7,10,21.419410518936846,143.31582057038375,0,1,0,0,0,0
3.7,10,21.674896756073824,86.71843425810566,0,1,0,0,0,0
3.7,10,21.70460693829279,102.514529610439,0,1,0,0,0,0
3.7,10,21.604907991742,140.1156180099101,0,1,0,0,0,0
3.7,10,21.614647550597173,127.91191613038254,0,1,0,0,0,0
3.7,10,21.37227105748117,165.3455584482181,0,1,0,0,0,0
3.7,10,22.59861761987072,368.9956686512016,0,1,0,0,0,0
3.7,10,22.348794202453234,209.39629280997147,0,1,0,0,0,0
3.7,10,22.353363805615885,370.2095808821495,0,1,0,0,0,0
3.7,10,22.28921278115687,324.296997365628,0,1,0,0,0,0
3.7,10,22.255201230142564,113.74817273186736,0,1,0,0,0,0
3.7,10,22.067100566609252,98.67412922181956,0,1,0,0,0,0
3.7,10,22.261665245994603,113.6759414702521,0,1,0,0,0,0
3.7,10,22.27566733900809,134.31002521203362,0,1,0,0,0,0
3.7,10,22.315582007163496,136.91314480595824,0,1,0,0,0,0
3.7,10,22.220951929535342,86.94743254246251,0,1,0,0,0,0
3.7,10,22.27488921157544,98.19253648205284,0,1,0,0,0,0
3.7,10,22.43117629180069,68.30131320257374,0,1,0,0,0,0
3.7,10,22.512014554458705,200.4534789408692,0,1,0,0,0,0
3.7,10,22.50413829747445,38.43539556738425,0,1,0,0,0,0
3.7,10,22.527662389266094,149.37861789200838,0,1,0,0,0,0
3.7,10,22.412394747629392,160.62148321739795,0,1,0,0,0,0
3.7,10,22.474030483284324,139.12628009981336,0,1,0,0,0,0
3.7,10,22.47906941220522,52.150372511659896,0,1,0,0,0,0
3.7,10,22.583408129776924,84.40535952287763,0,1,0,0,0,0
3.7,10,22.591764607830093,83.54417794126374,0,1,0,0,0,0
3.7,10,22.60268118671598,86.48292994224903,0,1,0,0,0,0
3.7,10,22.450904905107212,36.567474265974994,0,1,0,0,0,0
3.7,10,22.583092006813867,244.4607534056381,0,1,0,0,0,0
3.7,10,22.578326663819023,52.653878975892674,0,1,0,0,0,0
3.7,10,22.574412680404585,62.063408012176495,0,1,0,0,0,0
3.7,10,22.358315948594544,122.58372350402496,0,1,0,0,0,0
3.7,10,22.381858127232903,87.34605639498929,0,1,0,0,0,0
3.7,10,22.22576853791836,107.15647088968042,0,1,0,0,0,0
3.7,10,22.309280854396228,81.80447136516437,0,1,0,0,0,0
3.7,10,22.13589575996447,86.38225410200425,0,1,0,0,0,0
3.7,10,22.627591709843355,302.3018674521137,0,1,0,0,0,0
3.7,10,22.449805333118974,546.370636363513,0,1,0,0,0,0
3.7,10,22.949836829860736,232.41995961876432,0,1,0,0,0,0
3.7,10,22.47259761139622,286.22677264435004,0,1,0,0,0,0
3.7,10,22.41646705684232,77.05004157664705,0,1,0,0,0,0
3.7,10,22.520583978460973,218.62910806704105,0,1,0,0,0,0
3.7,10,22.623554139736488,173.98134798136016,0,1,0,0,0,0
3.7,10,22.451151149813267,134.29161323846492,0,1,0,0,0,0
3.7,10,22.487596427139778,43.46660680425987,0,1,0,0,0,0
3.7,10,22.64259964511328,32.371081373428936,0,1,0,0,0,0
3.7,10,22.507609539553297,213.1296943017576,0,1,0,0,0,0
3.7,10,22.55647905442641,217.695915441297,0,1,0,0,0,0
3.7,10,22.341350959997385,216.6606995641929,0,1,0,0,0,0
3.7,10,22.42564994491295,188.7283200662565,0,1,0,0,0,0
3.7,10,22.37701704184345,211.3973574238922,0,1,0,0,0,0
3.7,10,22.410493133738186,141.25025746506358,0,1,0,0,0,0
3.7,10,22.42757656928228,51.24764635763868,0,1,0,0,0,0
3.7,10,22.36445650532133,98.48020469036484,0,1,0,0,0,0
3.7,10,22.724472209166198,227.48866528464083,0,1,0,0,0,0
3.7,10,22.73240732712032,359.3199554456741,0,1,0,0,0,0
3.7,10,22.526841991608126,88.83506379673443,0,1,0,0,0,0
3.7,10,22.49722298144647,85.52318047654609,0,1,0,0,0,0
3.7,10,22.485418420098345,22.1184038716978,0,1,0,0,0,0
3.7,10,22.66276625420121,156.82523020824732,0,1,0,0,0,0
3.7,10,22.478437665783005,209.7314551438328,0,1,0,0,0,0
3.7,10,22.258458444675394,246.58223885429328,0,1,0,0,0,0
3.7,10,22.29109585282515,718.3158894313178,0,1,0,0,0,0
3.7,10,21.98763743269492,874.9779021833535,0,1,0,0,0,0
3.7,10,22.79814487410001,212.91805755464927,0,1,0,0,0,0
3.7,10,21.452332382470345,91.39924333169732,0,0,0,1,0,0
3.7,10,22.038836955138432,299.25719496125475,0,1,0,0,0,0
3.7,10,22.070848860954413,201.11827346174968,0,1,0,0,0,0
3.7,10,22.368380341676843,957.7411175236568,0,1,0,0,0,0
3.7,10,22.354624926564245,262.7393162901635,0,1,0,0,0,0
3.7,10,21.64095517083192,485.28155880726416,0,1,0,0,0,0
3.7,10,22.272606165327645,274.0379877475513,0,1,0,0,0,0
3.7,10,22.43025719729633,143.38068989903758,0,1,0,0,0,0
3.7,10,22.387977262616413,138.42178288863644,0,1,0,0,0,0
3.7,10,22.52022599231627,172.81028675317953,0,1,0,0,0,0
3.7,10,22.34472443472334,290.3269745079592,0,1,0,0,0,0
3.7,10,21.959166434416478,106.8202283926314,0,1,0,0,0,0
3.7,10,21.985428971040687,40.22587196871698,0,1,0,0,0,0
3.7,10,23.075251269264875,191.6921386756426,0,1,0,0,0,0
3.7,10,22.339412199265105,110.298168850794,0,1,0,0,0,0
3.7,10,22.570556375252774,184.7610651392932,0,1,0,0,0,0
3.7,10,22.295211924127734,137.15988187039943,0,1,0,0,0,0
3.7,10,22.09832594532533,186.27097684509425,0,1,0,0,0,0
3.7,10,21.66316127286889,332.4428080119421,0,1,0,0,0,0
3.7,10,21.89258202151793,131.6636061750469,0,1,0,0,0,0
3.7,10,21.873952810781223,158.64067994312478,0,1,0,0,0,0
3.7,10,21.474315511920235,41.13517698292804,0,0,0,1,0,0
3.7,10,21.650387849683234,27.239387207181856,0,1,0,0,0,0
3.7,10,21.64775136390697,45.576067567607886,0,1,0,0,0,0
3.7,10,21.648921333161084,39.87222935105243,0,1,0,0,0,0
3.7,10,21.738965143928905,103.41198378229682,0,1,0,0,0,0
3.7,10,21.654647563671368,129.62104274640265,0,1,0,0,0,0
3.7,10,21.77951448851103,135.15079985293303,0,1,0,0,0,0
3.7,10,21.87356024406621,59.292377667343935,0,1,0,0,0,0
3.7,10,21.953524307999967,45.51053735390912,0,1,0,0,0,0
3.7,10,21.956999925621364,122.73569008734674,0,1,0,0,0,0
3.7,10,21.884280288603392,545.6584502390508,0,1,0,0,0,0
3.7,10,21.708263293295676,110.7998723156258,0,1,0,0,0,0
3.7,10,22.05542543014129,169.06587049405948,0,1,0,0,0,0
3.7,10,22.06580245232233,169.38606225186305,0,1,0,0,0,0
3.7,10,21.986019916419345,194.5038240019829,0,1,0,0,0,0
3.7,10,21.577537827545424,164.48167048461193,0,1,0,0,0,0
3.7,10,21.977583607402984,51.02466024302288,0,1,0,0,0,0
3.7,10,21.919935933579836,130.6360883646542,0,1,0,0,0,0
3.7,10,22.1436246828732,58.05206428985675,0,1,0,0,0,0
3.7,10,21.92165521653772,308.24564125887184,0,1,0,0,0,0
3.7,10,21.94992772690302,101.4975264230138,0,1,0,0,0,0
3.7,10,21.90500264546586,172.07136509935782,0,1,0,0,0,0
3.7,10,21.92551936933154,181.685717946981,0,1,0,0,0,0
3.7,10,21.80765336095785,162.2455291536184,0,1,0,0,0,0
3.7,10,22.01459425677724,108.3752301610993,0,1,0,0,0,0
3.7,10,22.146487841183912,110.2637172527019,0,1,0,0,0,0
3.7,10,22.13731932874532,206.7106326381937,0,1,0,0,0,0
3.7,10,21.791794892249868,86.7979376149772,0,1,0,0,0,0
3.7,10,20.54849949599058,503.8856262904735,0,1,0,0,0,0
3.7,10,20.417413858977223,173.08829512805153,0,1,0,0,0,0
3.7,10,20.44127979625603,96.02388977517344,0,1,0,0,0,0
3.7,10,20.70103948388809,614.173819587889,0,1,0,0,0,0
3.7,10,20.766991076117613,260.62023440777347,0,1,0,0,0,0
3.7,10,21.16620787891702,450.3289130201844,0,0,0,1,0,0
3.7,10,21.34160826452436,147.92426474750943,0,0,0,1,0,0
3.7,10,21.020716157426964,172.89042491637522,0,1,0,0,0,0
3.7,10,21.129784506889465,603.303605923747,0,1,0,0,0,0
3.7,10,21.125630689186487,559.3186672983068,0,1,0,0,0,0
3.7,10,21.27582302451989,288.44226930032187,0,1,0,0,0,0
3.7,10,27.761276528558728,1551.2810007385287,0,1,0,0,0,0
3.7,10,27.85299093027162,6323.53534976653,0,0,0,1,0,0
3.7,10,26.656233737699257,207.3395335873389,0,1,0,0,0,0
3.7,10,26.225733225481843,315.0799049298802,0,1,0,0,0,0
3.7,10,26.24991628371868,174.18991059376975,0,1,0,0,0,0
3.7,10,26.30567527243765,168.79104318281844,0,1,0,0,0,0
3.7,10,25.667156121233056,338.91539867889986,0,1,0,0,0,0
3.7,10,26.3756825112712,997.6156886305278,0,1,0,0,0,0
3.7,10,26.79589397580597,585.0426686455694,0,0,0,1,0,0
3.7,10,27.272329039949817,448.39062579001,0,1,0,0,0,0
3.7,10,26.541571007750942,297.0186360524183,0,1,0,0,0,0
3.7,10,26.651415072300324,351.3298038360153,0,1,0,0,0,0
3.7,10,27.94207475711292,1043.6146125061075,0,1,0,0,0,0
3.7,10,27.45055221368256,266.46329959554686,0,1,0,0,0,0
3.7,10,27.10348059718465,152.87051309941165,0,1,0,0,0,0
3.7,10,26.93217253029517,48.23436522752555,0,1,0,0,0,0
3.7,10,27.171734651785915,145.75905764797676,0,1,0,0,0,0
3.7,10,26.97713582756053,574.0222567871773,0,1,0,0,0,0
3.7,10,26.405265787272743,462.6985561103636,0,1,0,0,0,0
3.7,10,26.88123727741206,143.78908318548562,0,1,0,0,0,0
3.7,10,26.859669235302075,116.618385097975,0,1,0,0,0,0
3.7,10,27.325184980587096,109.66209422114962,0,1,0,0,0,0
3.7,10,27.11970639867772,178.05362514009795,0,1,0,0,0,0
3.7,10,26.87848199335696,94.9799257066089,0,1,0,0,0,0
3.7,10,26.456854217751516,407.2961524764308,0,1,0,0,0,1
3.7,10,26.399266951056763,166.87428003823243,0,1,0,0,0,0
3.7,10,26.459662393555163,164.69563476836967,0,1,0,0,0,0
3.7,10,26.565850608350367,151.8044452301573,0,1,0,0,0,0
3.7,10,26.61909574005275,125.799172938717,0,1,0,0,0,0
3.7,10,26.67086973107972,102.07686936591442,0,1,0,0,0,0
3.7,10,26.721979074397524,78.59678192172733,0,1,0,0,0,0
3.7,10,26.77339103887565,56.604786875761775,0,1,0,0,0,0
3.7,10,26.51348711347177,166.99392241318526,0,1,0,0,0,0
3.7,10,26.604628698341163,457.44205311413856,0,1,0,0,0,0
3.7,10,26.826218205434024,21.56738985700975,0,1,0,0,0,0
3.7,10,26.70872471119086,194.30567018005897,0,1,0,0,0,0
3.7,10,27.003216563290348,103.93256074075109,0,1,0,0,0,0
3.7,10,26.948697400597872,376.1553690785849,0,1,0,0,0,0
3.7,10,27.17434522861579,38.63805908388845,0,1,0,0,0,0
3.7,10,27.004567524881804,156.05617373151222,0,1,0,0,0,0
3.7,10,26.984081480744496,142.9996690651282,0,1,0,0,0,0
3.7,10,26.950422315646872,57.46002522020946,0,1,0,0,0,0
3.7,10,27.07466015883116,295.4167736768362,0,1,0,0,0,0
3.7,10,26.956291375307565,135.2092406081131,0,1,0,0,0,0
3.7,10,27.141536035080385,10.40211538141956,0,1,0,0,0,0
3.7,10,27.145482328731585,4.866864526148122,0,1,0,0,0,0
3.7,10,27.153249313779963,19.2567944936028,0,1,0,0,0,0
3.7,10,27.15423806411928,40.31044993573352,0,1,0,0,0,0
3.7,10,27.150731172309914,10.389974151149223,0,1,0,0,0,0
3.7,10,26.80851416065391,98.62059233657678,0,1,0,0,0,0
3.7,10,26.88556385236761,272.5263142274971,0,1,0,0,0,0
3.7,10,27.00263587876305,95.49417191660226,0,1,0,0,0,0
3.7,10,26.883555105009098,73.4104335421966,0,1,0,0,0,0
3.7,10,27.00655342314235,61.350936850647344,0,1,0,0,0,0
3.7,10,26.889264457973912,53.34747988423379,0,1,0,0,0,0
3.7,10,26.981142807300103,110.45204355891543,0,1,0,0,0,0
3.7,10,26.9709279326006,123.71803542977716,0,1,0,0,0,0
3.7,10,25.604486795210995,211.929286371033,0,1,0,0,0,0
3.7,10,25.374190416339527,55.05326640022229,0,1,0,0,0,0
3.7,10,25.369801650384677,160.08069279923853,0,1,0,0,0,0
3.7,10,25.44161011457041,107.88120366830402,0,1,0,0,0,0
3.7,10,25.440075569216354,141.93507301639997,0,1,0,0,0,0
3.7,10,25.459365622927077,218.9342208932392,0,1,0,0,0,0
3.7,10,25.43729231280092,318.2377257654758,0,1,0,0,0,0
3.7,10,25.30050268745554,65.50108076079371,0,1,0,0,0,0
3.7,10,25.409907315161785,169.93895702839015,0,1,0,0,0,0
3.7,10,25.40525901721435,31.91976116110396,0,1,0,0,0,0
3.7,10,25.6271815666301,146.747036092765,0,1,0,0,0,0
3.7,10,25.467804299140106,90.23944774360154,0,1,0,0,0,0
3.7,10,25.476120949108694,63.17486476395676,0,1,0,0,0,0
3.7,10,25.534412310711247,101.90765947580906,0,1,0,0,0,0
3.7,10,25.722191529290985,150.08706525981862,0,1,0,0,0,0
3.7,10,25.434622363934125,249.5550753227613,0,1,0,0,0,0
3.7,10,25.681604589179877,73.91366809835739,0,1,0,0,0,0
3.7,10,25.28192351533708,95.33840101389411,0,1,0,0,0,0
3.7,10,25.51707423490605,68.57956794773244,0,1,0,0,0,0
3.7,10,25.24631161159932,62.03404465179702,0,1,0,0,0,0
3.7,10,25.30601949682322,49.2548434956986,0,1,0,0,0,0
3.7,10,25.336971492274944,22.81853136014091,0,1,0,0,0,0
3.7,10,25.647968969301104,165.87665564796873,0,1,0,0,0,0
3.7,10,25.70193313014098,22.33084536757421,0,1,0,0,0,0
3.7,10,25.482467117524124,150.30045821377425,0,1,0,0,0,0
3.7,10,25.722843977419515,423.4407711162691,0,1,0,0,0,0
3.7,10,25.707721059991464,9.859346248894395,0,0,0,1,0,0
3.7,10,25.388220892082217,68.88191267253542,0,1,0,0,0,0
3.7,10,25.338649056220376,11.708724725380728,0,1,0,0,0,0
3.7,10,25.53099007986216,29.67434973031985,0,1,0,0,0,0
3.7,10,25.59273882654513,113.9213491750493,0,1,0,0,0,0
3.7,10,25.73969666026896,74.69605329948737,0,1,0,0,0,0
3.7,10,25.993115454998996,84.70025013354173,0,1,0,0,0,0
3.7,10,26.036006556177963,126.85804608194988,0,1,0,0,0,0
3.7,10,26.084241354140865,179.79611784042334,0,1,0,0,0,0
3.7,10,26.138771353058083,189.1263887777078,0,1,0,0,0,0
3.7,10,25.572668583583628,345.29160170564785,0,1,0,0,0,0
3.7,10,25.62377178697812,364.2503418785335,0,1,0,0,0,0
3.7,10,25.48740845516571,115.95617069839597,0,1,0,0,0,0
3.7,10,25.67704042761573,246.79967411889223,0,1,0,0,0,0
3.7,10,25.69953622734139,392.4555722476625,0,1,0,0,0,0
3.7,10,25.713090664644792,314.1727972726157,0,1,0,0,0,0
3.7,10,25.74287206973285,323.38148950406867,0,1,0,0,0,0
3.7,10,25.80313973191241,396.50576048301264,0,1,0,0,0,0
3.7,10,25.825579427590945,403.71766391510096,0,1,0,0,0,0
3.7,10,25.83027601320918,101.56159646997015,0,1,0,0,0,0
3.7,10,25.602170212835603,312.21308619453544,0,1,0,0,0,0
3.7,10,25.79954698820162,476.30222233959415,0,1,0,0,0,0
3.7,10,25.597873068229063,237.2429327688839,0,1,0,0,0,0
3.7,10,25.554012970705624,168.25362510688723,0,1,0,0,0,0
3.7,10,25.63047588060812,133.63115267247608,0,1,0,0,0,0
3.7,10,25.479395730183047,367.5474099397966,0,1,0,0,0,0
3.7,10,25.68233060702794,80.57724163097706,0,1,0,0,0,0
3.7,10,25.98069718679069,20.025454639654978,0,1,0,0,0,0
3.7,10,25.653864075885007,238.3460675613329,0,1,0,0,0,0
3.7,10,25.989739864926083,52.804678422687495,0,1,0,0,0,0
3.7,10,25.937914969788284,53.72604755025077,0,1,0,0,0,0
3.7,10,25.88770862520204,55.17555053962507,0,1,0,0,0,0
3.7,10,25.84031765723376,51.096573757085736,0,1,0,0,0,0
3.7,10,25.79305454631833,53.771021460201446,0,1,0,0,0,0
3.7,10,25.738828425424423,10.445665613296756,0,0,0,1,0,0
3.7,10,24.913879603555777,386.7491547556504,0,1,0,0,0,0
3.7,10,24.842976164295614,301.7835977606509,0,1,0,0,0,0
3.7,10,24.65954552210906,488.9865688872009,0,1,0,0,0,0
3.7,10,24.72433717950858,333.29012402655985,0,1,0,0,0,0
3.7,10,26.193759115809893,180.41861717259505,0,1,0,0,0,0
3.7,10,25.36892331767839,183.9335980304108,0,1,0,0,0,0
3.7,10,25.23929265799858,289.2477097719881,0,1,0,0,0,0
3.7,10,25.515866899441196,57.547915113973154,0,1,0,0,0,0
3.7,10,25.87880813397101,680.616141132548,0,0,0,1,0,1
3.7,10,25.31975513156746,297.99887526911454,0,1,0,0,0,0
3.7,10,25.277303007071872,289.66793650378384,0,1,0,0,0,0
3.7,10,24.87780954037499,68.06059896218883,0,1,0,0,0,0
3.7,10,24.779475620681698,555.9518879153019,0,1,0,0,0,0
3.7,10,25.312946007534,523.1309353832849,0,1,0,0,0,0
3.7,10,25.1657323804315,392.3361174753392,0,1,0,0,0,0
3.7,10,25.08905981980364,478.4916138863943,0,1,0,0,0,0
3.7,10,24.563358299688403,542.8424193136254,0,1,0,0,0,0
3.7,10,24.61618980120221,474.4672894092341,0,1,0,0,0,0
3.7,10,24.565264921682896,397.5723706551664,0,1,0,0,0,0
3.7,10,24.587167502151868,380.903853154518,0,1,0,0,0,0
3.7,10,24.49072560026481,281.0557684969808,0,1,0,0,0,0
3.7,10,25.799356439532303,582.189103061495,0,1,0,0,0,0
3.7,10,25.55639044370729,482.19580486910814,0,1,0,0,0,0
3.7,10,25.66485864922664,154.62420219474447,0,1,0,0,0,0
3.7,10,24.99632097166247,743.3319287736381,0,1,0,0,0,0
3.7,10,24.63905586520927,487.3751643053101,0,1,0,0,0,0
3.7,10,25.244905976224537,53.66399837083236,0,1,0,0,0,0
3.7,10,25.469476675355363,114.6642656107552,0,1,0,0,0,0
3.7,10,25.69817321631839,821.8158112148539,0,1,0,0,0,0
3.7,10,25.407761532003644,359.07737553963443,0,1,0,0,0,0
3.7,10,25.177417115929345,78.61868759385733,0,1,0,0,0,0
3.7,10,24.89506308730908,67.10995836785781,0,0,0,1,0,1
3.7,10,25.188216135352253,61.41516001032839,0,1,0,0,0,0
3.7,10,25.144000650598315,49.86721095144765,0,1,0,0,0,0
3.7,10,25.892559968812204,689.6010761785077,0,0,0,1,0,1
3.7,10,24.89526851352943,85.9770618776419,0,0,0,1,0,1
3.7,10,25.03536166785404,236.35683555229724,0,0,0,1,0,1
3.7,10,26.192510272117637,356.26545088737,0,1,0,0,0,0
3.7,10,26.03177694058286,84.4156753707633,0,1,0,0,0,0
3.7,10,25.98192827256747,96.07442198720288,0,1,0,0,0,0
3.7,10,25.932418197645923,103.29012530347288,0,1,0,0,0,0
3.7,10,25.883480230237904,99.5413444351358,0,1,0,0,0,0
3.7,10,25.83673863579884,98.08845487247012,0,1,0,0,0,0
3.7,10,25.788759458554317,96.13900458624732,0,1,0,0,0,0
3.7,10,25.469153332550448,383.8949740362336,0,0,0,1,0,0
3.7,10,25.456533240014565,59.787142427840045,0,1,0,0,0,0
3.7,10,24.545837713193244,543.2516528974855,0,0,0,1,0,1
3.7,10,24.55160959390056,543.4183923755063,0,0,0,1,0,1
3.7,10,25.23204575923537,357.47276325067133,0,1,0,0,0,0
3.7,10,25.080794959710705,425.2612203791378,0,1,0,0,0,0
3.7,10,25.146787449627286,167.9387380391797,0,1,0,0,0,0
3.7,10,24.861266153845413,253.4696294309571,0,1,0,0,0,0
3.7,10,24.97393262986574,50.24979079494046,0,1,0,0,0,0
3.7,10,24.62479684371832,248.63148001158788,0,1,0,0,0,0
3.7,10,24.58066931196087,247.8655308862033,0,1,0,0,0,0
3.7,10,24.538464764429108,247.136623703596,0,1,0,0,0,0
3.7,10,25.108584287565105,286.3001836567529,0,1,0,0,0,0
3.7,10,25.13649037958836,102.00847846943032,0,1,0,0,0,0
3.7,10,25.159695573823605,103.71541525585263,0,1,0,0,0,0
3.7,10,25.14493990038929,66.17318224454047,0,1,0,0,0,0
3.7,10,25.086994116454907,48.967517615998354,0,1,0,0,0,0
3.7,10,25.109083498131948,147.5863031340748,0,1,0,0,0,0
3.7,10,24.91687153893048,142.63944724828372,0,1,0,0,0,0
3.7,10,25.035133452663967,72.54196598919837,0,1,0,0,0,0
3.7,10,25.046504713631556,137.2880183872037,0,1,0,0,0,0
3.7,10,24.81555826224534,90.84009547529092,0,1,0,0,0,0
3.7,10,24.737450706537164,58.58920510496765,0,1,0,0,0,0
3.7,10,24.870981243331144,49.47518556315697,0,0,0,1,0,1
3.7,10,25.00504971519649,325.74736812908213,0,1,0,0,0,0
3.7,10,24.85442019200752,16.85187433865937,0,1,0,0,0,0
3.7,10,24.796625021454396,374.1239986970682,0,1,0,0,0,0
3.7,10,24.63198571859605,68.38986699488058,0,1,0,0,1,0
3.7,10,24.943940518032168,268.2828216432546,0,1,0,0,0,0
3.7,10,25.00974692423345,45.14650021025669,0,1,0,0,0,0
3.7,10,24.90348485163714,253.26538336450253,0,1,0,0,0,0
3.7,10,24.95726435425152,47.22579580392896,0,1,0,0,0,0
3.7,10,25.09974351700509,66.80912091258041,0,1,0,0,0,0
3.7,10,25.36119561058749,298.76943158125874,0,1,0,0,0,0
3.7,10,25.019079591505363,239.7548088158823,0,0,0,1,0,1
3.7,10,25.132954555111127,348.0486746073271,0,1,0,0,0,0
3.7,10,25.18052477920468,68.05637434431758,0,1,0,0,0,0
3.7,10,25.232118620576152,190.65664078200945,0,1,0,0,0,0
3.7,10,25.2130100641936,182.4416113542419,0,1,0,0,0,0
3.7,10,25.090262813287,100.6726743955389,0,1,0,0,0,0
3.7,10,24.779268146241456,172.66747134732034,0,1,0,0,0,0
3.7,10,25.27330103191734,121.75201805521124,0,1,0,0,0,0
3.7,10,25.31542873916457,437.79949131037904,0,1,0,0,0,0
3.7,10,25.3361972302462,175.1871250667246,0,1,0,0,0,0
3.7,10,25.53875128759167,153.67726535448995,0,1,0,0,0,0
3.7,10,25.068997085857504,406.95522005389614,0,1,0,0,0,0
3.7,10,25.22868429907119,647.0151424227901,0,0,0,1,0,1
3.7,10,25.049896859807387,105.53030227134514,0,1,0,0,0,0
3.7,10,25.03060489267507,88.37707826612642,0,1,0,0,0,0
3.7,10,24.994719219581,142.48892586436543,0,1,0,0,0,0
3.7,10,24.88647771119249,53.552563420753,0,0,0,1,0,1
3.7,10,24.93444311370788,230.48893074763456,0,1,0,0,0,0
3.7,10,24.913136665875108,176.66628962126845,0,1,0,0,0,0
3.7,10,24.992508652720016,280.1826914556504,0,1,0,0,0,0
3.7,10,24.850424729143057,227.93522660798703,0,1,0,0,0,0
3.7,10,25.122530184784896,337.78158944577865,0,1,0,0,0,0
3.7,10,25.01173819049625,198.0558581272249,0,1,0,0,0,0
3.7,10,24.95562809318723,92.9685533310696,0,1,0,0,0,0
3.7,10,25.099817853878506,132.09678376729846,0,1,0,0,0,0
3.7,10,25.126506406241223,239.87363905342303,0,1,0,0,0,0
3.7,10,25.1203341058398,132.24469282695796,0,1,0,0,0,0
3.7,10,25.127665156338317,82.6099235469845,0,1,0,0,0,0
3.7,10,25.06293516341888,116.55097864567163,0,1,0,0,0,0
3.7,10,25.158900528732023,129.88593860476365,0,1,0,0,0,0
3.7,10,25.041609274848877,206.3021102449385,0,1,0,0,0,0
3.7,10,25.04946587805573,67.14029293376628,0,1,0,0,0,0
3.7,10,25.08048757060645,102.44650753891383,0,1,0,0,0,0
3.7,10,25.359460146846608,125.84503582325672,0,1,0,0,0,0
3.7,10,25.481684920991366,165.48074019894648,0,1,0,0,0,0
3.7,10,24.983581597124815,93.12864883370308,0,1,0,0,0,0
3.7,10,25.410054239501388,142.47072825286,0,1,0,0,0,0
3.7,10,25.43676455463092,148.8245203558755,0,1,0,0,0,0
3.7,10,25.245085517757165,646.3106488757546,0,0,0,1,0,1
3.7,10,25.13600741734028,16.425038692552807,0,1,0,0,0,0
3.7,10,25.036225885437307,95.46136159965096,0,1,0,0,0,0
3.7,10,24.87337406947894,49.51408319660776,0,1,0,0,0,0
3.7,10,25.014186638281014,283.15376414831087,0,1,0,0,0,0
3.7,10,25.21667682319509,125.22091555911402,0,1,0,0,0,0
3.7,10,25.17380037683732,17.096434403531404,0,1,0,0,0,0
3.7,10,26.080652216733966,112.2659280971001,0,1,0,0,0,0
3.7,10,26.05282175356836,271.5266698576598,0,1,0,0,0,0
3.7,10,26.00836959030417,325.8557145796589,0,1,0,0,0,0
3.7,10,25.9759968331392,437.1304051534068,0,1,0,0,0,0
3.7,10,25.92851263813783,435.5210603149883,0,1,0,0,0,0
3.7,10,25.88130112256644,435.8743878639514,0,1,0,0,0,0
3.7,10,26.184987349038774,131.34217124867797,0,1,0,0,0,0
3.7,10,26.37647283499997,165.97591985358972,0,1,0,0,0,0
3.7,10,26.33578370108485,90.5586593081346,0,1,0,0,0,0
3.7,10,26.28517634774148,88.90754320872765,0,1,0,0,0,0
3.7,10,26.23840383633193,100.85997636962772,0,1,0,0,0,0
3.7,10,26.18578116371508,94.04267602050732,0,1,0,0,0,0
3.7,10,26.131928290468828,92.63296432265504,0,1,0,0,0,0
3.7,10,26.446639065445687,125.03965996132676,0,1,0,0,0,0
3.7,10,26.33162467653049,295.6495779284899,0,1,0,0,0,0
3.7,10,26.18359491452654,56.40569967148329,0,1,0,0,0,0
3.7,10,26.34953965682408,98.332438352889,0,1,0,0,0,0
3.7,10,26.088381656619585,105.01134720175348,0,1,0,0,0,0
3.7,10,26.31803412142574,230.4806001210848,0,1,0,0,0,0
3.7,10,26.297807821249343,60.93638653445986,0,1,0,0,0,0
3.7,10,26.29657810909022,135.75197256882086,0,1,0,0,0,0
3.7,10,26.317293850743543,143.05432985130176,0,1,0,0,0,0
3.7,10,26.26413137122653,82.57482320875746,0,1,0,0,0,0
3.7,10,26.21701057802422,48.36925148724523,0,1,0,0,0,0
3.7,10,26.22832952987025,164.7300202733869,0,1,0,0,0,0
3.7,10,26.19885253024322,323.7818974642692,0,1,0,0,0,0
3.7,10,26.083915485521377,62.30229373798456,0,1,0,0,0,0
3.7,10,26.026302768106635,47.03336235179359,0,1,0,0,0,0
3.7,10,25.816628524853808,160.40937956084534,0,1,0,0,0,0
3.7,10,25.97650906114776,51.704434440252975,0,1,0,0,0,0
3.7,10,25.92826677892024,53.99663088072204,0,1,0,0,0,0
3.7,10,25.88520840597188,40.53349282836283,0,1,0,0,0,0
3.7,10,25.95961918824592,150.93849806539748,0,1,0,0,0,0
3.7,10,25.87847303118947,54.62495135776423,0,1,0,0,0,0
3.7,10,25.86151517988761,11.382587706409172,0,1,0,0,0,0
3.7,10,25.832514303874515,51.97155604483359,0,1,0,0,0,0
3.7,10,25.765747694238325,93.62006806520868,0,1,0,0,0,0
3.7,10,26.07205195747979,53.224880051362405,0,1,0,0,0,0
3.7,10,26.01686356108789,58.087395579204426,0,1,0,0,0,0
3.7,10,26.00242875372157,5.178142638748127,0,1,0,0,0,0
3.7,10,26.153945042810456,107.24050846712194,0,1,0,0,0,0
3.7,10,26.18183081774998,49.677502900901416,0,1,0,0,0,0
3.7,10,26.14077379207698,100.14248576876382,0,1,0,0,0,0
3.7,10,26.145676534514337,29.074644220281005,0,1,0,0,0,0
3.7,10,26.44513686063502,416.2458352254769,0,1,0,0,0,1
3.7,10,26.408377407969837,131.0896041651655,0,1,0,0,0,0
3.7,10,26.430194559287948,130.68582651649203,0,1,0,0,0,0
3.7,10,26.200139548875622,58.94536063916712,0,1,0,0,0,0
3.7,10,26.107696506494463,59.60824589398626,0,1,0,0,0,0
3.7,10,26.26483330685649,281.61109898688323,0,1,0,0,0,0
3.7,10,26.262634163255647,602.9557959866142,0,1,0,0,0,0
3.7,10,26.35540746737478,258.21799833248,0,1,0,0,0,0
3.7,10,26.594491192925798,60.51928415590423,0,1,0,0,0,0
3.7,10,26.1826062811378,247.7330965141468,0,1,0,0,0,0
3.7,10,26.55314393994398,136.04256683669345,0,1,0,0,0,0
3.7,10,26.22482140941064,82.6523683544678,0,1,0,0,0,0
3.7,10,26.584421020748422,158.37435305811198,0,1,0,0,0,0
3.7,10,26.445581958598314,245.121806126932,0,1,0,0,0,0
3.7,10,26.62852312437633,191.3953272796469,0,1,0,0,0,0
3.7,10,26.483662184406416,200.585222135854,0,1,0,0,0,0
3.7,10,26.77844428887001,107.93167809924756,0,1,0,0,0,0
3.7,10,25.089304119496752,186.1656889312268,0,1,0,0,0,0
3.7,10,25.60934181314294,309.04261617519586,0,1,0,0,0,0
3.7,10,25.63454877761709,309.03727025670383,0,1,0,0,0,0
3.7,10,25.751465701137622,205.28460810189583,0,1,0,0,0,0
3.7,10,26.06300560056627,666.1143299174937,0,1,0,0,0,0
3.7,10,26.290313256454823,1148.045406550121,0,0,0,1,0,0
3.7,10,25.562998755588527,392.7309410525936,0,1,0,0,0,0
3.7,10,25.284642444457944,925.7307077426668,0,1,0,0,0,0
3.7,10,26.08879339217077,213.01840796395075,0,1,0,0,0,0
3.7,10,25.790423115456907,224.2329700864817,0,1,0,0,0,0
3.7,10,25.06427052936824,714.0871947471072,0,1,0,0,0,0
3.7,10,25.346240848922253,320.8380498169634,0,1,0,0,0,0
3.7,10,25.667618795744332,162.8338030719243,0,1,0,0,0,0
3.7,10,25.847235785626197,275.5818422338842,0,1,0,0,0,0
3.7,10,25.71991056935342,158.08764843946688,0,1,0,0,0,0
3.7,10,26.2778293173668,143.145981715008,0,1,0,0,0,0
3.7,10,25.914421838299443,132.16615926092692,0,1,0,0,0,0
3.7,10,26.51342840298431,301.6410222913179,0,1,0,0,0,0
3.7,10,26.10727015805884,223.7028791361436,0,1,0,0,0,0
3.7,10,25.96157514624945,168.55270251788414,0,1,0,0,0,0
3.7,10,26.14962202192511,111.08851942197217,0,1,0,0,0,0
3.7,10,26.37531132302412,194.124153019082,0,1,0,0,0,0
3.7,10,25.911869298047456,621.71672649638,0,1,0,0,0,0
3.7,10,25.58720383161486,212.66978132061783,0,1,0,0,0,0
3.7,10,25.86529927748609,1817.6508429579208,0,0,1,0,0,0
3.7,10,25.744132025494103,611.8598564137336,0,1,0,0,0,0
3.7,10,25.5213569212366,106.89937375770512,0,1,0,0,0,0
3.7,10,25.535633539070503,174.2920873945938,0,1,0,0,0,0
3.7,10,25.60342611756992,108.7745855943763,0,1,0,0,0,0
3.7,10,25.39268003374535,164.32016643653935,0,1,0,0,0,0
3.7,10,26.41989887506758,75.58998478395304,0,1,0,0,0,0
3.7,10,25.538432228344693,107.41276377379911,0,1,0,0,0,0
3.7,10,25.109145293494542,274.9144518725509,0,1,0,0,0,1
3.7,10,25.44664876472883,529.1275393554573,0,0,1,0,0,1
3.7,10,25.23724904734438,342.5408694010042,0,1,0,0,0,0
3.7,10,25.346505597777263,325.86968158380296,0,1,0,0,0,0
3.7,10,25.34512366152505,281.4129280605958,0,1,0,0,0,0
3.7,10,25.31074429241677,197.0998987905971,0,1,0,0,0,0
3.7,10,25.245159336228625,109.96087369856204,0,1,0,0,0,0
3.7,10,25.198123618314963,111.82200397258042,0,1,0,0,0,0
3.7,10,25.193137774536847,167.08059692636547,0,1,0,0,0,0
3.7,10,25.39728191423456,137.2840716438854,0,1,0,0,0,0
3.7,10,25.31431794014043,185.82143848122053,0,1,0,0,0,0
3.7,10,25.47744546692846,449.659431729813,0,1,0,0,0,0
3.7,10,25.81940565896538,207.18844603480537,0,1,0,0,0,0
3.7,10,25.60252906176958,149.5819345464325,0,1,0,0,0,0
3.7,10,25.542519021913986,142.9497232316808,0,1,0,0,0,0
3.7,10,25.49296540331009,137.22066236118386,0,1,0,0,0,0
3.7,10,25.59573740949271,301.72083782815605,0,1,0,0,0,0
3.7,10,25.748624854196592,282.1303038827256,0,1,0,0,0,0
3.7,10,25.70559449740176,179.64139092792274,0,1,0,0,0,0
3.7,10,25.19972755492916,330.68472609443387,0,1,0,0,0,0
3.7,10,25.308039882184364,54.802228401595954,0,1,0,0,0,0
3.7,10,25.356610471849592,80.97804881921182,0,1,0,0,0,0
3.7,10,25.57817062340016,149.00924248235287,0,1,0,0,0,0
3.7,10,25.457754022765656,523.5179624720018,0,0,1,0,0,1
3.7,10,25.508026481193216,266.4159882802124,0,1,0,0,0,0
3.7,10,25.579253229053236,118.55938776410886,0,1,0,0,0,0
3.7,10,25.42705273898912,102.49271793862742,0,1,0,0,0,0
3.7,10,25.406979455455215,102.6313899373674,0,1,0,0,0,0
3.7,10,25.38648102489688,102.77762751378457,0,1,0,0,0,0
3.7,10,25.537917700802247,12.15642617461211,0,1,0,0,0,0
3.7,10,25.65218588256058,67.81008893039231,0,1,0,0,0,0
3.7,10,25.56099770953973,119.46277033426176,0,1,0,0,0,0
3.7,10,25.59798169020925,119.43775943390054,0,1,0,0,0,0
3.7,10,25.459121733886388,116.09807891110005,0,1,0,0,0,0
3.7,10,25.58496429424925,78.96923436332382,0,0,1,0,0,1
3.7,10,25.59258004227596,88.44148134280509,0,0,1,0,0,1
3.7,10,25.295145555902145,61.58987576453698,0,1,0,0,0,0
3.7,10,25.54021289021613,34.88195684675375,0,1,0,0,0,0
3.7,10,25.19774503915866,153.5471953992356,0,1,0,0,0,1
3.7,10,25.146775208151432,429.4785627863166,0,1,0,0,0,1
3.7,10,25.24394500031392,81.00903959715195,0,1,0,0,0,0
3.7,10,25.596349010210883,298.6594602187789,0,1,0,0,0,0
3.7,10,25.95733241768404,256.4437208865485,0,1,0,0,0,0
3.7,10,25.647621162660645,53.57540186367336,0,1,0,0,0,0
3.7,10,25.94772490682722,12.545835786546716,0,1,0,0,0,0
3.7,10,25.655837377942717,129.87589485358723,0,1,0,0,0,0
3.7,10,25.59216105132752,81.94751743566235,0,1,0,0,0,0
3.7,10,25.72568477272055,133.05287877601376,0,1,0,0,0,0
3.7,10,25.822910385978936,216.8691243446417,0,1,0,0,0,0
3.7,10,25.449957384111205,71.5820942487265,0,1,0,0,0,0
3.7,10,25.605712007105296,36.12950673959392,0,1,0,0,0,0
3.7,10,25.592775579634065,128.13799226984702,0,1,0,0,0,0
3.7,10,25.6493343018811,84.201082914343,0,1,0,0,0,0
3.7,10,25.432279844330004,89.04201621066241,0,1,0,0,0,0
3.7,10,27.85105249771149,294.1934567503435,0,1,0,0,0,0
3.7,10,27.562291886006417,694.6964989681711,0,1,0,0,0,0
3.7,10,27.531557895702203,230.3541069155013,0,1,0,0,0,0
3.7,10,26.931495162982444,102.30168665306276,0,1,0,0,0,0
3.7,10,27.989956810510208,1017.9854883298392,0,1,0,0,0,0
3.7,10,27.668664341963417,181.5559374902841,0,1,0,0,0,0
3.7,10,27.49322539486733,242.6403501865452,0,1,0,0,0,0
3.7,10,26.982422727239467,142.5925264018678,0,1,0,0,0,0
3.7,10,26.887117767213905,58.36349363387849,0,1,0,0,0,0
3.7,10,27.08988836733468,283.0203635891769,0,1,0,0,0,0
3.7,10,27.30436065360345,419.4911416956109,0,1,0,0,0,0
3.7,10,27.407233036330663,614.2935498188604,0,1,0,0,0,0
3.7,10,27.576777446983535,72.31286774709106,0,1,0,0,0,0
3.7,10,27.69368723740625,213.12298610037828,0,1,0,0,0,0
3.7,10,27.25108962577876,210.0187658190502,0,1,0,0,0,0
3.7,10,27.17650173912896,64.19275963302701,0,1,0,0,0,0
3.7,10,27.36481322200478,83.87739660582677,0,1,0,0,0,0
3.7,10,26.98117423560046,152.2918927187252,0,1,0,0,0,0
3.7,10,27.565344278690525,33.49287529119075,0,1,0,0,0,0
3.7,10,27.61751886895764,141.09310649467085,0,1,0,0,0,0
3.7,10,27.601373371018447,78.04780663940204,0,1,0,0,0,0
3.7,10,27.623372931174394,63.87397994045271,0,1,0,0,0,0
3.7,10,27.04363430095902,107.15288816484446,0,1,0,0,0,0
3.7,10,27.08395206239654,39.847945868662,0,1,0,0,0,0
3.7,10,26.82205555717637,176.42467690443075,0,1,0,0,0,0
3.7,10,26.53302695222813,481.4752330524368,0,1,0,0,0,0
3.7,10,26.67693778502697,185.7775000941765,0,1,0,0,0,0
3.7,10,26.81020478764137,50.9757371295788,0,1,0,0,0,0
3.7,10,26.79370342070407,173.77786849630203,0,1,0,0,0,0
3.7,10,26.310151242557787,72.98439750209786,0,1,0,0,0,0
3.7,10,26.50904122523363,121.10738065843267,0,1,0,0,0,0
3.7,10,26.923762844487637,204.24429862684343,0,1,0,0,0,0
3.7,10,26.469853298054723,69.00757033915414,0,1,0,0,0,0
3.7,10,26.729031026192736,55.78533442707851,0,1,0,0,0,0
3.7,10,26.783273508060432,106.5714477853353,0,1,0,0,0,0
3.7,10,26.651770276717173,115.16079400966468,0,1,0,0,0,0
3.7,10,26.763261098658692,51.01100433497244,0,1,0,0,0,0
3.7,10,26.765241697185303,46.09756085673724,0,1,0,0,0,0
3.7,10,25.389343424316618,1474.7363894818122,0,1,0,0,0,0
3.7,10,26.45626899557084,1215.6618341911148,0,1,0,0,0,0
3.7,10,26.70559138736691,626.1120437587484,0,1,0,0,0,0
3.7,10,26.21734477262687,223.58261896272955,0,1,0,0,0,0
3.7,10,26.52636537706161,160.38035425561233,0,1,0,0,0,0
3.7,10,25.64478042560472,417.534923952277,0,1,0,0,0,0
3.7,10,25.85975343130989,449.848065897236,0,1,0,0,0,0
3.7,10,26.402771396057428,449.8706148244356,0,1,0,0,0,0
3.7,10,26.701954051747546,139.7051874391766,0,1,0,0,0,0
3.7,10,26.79887633299837,92.31663071099445,0,1,0,0,0,0
3.7,10,26.161838240867866,191.87139755674843,0,1,0,0,0,0
3.7,10,25.86957500334029,330.8247985194811,0,1,0,0,0,0
3.7,10,26.365983392332417,68.64468911790178,0,1,0,0,0,0
3.7,10,25.903835279508165,11.159939262115236,0,1,0,0,0,0
3.7,10,26.343072256606067,27.550699658095485,0,1,0,0,0,0
3.7,10,26.29992259801632,79.80847881303457,0,1,0,0,0,0
3.7,10,26.252438047389838,51.40479866668604,0,1,0,0,0,0
3.7,10,26.20194691343313,156.98493751895327,0,1,0,0,0,0
3.7,10,25.70453420312262,45.09481145757334,0,1,0,0,0,0
3.7,10,25.99123354943883,114.5201459617018,0,1,0,0,0,0
3.7,10,24.28037986440157,237.69646317656893,0,1,0,0,0,0
3.7,10,24.285733454103013,205.4645489509765,0,1,0,0,0,0
3.7,10,24.102287796436567,67.00967213242843,0,1,0,0,0,0
3.7,10,24.403413878892007,137.3064331472332,0,1,0,0,0,0
3.7,10,24.494781708193955,246.4071770872771,0,1,0,0,0,0
3.7,10,24.41327596041605,140.02540141537708,0,1,0,0,0,0
3.7,10,24.4656799139976,164.99356869188884,0,1,0,0,0,0
3.7,10,24.21667850409571,51.152418679653934,0,1,0,0,0,0
3.7,10,24.563054599740404,58.32213802067682,0,1,0,0,0,0
3.7,10,24.58846900265737,52.03340288350751,0,1,0,0,0,0
3.7,10,24.364274635537654,80.72642453020312,0,1,0,0,0,0
3.7,10,24.397100791129084,70.60619378016499,0,1,0,0,0,0
3.7,10,24.15130575765734,63.18423385120579,0,1,0,0,0,0
3.7,10,24.16965740198616,62.72479161258372,0,1,0,0,0,0
3.7,10,24.20242068853196,48.81194818428415,0,1,0,0,0,0
3.7,10,24.22395979013879,53.92028453759548,0,1,0,0,0,0
3.7,10,24.27450822627419,55.109515223173794,0,1,0,0,0,0
3.7,10,24.13669516878331,62.4868829295388,0,1,0,0,0,0
3.7,10,24.118650261377248,13.240335613385932,0,1,0,0,0,0
3.7,10,24.157002051544307,13.087822616648644,0,1,0,0,0,0
3.7,10,24.150362451326004,51.66892677864487,0,1,0,0,0,0
3.7,10,24.121888255829656,91.58254736072382,0,1,0,0,0,0
3.7,10,24.080039822852868,9.399080867028282,0,1,0,0,0,0
3.7,10,24.63824485396911,272.0169600319415,0,1,0,0,0,0
3.7,10,24.724094577942264,206.48058875830995,0,1,0,0,0,0
3.7,10,24.842682542792847,344.3554770457837,0,1,0,0,0,0
3.7,10,24.79196650957985,208.1187400203355,0,1,0,0,0,0
3.7,10,24.715519444522265,271.89688646074046,0,1,0,0,0,0
3.7,10,24.769271809122376,207.08417998805385,0,1,0,0,0,0
3.7,10,24.64280362493929,106.53361044326772,0,1,0,0,0,0
3.7,10,24.54698220576011,228.1002147066157,0,1,0,0,0,0
3.7,10,24.71925939419627,173.37012021340817,0,1,0,0,0,0
3.7,10,24.63617854130662,201.47495458182777,0,1,0,0,0,0
3.7,10,24.583076385994595,132.58914909018057,0,1,0,0,0,0
3.7,10,24.66121304537281,120.9707855713036,0,1,0,0,0,0
3.7,10,24.25745420238328,182.27745010325967,0,1,0,0,0,0
3.7,10,24.34753988582198,198.63056773878475,0,1,0,0,0,0
3.7,10,24.36672980170245,199.2233148670939,0,1,0,0,0,0
3.7,10,24.38471786408473,200.88906491539635,0,1,0,0,0,0
3.7,10,24.404759183363748,200.9230542799732,0,1,0,0,0,0
3.7,10,24.48276481014671,342.5449768741253,0,1,0,0,0,0
3.7,10,24.54838168180969,213.4096086278959,0,1,0,0,0,0
3.7,10,24.510634847507895,209.2361766432288,0,1,0,0,0,0
3.7,10,24.416144086715573,263.3161893017041,0,1,0,0,0,0
3.7,10,24.434522721952607,184.88912082637376,0,1,0,0,0,0
3.7,10,24.405957566158115,131.31174000032772,0,1,0,0,0,0
3.7,10,24.373424807726035,97.15474770945626,0,1,0,0,0,0
3.7,10,24.372939885024017,42.37501100727946,0,1,0,0,0,0
3.7,10,24.6901259303947,72.76617795418048,0,1,0,0,0,0
3.7,10,24.77555706910553,228.93868612648365,0,1,0,0,0,0
3.7,10,24.47832068032703,53.54050112726448,0,1,0,0,0,0
3.7,10,24.37810917171504,100.3174083228885,0,1,0,0,0,0
3.7,10,24.655041146240126,107.14240103573287,0,1,0,0,0,0
3.7,10,24.48912001219262,81.57948940056859,0,1,0,0,0,0
3.7,10,24.288478518492173,47.12180881715854,0,1,0,0,0,0
3.7,10,24.234903092220037,57.24159487724784,0,1,0,0,0,0
3.7,10,24.34251024049785,40.54293909207514,0,1,0,0,0,0
3.7,10,24.39932555029495,42.98575230795183,0,1,0,0,0,0
3.7,10,24.41987759972541,44.916215847802505,0,1,0,0,0,0
3.7,10,24.685556335037017,24.69833902146019,0,1,0,0,0,0
3.7,10,24.764859769020106,71.50012802800863,0,1,0,0,0,0
3.7,10,24.65418164205501,43.64047543212418,0,1,0,0,0,0
3.7,10,24.778762188382917,54.86512261833524,0,1,0,0,0,0
3.7,10,24.67356271764009,115.69433454772886,0,1,0,0,0,0
3.7,10,24.748369112222683,99.5066837718433,0,1,0,0,0,0
3.7,10,24.64931039220531,73.97030516765714,0,0,1,0,0,1
3.7,10,24.61337270297249,103.029052849642,0,0,1,0,0,1
3.7,10,24.556683628543787,10.5425936525728,0,1,0,0,0,0
3.7,10,24.54956538490593,167.5549020675436,0,0,1,0,0,1
3.7,10,24.559104248497963,167.3752434843714,0,0,1,0,0,1
3.7,10,24.471728752252474,228.23500584067864,0,0,1,0,0,1
3.7,10,24.480641493989356,228.234174870188,0,0,1,0,0,1
3.7,10,24.425605186203946,53.37579696627734,0,0,1,0,0,1
3.7,10,24.49181904999221,46.768789990006766,0,1,0,0,0,0
3.7,10,24.031549288138,549.0202845351527,0,0,0,1,0,1
3.7,10,23.27095270007096,806.7590137393063,0,1,0,0,0,0
3.7,10,23.26600650204444,813.3235913141173,0,1,0,0,0,0
3.7,10,23.12773077096259,549.9084411291689,0,1,0,0,0,0
3.7,10,23.121253627204208,550.1658788569189,0,1,0,0,0,0
3.7,10,23.24163966362307,226.54922816712653,0,1,0,0,0,1
3.7,10,24.095796536050766,352.6184421479955,0,1,0,0,0,0
3.7,10,24.193520025843057,363.4132506766686,0,1,0,0,0,0
3.7,10,23.924805756815875,341.89183251150894,0,1,0,0,0,0
3.7,10,23.970531633021896,315.3660766532886,0,1,0,0,0,0
3.7,10,24.028995194749587,252.50737387143928,0,1,0,0,0,0
3.7,10,24.07156819743332,252.5205538891507,0,1,0,0,0,0
3.7,10,24.114025543610737,252.15428489336333,0,1,0,0,0,0
3.7,10,24.237265963665735,361.56318422262063,0,1,0,0,0,0
3.7,10,24.269940371066404,299.0608698719447,0,1,0,0,0,0
3.7,10,23.95504015970276,421.2385377123496,0,1,0,0,0,0
3.7,10,23.92550696653427,336.2951611751132,0,1,0,0,0,0
3.7,10,24.30474641057686,323.1584820957938,0,1,0,0,0,0
3.7,10,24.485645017641332,321.4700481214695,0,1,0,0,0,0
3.7,10,24.462153992377505,433.19343853228577,0,1,0,0,0,0
3.7,10,24.27787607830801,604.1046560526394,0,1,0,0,0,0
3.7,10,24.20040315864663,225.06753138365195,0,1,0,0,0,0
3.7,10,24.175811197647946,299.01167880308685,0,1,0,0,0,0
3.7,10,24.225783918653278,206.90059193695885,0,1,0,0,0,0
3.7,10,24.21727146813693,220.7314459573919,0,1,0,0,0,0
3.7,10,24.086935265910288,203.91991336134217,0,1,0,0,0,0
3.7,10,24.13829718802494,311.7358409762222,0,1,0,0,0,0
3.7,10,24.10232971764476,260.1763864220309,0,1,0,0,0,0
3.7,10,24.663214145025197,78.10589928493849,0,1,0,0,0,0
3.7,10,24.283810847676676,88.88764997097209,0,1,0,0,0,0
3.7,10,24.11560335843609,116.08239040839686,0,1,0,0,0,0
3.7,10,24.0342305469396,549.9148677990386,0,0,0,1,0,1
3.7,10,24.357097406653807,359.8127789131646,0,0,1,0,0,1
3.7,10,24.356305779323115,306.32135818896097,0,0,1,0,0,1
3.7,10,24.63138567615432,247.86900838952408,0,0,1,0,0,1
3.7,10,24.14335485793105,124.2804587813928,0,1,0,0,0,0
3.7,10,24.673886247992705,45.70992539195886,0,0,1,0,0,1
3.7,10,23.3951166522526,319.312169528549,0,1,0,0,0,0
3.7,10,23.542914939288693,365.1217353063156,0,1,0,0,0,0
3.7,10,23.69769767094672,272.16433035628813,0,1,0,0,0,0
3.7,10,23.644138688935357,272.0163912318812,0,1,0,0,0,0
3.7,10,23.74819135667338,45.33278166214385,0,1,0,0,0,0
3.7,10,23.81633850410324,289.3209174663069,0,1,0,0,0,0
3.7,10,23.797059805117343,187.0848529916184,0,1,0,0,0,0
3.7,10,23.78121146991488,41.500560341953694,0,1,0,0,0,0
3.7,10,23.281344541409958,59.584959202776254,0,1,0,0,0,1
3.7,10,23.59808979967449,364.8357767485388,0,1,0,0,0,0
3.7,10,23.49302689131003,365.3568899242287,0,1,0,0,0,0
3.7,10,23.793730411310303,187.79437248467008,0,0,0,1,0,0
3.7,10,23.328845653109955,161.31983577583907,0,1,0,0,0,0
3.7,10,23.743195877738696,34.55892669650736,0,1,0,0,0,0
3.7,10,23.734255100954822,126.07294270334646,0,1,0,0,0,0
3.7,10,23.678502116842893,55.212764815023256,0,1,0,0,0,0
3.7,10,23.66261075397612,25.19504571135133,0,1,0,0,0,0
3.7,10,23.780501495325858,88.389153965678,0,1,0,0,0,0
3.7,10,23.665525496964573,153.0712077432324,0,1,0,0,0,0
3.7,10,23.896576267620663,47.61300327802152,0,1,0,0,0,0
3.7,10,23.843452065100788,151.61969119205838,0,1,0,0,0,0
3.7,10,23.32715043710586,96.88653028392936,0,1,0,0,0,1
3.7,10,23.288543735728155,51.75489039893527,0,1,0,0,0,0
3.7,10,23.775083441716028,8.681168121255435,0,1,0,0,0,0
3.7,10,23.719990422792048,11.3316724517964,0,1,0,0,0,0
3.7,10,23.366412103473348,89.08886808192342,0,1,0,0,0,0
3.7,10,23.70937339963208,41.35258259917442,0,1,0,0,0,0
3.7,10,23.68698794107412,54.98193355892615,0,1,0,0,0,0
3.7,10,23.781369208566872,55.30709969151383,0,1,0,0,0,0
3.7,10,23.729964929897356,2368.842618159115,0,1,0,0,0,0
3.7,10,24.21650046323337,297.06765470619564,0,1,0,0,0,0
3.7,10,24.10500297951374,155.39892239935273,0,1,0,0,0,0
3.7,10,24.07468227458777,201.5422267321435,0,1,0,0,0,0
3.7,10,24.11080231130505,182.9040276965168,0,1,0,0,0,0
3.7,10,23.569741184277404,488.4149765884368,0,1,0,0,0,0
3.7,10,23.742771245226145,361.791911259742,0,1,0,0,0,0
3.7,10,23.62115816587404,411.6486193399218,0,1,0,0,0,0
3.7,10,24.0220470472608,78.13341453764693,0,1,0,0,0,0
3.7,10,24.01539500861933,341.5453122934724,0,1,0,0,0,0
3.7,10,24.05785791149197,85.2906816846407,0,1,0,0,0,0
3.7,10,24.195125910625688,240.61287323444287,0,1,0,0,0,0
3.7,10,24.074877539710368,48.510074201118826,0,1,0,0,0,0
3.7,10,24.832571125326652,299.30083005778624,0,1,0,0,0,1
3.7,10,24.903670061581742,503.5537506144755,0,1,0,0,0,0
3.7,10,24.84579248953165,464.6668539773904,0,1,0,0,0,0
3.7,10,24.88909197670237,194.9083635294973,0,1,0,0,0,0
3.7,10,24.92802912185038,109.2700536219034,0,1,0,0,0,0
3.7,10,24.98134050127756,107.53381080099334,0,1,0,0,0,0
3.7,10,25.014148336217104,154.7188698310543,0,1,0,0,0,0
3.7,10,25.04717291315624,492.1850448985846,0,1,0,0,0,0
3.7,10,25.097814499943997,495.87110474978886,0,1,0,0,0,0
3.7,10,24.42280347395675,125.29702313954714,0,1,0,0,0,0
3.7,10,24.38084377640756,48.609603796406255,0,1,0,0,0,0
3.7,10,24.87929729435219,55.267246160150805,0,1,0,0,0,0
3.7,10,24.821488350517413,72.6913691611667,0,1,0,0,0,0
3.7,10,24.64928136177887,258.5542351316012,0,1,0,0,0,1
3.7,10,24.723634786585038,77.8579852354303,0,1,0,0,0,0
3.7,10,24.995821293545387,481.5446498245617,0,1,0,0,0,0
3.7,10,24.749229661495846,10.627487685352031,0,1,0,0,0,0
3.7,10,24.78109352349061,23.40028011552937,0,1,0,0,0,0
3.7,10,24.756344298419464,60.716078753633774,0,1,0,0,0,0
3.7,10,24.9544598084052,119.6752690973332,0,1,0,0,0,0
3.7,10,24.99423083662856,115.8009060215782,0,1,0,0,0,0
3.7,10,24.79054620381225,535.1261254605566,0,1,0,0,0,1
3.7,10,24.57745933413065,118.84772670522288,0,1,0,0,0,0
3.7,10,24.525623648400156,132.6913211068016,0,1,0,0,0,0
3.7,10,24.693682262244952,119.537247817139,0,1,0,0,0,0
3.7,10,24.71450036570948,57.18076782697875,0,1,0,0,0,0
3.7,10,24.693611506483784,50.22801872304159,0,1,0,0,0,0
3.7,10,24.639915042567416,56.02567357996331,0,1,0,0,0,0
3.7,10,24.722999275969528,211.935250835756,0,1,0,0,0,1
3.7,10,24.73017011484868,111.21166590370169,0,1,0,0,0,0
3.7,10,24.769314164714,48.38286179365727,0,1,0,0,0,0
3.7,10,24.7517461784614,52.229324809870334,0,1,0,0,0,0
3.7,10,24.725487181201736,18.716534851498835,0,1,0,0,0,0
3.7,10,24.731038667924253,8.921653469882258,0,1,0,0,0,0
3.7,10,24.70278667900916,44.84554390272624,0,1,0,0,0,0
3.7,10,24.688369024202192,64.33617642705225,0,1,0,0,0,0
3.7,10,24.6561682622261,102.27989947938302,0,1,0,0,0,0
3.7,10,24.633193828678912,49.88164245124876,0,1,0,0,0,0
3.7,10,24.612466158040927,87.88664977660555,0,1,0,0,0,0
3.7,10,24.82394622343339,86.35467818150414,0,1,0,0,0,0
3.7,10,24.85648943408171,96.7160555002517,0,1,0,0,0,0
3.7,10,24.8486189199286,46.40688440403962,0,1,0,0,0,0
3.7,10,24.826257793559524,43.95520622570661,0,1,0,0,0,0
3.7,10,24.80732008934617,42.3706826791879,0,1,0,0,0,0
3.7,10,24.792354107568485,42.024240099328914,0,1,0,0,0,0
3.7,10,24.77342179292116,54.51156115886617,0,1,0,0,0,0
3.7,10,24.803496758083323,28.428395740116947,0,1,0,0,0,0
3.7,10,25.42921599243057,398.8412402842428,0,1,0,0,0,0
3.7,10,25.131397632352247,78.09278204680156,0,1,0,0,0,0
3.7,10,24.94817104135278,13.541764279521704,0,1,0,0,0,0
3.7,10,24.930045906820343,92.5215654176896,0,1,0,0,0,0
3.7,10,24.88105341431392,257.9243569961675,0,1,0,0,0,0
3.7,10,24.84939157140926,11.260325041857117,0,1,0,0,0,0
3.7,10,24.9718462752554,119.43070009909312,0,1,0,0,0,0
3.7,10,24.88379375277571,58.82666459853316,0,1,0,0,0,0
3.7,10,25.16576304327405,25.238933556423618,0,1,0,0,0,0
3.7,10,25.21334865246793,95.42685498457988,0,1,0,0,0,0
3.7,10,25.064335605062254,69.6920180309812,0,1,0,0,0,0
3.7,10,25.027203903701764,184.36103911473592,0,1,0,0,0,0
3.7,10,24.449849756412757,396.2286901177082,0,1,0,0,0,0
3.7,10,23.867408073921613,188.57609857887564,0,1,0,0,0,0
3.7,10,24.231004888951205,941.4311763222518,0,1,0,0,0,0
3.7,10,24.0987582081262,66.14538060480105,0,1,0,0,0,0
3.7,10,25.010340957948276,258.68565174479534,0,1,0,0,0,0
3.7,10,24.597929197551878,476.4802276769049,0,1,0,0,0,0
3.7,10,24.66802525607573,370.1088847797877,0,1,0,0,0,0
3.7,10,25.28121123250149,1039.3849432252696,0,1,0,0,0,0
3.7,10,23.9969023388264,111.62135684853372,0,1,0,0,0,0
3.7,10,24.70563584473121,2161.956222088133,0,0,1,0,0,0
3.7,10,25.652622152418783,1158.2022052796126,0,1,0,0,0,0
3.7,10,25.056948119188636,168.72602366166117,0,1,0,0,0,0
3.7,10,25.27944270655003,293.8366491006475,0,1,0,0,0,0
3.7,10,24.352312231271355,676.5704647557216,0,1,0,0,0,0
3.7,10,24.38267339067874,1528.3923582664338,0,1,0,0,0,0
3.7,10,23.84549184988988,165.93453618249322,0,1,0,0,0,0
3.7,10,24.823354979159056,217.74968002501595,0,1,0,0,0,0
3.7,10,24.59090636819063,418.0919477199212,0,1,0,0,0,0
3.7,10,25.34083955098656,113.87825423009936,0,1,0,0,0,0
3.7,10,23.866393397884966,169.39825578012167,0,1,0,0,0,0
3.7,10,24.0068735386553,412.1663908749614,0,1,0,0,0,0
3.7,10,23.90806980039435,133.02766415084173,0,1,0,0,0,0
3.7,10,23.946723087032947,218.41313357085755,0,1,0,0,0,0
3.7,10,24.02241154067974,173.240561202948,0,1,0,0,0,0
3.7,10,24.205853027229484,152.55222007068434,0,1,0,0,0,0
3.7,10,24.21298448967308,84.20408545740733,0,1,0,0,0,0
3.7,10,24.151661346763888,110.42258743062524,0,1,0,0,0,0
3.7,10,24.19505811784142,137.06488254019737,0,1,0,0,0,0
3.7,10,24.12180350035139,184.9246015209877,0,1,0,0,0,0
3.7,10,23.75151318789132,138.70516369302612,0,1,0,0,0,0
3.7,10,24.390735407658543,207.47758143371087,0,1,0,0,0,0
3.7,10,24.08043118913813,127.11701504253072,0,1,0,0,0,0
3.7,10,23.88682899955456,55.99167218745063,0,1,0,0,0,0
3.7,10,23.77726708112746,35.37923084780343,0,1,0,0,0,0
3.7,10,23.799165275789186,24.738859638196622,0,1,0,0,0,0
3.7,10,24.73969360499882,66.58917306605916,0,1,0,0,0,0
3.7,10,24.647523337314453,51.81624054664419,0,1,0,0,0,0
3.7,10,24.57086894530697,91.45648644084316,0,1,0,0,0,0
3.7,10,24.791895375077274,36.579361550523245,0,1,0,0,0,0
3.7,10,22.73045107001228,285.76003197158497,0,1,0,0,0,0
3.7,10,22.790202069924675,145.27826465844555,0,1,0,0,0,0
3.7,10,22.72395907378061,68.28590963060483,0,1,0,0,0,0
3.7,10,22.850501061865195,169.44855083568527,0,1,0,0,0,0
3.7,10,22.538475940784995,104.1901652994508,0,1,0,0,0,0
3.7,10,22.528327453601257,87.27985706715745,0,1,0,0,0,0
3.7,10,22.923804399103105,60.57657140516794,0,1,0,0,0,0
3.7,10,22.97283517064613,118.7480083225025,0,1,0,0,0,0
3.7,10,23.02109193126076,56.5049293659186,0,1,0,0,0,0
3.7,10,22.93222872512743,59.46252675780106,0,1,0,0,0,0
3.7,10,22.94756327072604,135.5797078558497,0,1,0,0,0,0
3.7,10,22.820354992989152,333.81951611622713,0,1,0,0,0,0
3.7,10,22.72772251082816,52.21823039939878,0,1,0,0,0,0
3.7,10,22.87720890168567,62.790770141753015,0,1,0,0,0,0
3.7,10,22.871659974501217,24.06639479632469,0,1,0,0,0,0
3.7,10,22.88943255329305,56.0104793196365,0,1,0,0,0,0
3.7,10,22.665198877016905,34.749423406612124,0,1,0,0,0,0
3.7,10,22.680944623837828,75.260816560972,0,1,0,0,0,0
3.7,10,22.669733352263027,147.0845818440159,0,1,0,0,0,0
3.7,10,22.866189070734418,59.79698862716651,0,1,0,0,0,0
3.7,10,23.232278039813963,103.77535189189076,0,1,0,0,0,0
3.7,10,22.970618476683136,14.917676840412044,0,1,0,0,0,0
3.7,10,22.61334392186387,1098.73433153548,0,0,0,0,0,1
3.7,10,22.489375670726385,24.63603159878757,0,1,0,0,0,0
3.7,10,23.18717787780568,1281.830382328833,0,1,0,0,0,0
3.7,10,22.4467813818318,79.76259792213831,0,1,0,0,0,1
3.7,10,22.622999171164505,1109.6330384331045,0,0,0,0,0,1
3.7,10,22.91687743704521,325.389144369883,0,1,0,0,0,0
3.7,10,22.486683167816278,74.3465328102391,0,0,0,0,0,1
3.7,10,22.492904684756763,107.59121964420422,0,0,0,0,0,1
3.7,10,22.36159942440603,349.2802806852583,0,1,0,0,0,0
3.7,10,22.404075544115265,49.57226458699576,0,1,0,0,0,0
3.7,10,22.497463293527904,77.10360317675708,0,0,0,0,0,1
3.7,10,22.50271627444834,98.78446445607382,0,0,0,0,0,1
3.7,10,22.62294631171336,103.76095695286396,0,1,0,0,0,0
3.7,10,22.55310834099775,202.0454029539593,0,1,0,0,0,0
3.7,10,23.619654698974287,273.2118739925085,0,1,0,0,0,0
3.7,10,23.82517761765516,69.46935782637519,0,1,0,0,0,0
3.7,10,23.50191745198316,105.36143544283712,0,1,0,0,0,0
3.7,10,23.40383201817407,134.46022725434216,0,1,0,0,0,0
3.7,10,23.44675926373078,111.2817626028721,0,1,0,0,0,0
3.7,10,23.569976344526776,126.55685671667784,0,1,0,0,0,0
3.7,10,23.384284883141333,125.00845411653911,0,1,0,0,0,0
3.7,10,23.550037393051696,197.97456710395656,0,1,0,0,0,0
3.7,10,23.35856517274384,44.86516829682192,0,1,0,0,0,0
3.7,10,23.962268559304395,138.6037347574711,0,1,0,0,0,0
3.7,10,23.84150363793852,175.6422671981436,0,1,0,0,0,0
3.7,10,24.046935356920866,467.4116858817729,0,1,0,0,0,0
3.7,10,23.64463359994623,208.06753886234023,0,1,0,0,0,0
3.7,10,23.56663959401195,395.2629371915156,0,1,0,0,0,0
3.7,10,23.817719639669527,124.85045548805108,0,1,0,0,0,0
3.7,10,23.954505314861883,489.8900940732228,0,1,0,0,0,0
3.7,10,23.599893381745723,113.60764307113364,0,1,0,0,0,0
3.7,10,23.67985713166467,206.36092524742045,0,1,0,0,0,0
3.7,10,23.577144082931813,195.4808797230698,0,1,0,0,0,0
3.7,10,23.754431556361148,132.62093203148746,0,1,0,0,0,0
3.7,10,23.51320563995884,15.023205413396218,0,1,0,0,0,0
3.7,10,23.43649883887093,95.8422279629704,0,1,0,0,0,0
3.7,10,23.52296840671258,108.42276895928396,0,1,0,0,0,0
3.7,10,23.74674734982932,89.08420743852336,0,1,0,0,0,0
3.7,10,23.46090706562801,209.6931776990901,0,1,0,0,0,0
3.7,10,23.432068462894502,212.59225517479547,0,1,0,0,0,0
3.7,10,23.645008663440965,297.36317176012744,0,1,0,0,0,0
3.7,10,23.866568008944117,338.3532357735159,0,1,0,0,0,0
3.7,10,23.324729062138413,269.11014266468715,0,1,0,0,0,0
3.7,10,23.243502421643846,689.1214180573675,0,1,0,0,0,0
3.7,10,23.802091629787192,357.9387705692982,0,1,0,0,0,0
3.7,10,22.70353604176728,137.30770891310573,0,0,0,1,0,0
3.7,10,23.327410343328246,106.13358944529472,0,1,0,0,0,0
3.7,10,22.89982779572781,194.8749086482792,0,0,0,0,0,0
3.7,10,22.93710691622085,403.290310163089,0,0,0,0,0,1
3.7,10,22.94037915439724,395.4446053047266,0,0,0,0,0,0
3.7,10,22.834185637499505,703.9379038564159,0,0,0,0,0,1
3.7,10,22.86586158869265,289.396135164542,0,0,0,0,0,1
3.7,10,23.86782316904248,124.13466794158974,0,1,0,0,0,0
3.7,10,23.05037520890168,350.6510165918256,0,1,0,0,0,0
3.7,10,23.04345912367592,328.93892299925545,0,1,0,0,0,0
3.7,10,23.12569395242263,81.09228075159443,0,1,0,0,0,0
3.7,10,23.00721770029415,83.70482281318795,0,1,0,0,0,0
3.7,10,22.9254044413281,439.16026896306033,0,0,0,0,0,1
3.7,10,22.905684318976725,4.128164244044728,0,0,0,0,0,0
3.7,10,22.93210661055633,446.3849814062942,0,0,0,0,0,1
3.7,10,22.837827775874693,262.7487196769193,0,1,0,0,0,0
3.7,10,23.239533942851804,123.26935581791813,0,1,0,0,0,0
3.7,10,23.303680909398,70.39137763443942,0,1,0,0,0,0
3.7,10,23.02100815788532,136.1495599725195,0,1,0,0,0,0
3.7,10,23.234851278063733,106.1826040546957,0,1,0,0,0,0
3.7,10,25.552864019115848,182.0209941342428,0,1,0,0,0,0
3.7,10,25.70075606721819,52.22628232285292,0,1,0,0,0,0
3.7,10,25.03480994089369,95.67693474451272,0,1,0,0,0,0
3.7,10,25.038401917420188,56.334147786383326,0,1,0,0,0,0
3.7,10,25.096900747784684,473.6892755941423,0,1,0,0,0,0
3.7,10,24.59300811434987,518.963300281263,0,1,0,0,0,0
3.7,10,24.50852066799823,169.6446967189332,0,1,0,0,0,0
3.7,10,24.613921473653075,384.6849216464874,0,1,0,0,0,0
3.7,10,24.489781343180905,62.70811269359739,0,1,0,0,0,0
3.7,10,24.55349292324605,55.34360911812407,0,1,0,0,0,0
3.7,10,24.71426601835312,269.4858419636041,0,1,0,0,0,0
3.7,10,24.819909733752223,70.91853247357577,0,1,0,0,0,0
3.7,10,24.75189873846581,106.56126965225002,0,1,0,0,0,0
3.7,10,24.77937089478547,80.7573746712131,0,1,0,0,0,0
3.7,10,24.546751680283325,275.0146158212034,0,1,0,0,0,0
3.7,10,24.59900177686088,194.4224572618413,0,1,0,0,0,0
3.7,10,24.80645537590787,48.3978786226796,0,1,0,0,0,0
3.7,10,24.82523295742776,70.91980325672863,0,1,0,0,0,0
3.7,10,24.7382836978475,76.29097691028508,0,1,0,0,0,0
3.7,10,24.75249785713364,31.747210230175423,0,1,0,0,0,0
3.7,10,24.7782106114952,61.95385951914752,0,1,0,0,0,0
3.7,10,24.795643153353584,20.801119153674705,0,1,0,0,0,0
3.7,10,24.93610711989366,247.20961679548188,0,1,0,0,0,0
3.7,10,24.788183750173424,39.59989719770896,0,1,0,0,0,0
3.7,10,24.754699114175757,16.12606497976276,0,1,0,0,0,0
3.7,10,23.955927099852364,250.6116050890586,0,1,0,0,0,0
3.7,10,24.047986932014435,74.20692607826442,0,1,0,0,0,0
3.7,10,24.20991605703022,300.3166339101033,0,1,0,0,0,0
3.7,10,24.42168921983703,34.59168899330196,0,1,0,0,0,0
3.7,10,24.381230194190728,53.11183933803274,0,1,0,0,0,0
3.7,10,24.418104087118504,42.86610000799551,0,1,0,0,0,0
3.7,10,24.51658649243395,31.24902053928514,0,1,0,0,0,0
3.7,10,24.03142131310285,20.420550869041502,0,1,0,0,0,0
3.7,10,24.013901934165723,75.80303859536308,0,1,0,0,0,0
3.7,10,23.94333764920301,216.0269937118716,0,1,0,0,0,0
3.7,10,24.022961831369184,128.83168305550294,0,1,0,0,0,0
3.7,10,24.0316174923287,110.98358744445758,0,1,0,0,0,0
3.7,10,24.048966650262457,42.56292154367439,0,1,0,0,0,0
3.7,10,24.07795787860866,71.52681359438755,0,1,0,0,0,0
3.7,10,23.69328801194335,299.3251684762797,0,1,0,0,0,0
3.7,10,23.842380101864315,621.6751770613847,0,1,0,0,0,0
3.7,10,24.004150901793462,379.5485020973929,0,1,0,0,0,0
3.7,10,24.130251353425617,560.6839476629226,0,1,0,0,0,0
3.7,10,24.16399198512771,118.28516584966208,0,1,0,0,0,0
3.7,10,23.39386585021591,322.1714107283313,0,1,0,0,0,0
3.7,10,23.25362985380208,444.1980096567167,0,1,0,0,0,0
3.7,10,23.6757670052228,146.8527875966237,0,1,0,0,0,0
3.7,10,23.69122913689629,403.03735415336126,0,1,0,0,0,0
3.7,10,23.570911330526933,112.60214258596542,0,1,0,0,0,0
3.7,10,23.89699195254164,164.60334317701208,0,1,0,0,0,0
3.7,10,23.784812014360845,31.187859660505246,0,1,0,0,0,0
3.7,10,23.66293704339481,66.45418465043464,0,1,0,0,0,0
3.7,10,23.58499836233606,65.50627940419416,0,1,0,0,0,0
3.7,10,23.707202106570836,93.13103387391794,0,1,0,0,0,0
3.7,10,23.521206406964016,215.7712890192976,0,1,0,0,0,0
3.7,10,21.89768129130661,459.05482908402166,0,1,0,0,0,0
3.7,10,21.94353818889227,48.12716075747447,0,1,0,0,0,0
3.7,10,21.83923119938653,83.46531054661642,0,1,0,0,0,0
3.7,10,21.863278511343903,32.17265072782443,0,1,0,0,0,0
3.7,10,21.72895861356077,76.67831261212663,0,1,0,0,0,0
3.7,10,21.912545335143864,148.18534779302215,0,1,0,0,0,0
3.7,10,22.434057096832117,761.9269160955159,0,0,0,1,0,0
3.7,10,22.222646658874723,225.3030729559464,0,1,0,0,0,0
3.7,10,22.53415911848593,415.9189817861638,0,1,0,0,0,0
3.7,10,22.76770286302928,222.23700188955465,0,1,0,0,0,0
3.7,10,23.025501876826908,1440.763685266224,0,1,0,0,0,0
3.7,10,22.43651422536577,2540.4388180347005,0,0,0,0,0,0
3.7,10,23.207589811512385,197.2837599452997,0,1,0,0,0,0
