road_id,road_type,oneway,road_name,lanes,surface,maxspeed,road_length_m,start_lon,start_lat,end_lon,end_lat
way/493753306,residential,yes,,,,,304.3644674463369,90.3516747,23.8554462,90.3546273,23.8550436
way/502038753,residential,no,,,,,334.854817788776,90.3597891,23.8582056,90.3602646,23.8611956
way/502038756,residential,no,,,,,695.8516143659663,90.3600443,23.8645796,90.3590412,23.8583681
way/1003843438,residential,no,,,,,226.0831687403952,90.3530809,23.8577248,90.3552758,23.8574288
way/1026591493,residential,no,,,,,334.38094831616,90.3606435,23.8580893,90.3611263,23.8610739
way/1027215957,residential,no,,,,,86.6409247887356,90.3598394,23.858487,90.3606807,23.8583745
way/1027215958,tertiary,yes,,,,,608.3779301232823,90.3593838,23.8583001,90.3601987,23.8637381
way/1027215961,tertiary,yes,,,,,589.8412924082332,90.360285,23.8635235,90.3594783,23.8582525
way/1027215972,tertiary,yes,,,,,514.7967337502447,90.3594783,23.8582525,90.3644764,23.8575803
way/1027215973,tertiary,yes,,,,,555.7214270657979,90.3648717,23.857472,90.3594678,23.8581399
way/1027215981,tertiary,yes,,,,,743.6237152385429,90.358138,23.8582975,90.3509146,23.8592453
way/1083571356,residential,yes,,,,,338.7799712436523,90.3552326,23.8568525,90.3519406,23.8572766
way/1189099332,residential,yes,,,,,571.8688928984491,90.3519536,23.8573663,90.3575053,23.856619
way/1311508944,tertiary,yes,,,paved,,72.76175702414321,90.3581689,23.8584818,90.3588763,23.858393
way/1387937365,tertiary,yes,,,,,201.02334672378038,90.3509146,23.8592453,90.3506306,23.8574501
way/1387937367,residential,yes,,,,,442.0969465199373,90.3546273,23.8550436,90.3503288,23.8555394
way/1427334458,residential,no,,,,,700.6289300491355,90.3576753,23.858067,90.3508729,23.8589819
way/1427334465,residential,no,,,,,28.564072210688124,90.3566489,23.851605,90.3566884,23.8518602
way/1427334467,tertiary,yes,,,,,1013.4438244598526,90.3501983,23.8553,90.3516783,23.8643438
way/493748712,residential,no,,,,,470.84851887684067,90.3501069,23.8548952,90.3540927,23.8527853
way/502038744,residential,yes,,,,,134.88620542085744,90.3519406,23.8572766,90.3506306,23.8574501
way/502038745,residential,no,Road No. 3,,asphalt,,325.8406889755462,90.3520861,23.858278,90.3516627,23.8553634
way/1029202403,tertiary,yes,,,,,33.81804707509349,90.3501983,23.8553,90.3502397,23.855132
way/1040104298,tertiary,yes,,,,,27.0057110383233,90.3502397,23.855132,90.3501983,23.8553
way/1064488758,residential,yes,,,,,184.29153958651577,90.3503587,23.8536296,90.3503587,23.8536296
way/1064488759,residential,yes,,,paved,,243.05950113050926,90.3528405,23.8534454,90.3504563,23.8533936
way/1064488760,residential,yes,,,paved,,230.65386808968407,90.3504497,23.8534954,90.3527127,23.8535189
way/1078479812,residential,no,,,,,156.15608943176431,90.3529703,23.8567098,90.3527626,23.8553136
way/1083571348,residential,no,,,,,208.9568677098557,90.3542869,23.8550323,90.3539548,23.8531715
way/1083571350,residential,no,,,,,102.40924283206056,90.3508143,23.8565007,90.3518129,23.8563978
way/1083571355,residential,no,,,,,136.60985299431258,90.3522552,23.8553761,90.3526517,23.8545677
way/1189099331,residential,yes,,,,,134.76024459742771,90.3506445,23.8575376,90.3519536,23.8573663
way/1189099333,residential,no,,,,,65.8490246342879,90.3530809,23.8577248,90.352986,23.857137
way/1218669870,residential,no,,,,,83.4233461372355,90.3526517,23.8545677,90.3527626,23.8553136
way/1218669973,residential,no,,,,,112.34559459757868,90.3518801,23.8568599,90.3529703,23.8567098
way/1311508942,tertiary,yes,,,,,241.73105385364198,90.3506306,23.8574501,90.3502896,23.8552913
way/1387937364,residential,no,,,,,8.105233444637209,90.3506393,23.8575045,90.3505616,23.8575201
way/1387937368,residential,yes,,,,,137.22749182080418,90.3503417,23.8556209,90.3516747,23.8554462
way/1387960836,residential,no,,,,,169.41216413864896,90.3505912,23.8577008,90.3489459,23.8579189
way/1419316488,residential,no,,,,,94.23118380122267,90.3501885,23.8542504,90.3509707,23.854507
way/1419316491,residential,yes,,,,,164.32873932173572,90.3501008,23.8536867,90.3501613,23.8551639
way/1419316492,residential,yes,,,,,160.0583684431548,90.3502397,23.855132,90.3502004,23.8536927
way/1427334461,residential,no,,,,,142.763226755689,90.3487355,23.8545002,90.3500923,23.85469
way/1427334462,residential,no,,,,,209.3735917233021,90.3508339,23.8534018,90.3494796,23.8534057
way/1427334463,residential,no,,,,,353.13016841652404,90.350439,23.8528624,90.353443,23.8531223
way/502038743,residential,no,,,,,122.80593668108777,90.356346,23.8577068,90.3575385,23.8575476
way/502038747,residential,yes,,,,,96.24729301508408,90.3559732,23.8553828,90.3561194,23.8562409
way/502038748,residential,yes,,,,,94.71429113672994,90.3552212,23.8563555,90.3550785,23.8555109
way/1027215959,tertiary,yes,,,paved,,230.15905157321723,90.3590545,23.8560887,90.3593548,23.8581473
way/1027215960,tertiary,yes,,,paved,,246.36663905119497,90.3594678,23.8581399,90.3590545,23.8560887
way/1027215977,tertiary,yes,,,paved,,17.187901695007383,90.3593548,23.8581473,90.3593838,23.8583001
way/1027215978,tertiary,yes,,,paved,,12.523101903261429,90.3594783,23.8582525,90.3594678,23.8581399
way/1029202402,residential,no,,,,,86.18600799610255,90.3555074,23.8578072,90.356346,23.8577068
way/1049521446,residential,no,,,,,111.81526598282282,90.3555918,23.8530017,90.3566769,23.8528528
way/1049527248,residential,yes,,,asphalt,,102.24791152574555,90.3559715,23.8539477,90.3569669,23.8538437
way/1050646063,residential,no,,,,,108.7993696701492,90.3549943,23.855524,90.3560483,23.8553681
way/1083571359,residential,no,,,,,108.61872264479398,90.3551444,23.8563726,90.3561986,23.8562308
way/1219954401,residential,yes,,,,,331.7609611801652,90.3566884,23.8518602,90.3557888,23.8538673
way/1287156760,residential,no,,,,,48.50636524753127,90.3552613,23.8539637,90.3552009,23.8535295
way/1287156761,residential,no,,,,,50.18546022346658,90.3557194,23.8536893,90.3552327,23.8537581
way/1311508943,tertiary,yes,,,,,52.749742125932485,90.3588763,23.858393,90.3593838,23.8583001
way/1311508945,tertiary,yes,"sector no-18, bridge no-10",,paved,,52.7317141798262,90.3593548,23.8581473,90.3588412,23.858205
way/1311508946,tertiary,yes,sector -18 bridge no-10,,paved,,72.39469187386604,90.3588412,23.858205,90.358138,23.8582975
way/1387937366,residential,yes,,,,,88.11659928511604,90.3551408,23.854963,90.3556781,23.8543643
way/1387944126,residential,yes,,,,,54.68411069150906,90.3549037,23.8549809,90.3549037,23.8549809
way/1387944127,residential,no,,,,,24.89461266748181,90.3546273,23.8550436,90.3548707,23.8550247
way/1387944128,residential,yes,,,,,86.93604510604756,90.3556781,23.8543643,90.3551408,23.854963
way/1387944129,residential,yes,,,asphalt,,104.02801580486923,90.3569537,23.8537625,90.3559715,23.8539477
way/1387944130,residential,no,,,,,55.00920909677474,90.3556781,23.8543643,90.3559715,23.8539477
way/1387944131,residential,no,,,,,13.050284527613348,90.3551408,23.854963,90.3550393,23.8550348
way/1387944132,residential,no,,,,,63.90600267693989,90.3552758,23.8574288,90.3552095,23.8568554
way/1387944133,residential,yes,,,,,133.1816455706609,90.3574921,23.8565345,90.3562006,23.8567178
way/1387944134,residential,yes,,,,,183.96219818047825,90.3549945,23.855225,90.3552095,23.8568554
way/1387944135,residential,no,,,,,11.965791797728581,90.3549945,23.855225,90.3549834,23.8551175
way/1387944136,residential,yes,,,,,33.57557703966273,90.3550785,23.8555109,90.3549945,23.855225
way/1387944137,residential,yes,,,,,54.61296433895083,90.3552914,23.8568441,90.3552212,23.8563555
way/1387944138,residential,no,,,,,110.6164239770453,90.356346,23.8577068,90.3562121,23.8567162
way/1387944139,residential,yes,,,,,99.7761516454042,90.3562006,23.8567178,90.3552326,23.8568525
way/1387944140,residential,yes,,,,,243.4208776399183,90.3562841,23.8567059,90.3558949,23.8545458
way/1387944141,residential,yes,,,,,94.29773220516971,90.3558949,23.8545458,90.3559732,23.8553828
way/1387944142,residential,yes,,,,,53.489823586484725,90.3561194,23.8562409,90.3562006,23.8567178
way/1387944143,residential,yes,,,,,310.4756827327067,90.3557888,23.8538673,90.3566561,23.8519578
way/1387944144,residential,no,,,,,75.95891824830728,90.3558949,23.8545458,90.3557888,23.8538673
way/1387959663,residential,yes,,,,,116.70334921305054,90.3559703,23.8548371,90.3571005,23.8546678
way/1387959664,residential,yes,,,,,116.63770651764393,90.3570921,23.8546148,90.3559625,23.8547838
way/1387959667,residential,no,,,,,10.158002496495767,90.3570959,23.8546383,90.3571938,23.8546211
way/1387959669,residential,no,,,,,104.10959827239117,90.3561038,23.8557195,90.3571175,23.8556034
way/1427161531,tertiary,yes,,,,,10.980598599219265,90.3593838,23.8583001,90.3594783,23.8582525
way/1427161532,tertiary,yes,,,,,11.5453558609021,90.3594678,23.8581399,90.3593548,23.8581473
way/502038763,residential,no,,,,,225.56819313437433,90.3517629,23.8643186,90.3539545,23.8640335
way/502038764,residential,no,,,,,226.58510146826856,90.351676,23.8637989,90.353878,23.8635159
way/502038778,residential,no,,,,,220.89696614249047,90.3511363,23.860571,90.3532822,23.8602901
way/502038779,residential,no,,,,,247.68806370163884,90.3541491,23.8618942,90.3537737,23.8596858
way/502038781,residential,no,,,,,247.8046554081185,90.3517595,23.8609994,90.3521226,23.8632106
way/502038782,residential,no,,,,,245.43657173545955,90.3522911,23.8609542,90.3526914,23.8631337
way/502038783,residential,no,,,,,247.71614489555668,90.3532068,23.8597633,90.3535779,23.8619723
way/502038784,residential,no,,,,,222.32990793674028,90.351221,23.8610776,90.3533812,23.8608022
way/1311508941,tertiary,yes,,,,,261.28217381542026,90.3509146,23.8592453,90.3485065,23.8599757
way/1387960837,residential,no,,,,,104.55926440316526,90.3506016,23.8592927,90.3502181,23.8585919
way/1387960838,residential,no,,,,,155.1702375685863,90.3490537,23.8592036,90.3505624,23.859015
way/1387978769,residential,no,,,,,164.5735409988647,90.3493798,23.8602762,90.350973,23.8600338
way/1387978770,residential,no,,,,,146.0096823679477,90.3496441,23.8607669,90.3510608,23.8605705
way/1427334466,tertiary,yes,,,,,568.7882092029527,90.3517629,23.8643186,90.3509146,23.8592453
way/502038767,residential,no,,,,,227.17952931164598,90.3564092,23.864889,90.3586171,23.8646059
way/502038770,residential,no,,,,,230.61164774442273,90.355056,23.8638909,90.3572942,23.8635846
way/502038773,residential,no,,,,,246.18337387742963,90.3571467,23.8625513,90.3574771,23.864752
way/502038775,residential,no,,,,,226.4583705351604,90.3560006,23.8621896,90.3581957,23.8618718
way/502038776,residential,no,,,,,227.0893893714016,90.3559164,23.8616836,90.3581195,23.8613774
way/502038777,residential,no,,,,,245.62032419720882,90.3560775,23.8626822,90.3557148,23.8604909
way/502038785,residential,no,,,,,366.8145854981536,90.354539,23.86066,90.3555828,23.8632782
way/1029199129,residential,no,,,,,57.92634604100982,90.3551527,23.8605685,90.3557148,23.8604909
way/1029199130,residential,no,,,,,249.9144911518317,90.3572037,23.85922,90.3575614,23.8614512
way/1029199131,residential,no,,,,,112.18777134806884,90.3557148,23.8604909,90.3568035,23.860341
way/1029199132,residential,no,,,,,248.49640751857098,90.3566297,23.8593032,90.3570008,23.8615196
way/1029199134,residential,no,,,,,246.55140508804797,90.3577066,23.8624762,90.3580556,23.8646779
way/1029202404,residential,no,,,,,30.66962632528418,90.3577075,23.858749,90.3576635,23.8584752
way/1217300141,tertiary,yes,,,,,42.35364165974346,90.3601872,23.8635298,90.3600877,23.8638993
way/1217300142,tertiary,yes,,,,,119.87414093596412,90.3606288,23.8645358,90.360285,23.8635235
way/1217300143,tertiary,no,,,,,14.584546515866395,90.3601987,23.8637381,90.3603414,23.8637281
way/1217300144,tertiary,yes,,,,,76.53712986203533,90.3600877,23.8638993,90.3601873,23.8645839
way/1217300146,tertiary,yes,,,,,93.34345263279398,90.3601987,23.8637381,90.3603212,23.8645729
way/1217300148,tertiary,yes,,,,,92.19805065697223,90.3604915,23.8645486,90.3603414,23.8637281
way/1387978768,residential,no,,,,,33.145062338557196,90.3557624,23.8590039,90.3557127,23.8587083
way/1412288769,tertiary,yes,,,,,23.389110941212827,90.3603414,23.8637281,90.360285,23.8635235
way/480809460,residential,no,,,,,1137.6003858049348,90.3559304,23.8693544,90.354305,23.8591977
way/502023379,residential,no,,,,,132.32235279855908,90.3528347,23.8716769,90.3515518,23.8714923
way/502023456,residential,no,,,,,247.84590036608634,90.3543009,23.8662463,90.3546499,23.8684598
way/502023459,residential,no,,,,,235.59261222838091,90.3534773,23.8686272,90.3557618,23.868301
way/502023478,residential,no,,,,,220.96440021833288,90.3537009,23.8691181,90.355845,23.8688208
way/502023481,residential,no,,,,,249.25415546431427,90.3565744,23.8659514,90.3562281,23.8637247
way/502023484,residential,no,,,,,248.0396418981713,90.3560071,23.866025,90.3556667,23.8638086
way/502023486,residential,no,,,,,309.03455240139664,90.3523259,23.8659845,90.3553258,23.8655767
way/502023488,residential,no,,,,,648.2048017535491,90.352482,23.8664822,90.3587804,23.8656653
way/502023491,residential,no,,,,,1106.9970418903501,90.3577743,23.8591372,90.3592987,23.8690283
way/502023494,residential,no,,,,,801.8959430605998,90.360709,23.8688512,90.3618103,23.8760166
way/502038752,residential,no,,,,,423.815118496895,90.3599364,23.8612462,90.3640507,23.8606896
way/502038761,residential,no,,,,,131.5686154701172,90.3528956,23.8641738,90.3530695,23.8653503
way/502038762,residential,no,,,,,132.45050269328647,90.3523438,23.8642429,90.3524965,23.8654299
way/502038765,residential,no,,,,,246.40430298771722,90.354159,23.865199,90.3538097,23.862999
way/502038766,residential,no,,,,,318.5613398125939,90.3521504,23.865478,90.3552413,23.8650486
way/502038771,residential,no,,,,,284.05608854792774,90.3544576,23.8634345,90.3572174,23.8630759
way/502038772,residential,no,,,,,245.84303176566308,90.3543704,23.8629259,90.3547201,23.865121
way/502038774,residential,no,,,,,288.5156275900139,90.3526117,23.8626281,90.3554153,23.8622668
way/502038780,residential,no,,,,,225.96316838715123,90.3525282,23.8620971,90.3547263,23.8618304
way/502038786,residential,no,,,,,688.550238128322,90.3515882,23.8632739,90.3582771,23.8623997
way/502038787,residential,no,,,,,233.08154822822084,90.3567156,23.859816,90.3544532,23.8601242
way/502038788,residential,no,,,,,1429.0438627203735,90.3509759,23.8596118,90.3510474,23.8600394
way/784962933,residential,no,,,,,430.29213089190625,90.3616324,23.8642752,90.3612366,23.861751
way/1026591494,tertiary,yes,,,,,548.4439970279692,90.3599049,23.8616295,90.365235,23.8609517
way/1026591495,tertiary,yes,,,,,520.5380468539837,90.3649509,23.8608968,90.3598888,23.8615237
way/1027215964,tertiary,yes,,,,,789.8013748532004,90.3609836,23.8687131,90.3620936,23.8757671
way/1027215975,tertiary,yes,,,,,1008.1717495359829,90.3486352,23.8602525,90.3581689,23.8584818
way/1027583023,residential,no,,,,,395.7850992389177,90.3614161,23.8686591,90.3608705,23.8651228
way/1027583029,tertiary,yes,অ্যাভেনিউ ৯,,,,618.8393404270547,90.3535714,23.8697475,90.3595883,23.868992
way/1027583033,tertiary,yes,অ্যাভেনিউ ৯,,,,615.2765063450715,90.3595634,23.8688922,90.3535826,23.8696531
way/1027583039,residential,no,,,,,836.1519604348279,90.3559304,23.8693544,90.3570876,23.8768247
way/1027583041,tertiary,yes,,,,,417.47972351926865,90.3610768,23.8687015,90.3605546,23.8649662
way/1028870911,tertiary,yes,,,,,1522.2107394945451,90.3551716,23.8770453,90.3517629,23.8643186
way/1028870912,tertiary,yes,,,,,1521.6247514014021,90.3516783,23.8643438,90.3549454,23.8771947
way/1089802513,residential,no,,,,,264.7589206876436,90.3535378,23.8708502,90.35611,23.8705135
way/1089802515,residential,no,,,,,251.4543368474347,90.356029,23.8700124,90.3535857,23.8703298
way/1089802525,residential,no,,,,,727.684731020604,90.3603252,23.875527,90.3592987,23.8690283
way/1089802534,residential,no,,,,,264.94248698389833,90.3593327,23.8723579,90.3589589,23.8699918
way/1089802545,residential,no,,,,,248.51032217718236,90.3555387,23.8705883,90.3559114,23.8728046
way/1089802546,residential,no,,,,,248.4781380762073,90.3553401,23.8728792,90.3549906,23.87066
way/1217300145,tertiary,yes,,,,,47.468973571348265,90.3601873,23.8645839,90.3602522,23.8650081
way/1217300147,tertiary,yes,,,,,46.972994660772365,90.3603212,23.8645729,90.3603828,23.864993
way/1217300149,tertiary,yes,,,,,46.71925618528916,90.3605546,23.8649662,90.3604915,23.8645486
way/1217300150,tertiary,yes,,,,,46.86517170482762,90.3606981,23.8649539,90.3606288,23.8645358
way/1311499932,tertiary,yes,অ্যাভেনিউ ৯,,,,191.11607783413837,90.36035,23.8688963,90.3622082,23.868663
way/1311499934,tertiary,yes,অ্যাভেনিউ ৯,,,,188.53621594914796,90.3621732,23.8685646,90.3603399,23.8687935
way/1311506259,residential,no,,,,,265.65683301075853,90.3588436,23.8724218,90.3584514,23.8700517
way/1333209645,residential,no,,,,,90.68051575180706,90.3608705,23.8651228,90.3617602,23.8651368
way/502023373,residential,no,,,,,141.363381427582,90.3527306,23.8683665,90.3513908,23.8686544
way/502023450,residential,no,,,,,169.36752316018357,90.3528193,23.8675006,90.3544632,23.8672757
way/502023452,residential,no,,,,,179.64492373981713,90.3526366,23.8669883,90.3543808,23.8667532
way/502023423,residential,no,,,,,221.7956292189868,90.3569222,23.8693254,90.3572211,23.871308
way/502023425,residential,no,,,,,222.5076135739614,90.3564344,23.869388,90.3567324,23.8713772
way/502023453,residential,no,,,,,247.03897011965375,90.3548797,23.8661712,90.3552106,23.8683797
way/502023461,residential,no,,,,,249.68427660914426,90.3561658,23.8670498,90.356503,23.8692816
way/502023463,residential,no,,,,,249.260641899219,90.3567263,23.8669823,90.3570646,23.8692101
way/502023466,residential,no,,,,,230.29892228816615,90.3555742,23.8671288,90.357811,23.8668328
way/502023468,residential,no,,,,,230.87084469452725,90.3554915,23.8666121,90.3577348,23.8663211
way/502023471,residential,no,,,,,244.76794096958028,90.3576576,23.8658109,90.3579947,23.8679979
way/502023474,residential,no,,,,,245.10425813095918,90.3585539,23.8679285,90.3582216,23.8657378
way/502023475,residential,no,,,,,227.99440685264526,90.3591188,23.8678616,90.3569028,23.8681445
way/502038768,residential,no,,,,,227.10790945592709,90.3564919,23.8654211,90.3586979,23.8651302
way/1027215969,tertiary,yes,,,,,187.24082312911523,90.3602522,23.8650081,90.3606981,23.8649539
way/1027583036,residential,no,,,,,357.53926836425074,90.3601841,23.8655569,90.3606904,23.8687497
way/1027583043,tertiary,yes,,,,,416.86095465758365,90.3603828,23.864993,90.3609836,23.8687131
way/1028870908,residential,no,,,,,228.12815682204985,90.3569784,23.8686424,90.3591988,23.8683802
way/1089802523,residential,no,,,,,143.31270274067393,90.3584514,23.8700517,90.3570565,23.8702164
way/1089802531,residential,no,,,,,244.71946309752607,90.3593692,23.8694755,90.3569911,23.8697828
way/1089802532,residential,no,,,,,101.74802221874111,90.3594418,23.8699352,90.3584514,23.8700517
way/1089802554,residential,no,,,,,244.58847820645062,90.3562544,23.8714462,90.3586256,23.8711041
way/1311499933,tertiary,yes,অ্যাভেনিউ ৯,,,,78.34191176288715,90.3595883,23.868992,90.36035,23.8688963
way/1311499935,tertiary,yes,অ্যাভেনিউ ৯,,,,79.88138024170178,90.3603399,23.8687935,90.3595634,23.8688922
way/502253568,residential,no,,,,,260.92248686147286,90.3727056,23.8516675,90.3723292,23.8493384
way/502253569,residential,no,,,,,313.0649075905794,90.3717907,23.8489416,90.3722207,23.851739
way/502253570,residential,no,,,,,355.25719251106455,90.3717238,23.8518124,90.3738743,23.8504461
way/1022891948,residential,no,,,,,127.22530677918789,90.3714291,23.8507672,90.3701961,23.8509456
way/1022891949,residential,no,,,,,130.67485973109862,90.3713049,23.8499024,90.3700409,23.8501001
way/501601001,residential,no,,,,,730.7880517832672,90.3650594,23.8537381,90.3660883,23.8602648
way/501601030,residential,no,,,,,478.0929296666675,90.3653697,23.8586705,90.3647174,23.8543979
way/501601042,residential,no,,,,,262.8998574861602,90.3669133,23.8592566,90.3665548,23.8569071
way/501601043,secondary,yes,অ্যাভেনিউ ২,,,,778.4596955190843,90.3654111,23.8607883,90.3642822,23.8538403
way/501601056,residential,no,,,,,244.71717912240416,90.3653675,23.8556928,90.3677478,23.8554021
way/501601071,residential,no,,,,,269.83716285134665,90.3679533,23.8567264,90.3675792,23.8543157
way/501601076,residential,no,,,,,794.3565087091185,90.3694929,23.8602761,90.3683938,23.8531791
way/501601081,residential,no,,,,,448.38783802596834,90.3655788,23.8570332,90.3699357,23.8564703
way/502047547,residential,no,,,,,212.31323648960452,90.3719926,23.8575241,90.3722688,23.8594232
way/502047549,residential,no,,,,,527.4644937366955,90.3720935,23.854994,90.3728119,23.8597079
way/502047550,residential,no,,,,,360.65019507335165,90.3692858,23.8589389,90.3693509,23.8560856
way/502047551,residential,no,,,,,262.9428434646358,90.366068,23.85697,90.3664453,23.8593174
way/502253566,residential,no,,,,,246.42062479304437,90.3724627,23.8501645,90.3748551,23.8498429
way/502253567,residential,no,,,,,294.9569628259614,90.3725356,23.8506154,90.3748551,23.8498429
way/502253585,residential,no,,,,,348.27252337484776,90.3661235,23.8540331,90.3695077,23.8535974
way/502253586,residential,no,,,,,347.8686423141569,90.3661951,23.854486,90.3695743,23.8540443
way/505021478,residential,no,,,,,454.1123682082477,90.3770221,23.8541411,90.3741754,23.8525232
way/1022891931,residential,no,,,,,785.45315726014,90.3694383,23.8531311,90.3704843,23.8601538
way/1022891933,tertiary,yes,,,,,557.8818187149966,90.3695707,23.853024,90.3641621,23.8537961
way/1022891935,tertiary,yes,,,,,557.3366131268899,90.3641719,23.8538612,90.3695787,23.8531132
way/1022891939,tertiary,yes,,,,,254.9369398077493,90.3720327,23.8527996,90.3745093,23.8524764
way/1022891940,tertiary,yes,,,,,252.02225293581554,90.3744727,23.8523797,90.3720236,23.852694
way/1022891942,tertiary,yes,,,,,607.5210284884432,90.3718406,23.8525778,90.3709993,23.8471502
way/1022891945,tertiary,yes,,,,,612.28709761282,90.3708794,23.8471617,90.3716816,23.8526375
way/1063596973,residential,no,,,,,481.39978246709916,90.3705556,23.8529031,90.3697889,23.8486172
way/1063596975,residential,no,,,,,103.6473015199873,90.3741827,23.8524169,90.3740354,23.8514914
way/1092525930,residential,no,,,,,142.7642297599618,90.3736293,23.8562357,90.3747198,23.8568888
way/1388159051,secondary,yes,অ্যাভেনিউ ২,2,paved,,647.1993960368553,90.3642822,23.8538403,90.3633807,23.8480589
way/1388159053,secondary,yes,অ্যাভেনিউ ২,,,,777.8804485412265,90.3641719,23.8538612,90.3652311,23.8608132
way/1388191110,secondary,yes,অ্যাভেনিউ ২,2,paved,,639.2668376802603,90.3632909,23.8481494,90.3641719,23.8538612
way/1427316670,tertiary,no,,,,,292.0806899191252,90.3728119,23.8597079,90.3715044,23.8576014
way/502253587,residential,no,,,,,226.28198306133186,90.3663622,23.8555713,90.3660409,23.8535508
way/502253588,residential,no,,,,,218.85730394439432,90.3658588,23.8556328,90.3655475,23.8536786
way/1388159054,tertiary,yes,,,,,41.624181462162475,90.3644764,23.8575803,90.3648811,23.8575298
way/1430292531,residential,no,,,,,68.3373080742785,90.3647174,23.8543979,90.3645748,23.8537978
way/502047544,residential,no,,,,,100.10816298612414,90.3722669,23.8561496,90.3712988,23.8563019
way/502047545,residential,no,,,,,99.53249452642595,90.3723313,23.856594,90.3713705,23.8567551
way/502047546,residential,no,,,,,99.9439408006502,90.3724034,23.8570199,90.3714329,23.8571495
way/502047548,residential,no,,,,,99.13197998356928,90.3724651,23.8574618,90.3715044,23.8576014
way/1022891927,residential,no,,,,,104.41900263163981,90.3688534,23.8561469,90.3698678,23.8560146
way/1022891928,residential,no,,,,,169.8935287377654,90.3690275,23.8541151,90.3692743,23.8556314
way/1022891929,residential,no,,,,,104.69542719165835,90.3687822,23.8556873,90.3698013,23.8555683
way/1022891934,tertiary,yes,,,,,90.94198614623843,90.3704552,23.8529156,90.3695707,23.853024
way/1022891936,tertiary,yes,,,,,122.394256528763,90.3704671,23.8529997,90.3716584,23.8528603
way/1022891937,tertiary,yes,,,,,91.41197155472454,90.3695787,23.8531132,90.3704671,23.8529997
way/1022891938,tertiary,yes,,,,,120.71009800532055,90.3716289,23.8527695,90.3704552,23.8529156
way/1022891941,tertiary,yes,,,,,65.13416414636349,90.3717817,23.8525817,90.3718846,23.852945
way/1038158762,tertiary,yes,,,,,65.25890804650697,90.3718846,23.852945,90.3717817,23.8525817
way/1063596974,residential,no,,,,,238.57493600690472,90.3717926,23.8522636,90.3741065,23.8519377
way/1083862907,tertiary,no,,,,,519.5961373851926,90.3715044,23.8576014,90.3707702,23.8529612
way/1261796375,residential,no,,,,,143.7361843215816,90.3722738,23.8561971,90.3736293,23.8562357
way/1261796376,residential,no,,,,,307.5344866721535,90.3717781,23.8562193,90.3709332,23.8539918
way/1388194344,residential,no,,,,,121.45287760722545,90.3715741,23.8518413,90.3703961,23.8520069
way/505021480,residential,no,,,,,123.56538563674381,90.3752273,23.8489609,90.3753803,23.8500671
way/505230177,residential,no,,,,,232.111318029287,90.3745598,23.8503453,90.3765957,23.8510665
way/1022624519,residential,no,,,,,97.74138654644211,90.3748972,23.8501347,90.3758451,23.8500008
way/505027646,residential,no,,,,,133.42251518382542,90.383284,23.8504037,90.3844722,23.8507697
way/505027647,residential,no,,,,,15.450885129215468,90.3831702,23.8503135,90.383284,23.8504037
way/505027648,residential,no,,,,,13.489871069172011,90.3830526,23.8502615,90.3831702,23.8503135
way/505515719,residential,no,,,,,13.13687919785574,90.3870127,23.8501648,90.3870568,23.8500534
way/1226055604,residential,no,,,,,51.24393220330757,90.3844722,23.8507697,90.3845506,23.851138
way/34151851,tertiary,no,জসিমউদ্দিন বাউনিয়া সড়ক,4,,,1187.046168608776,90.3862715,23.8551827,90.3934912,23.8614484
way/155986777,tertiary,no,বাউনিয়া সড়ক,,,,747.5313440579326,90.3877434,23.8487642,90.3862715,23.8551827
way/350961397,residential,no,Tafalia Main Road,,,,769.9619607304982,90.3783451,23.8541525,90.375582,23.8489146
way/498147123,residential,no,,,,,171.1734775614018,90.3802856,23.8582449,90.3805772,23.8597662
way/498147124,residential,no,,,,,334.9678178437784,90.3772518,23.858687,90.3804982,23.8582148
way/498147125,residential,no,,,,,411.18751093370406,90.3797278,23.8578388,90.3803386,23.8615068
way/498147127,residential,no,,,,,407.102788710132,90.3824197,23.8568667,90.3785334,23.8575366
way/498147130,residential,no,,,,,54.2445204920496,90.3778501,23.8580949,90.377932,23.8585786
way/498147134,residential,no,,,,,916.4268990592798,90.3842411,23.8572234,90.3753506,23.8584621
way/502339705,residential,no,,,,,316.63835191233113,90.3873204,23.8520186,90.3845506,23.851138
way/505021426,residential,no,,,,,495.67108748640885,90.3825231,23.85466,90.3798504,23.8573254
way/505021427,residential,no,,,,,198.60193670556114,90.3809307,23.8543591,90.3798396,23.8534216
way/505515720,residential,no,,,,,119.03675328779045,90.3875515,23.8505064,90.386678,23.8500841
way/1111929905,residential,no,,,,,41.31239571139946,90.3803077,23.8568043,90.3807081,23.8567461
way/1111929908,residential,no,,,,,339.26294224917825,90.3798215,23.8614085,90.3793015,23.8583844
way/498147120,residential,no,,,,,13.698035131360236,90.3785174,23.8566658,90.3784698,23.856781
way/498147121,residential,no,,,,,128.77996129876863,90.378612,23.8564929,90.3798079,23.8566019
way/498147122,residential,no,,,,,180.24233839721893,90.3771759,23.857417,90.3784698,23.856781
way/498147131,residential,no,,,,,99.24986441102159,90.3752303,23.8579499,90.3761986,23.8578542
way/498147132,residential,no,,,,,129.55732422407158,90.3754491,23.8570027,90.3766689,23.8569485
way/498147133,residential,no,,,,,276.25228566117653,90.3762703,23.8583103,90.3766362,23.8564357
way/505021476,residential,no,,,,,136.06629036382265,90.3755761,23.8544122,90.3765236,23.854671
way/505229566,residential,no,,,,,100.9470898002742,90.3755062,23.8540428,90.3764749,23.8538582
way/683248939,residential,no,,,,,21.44792909648802,90.3785174,23.8566658,90.378612,23.8564929
way/929799006,residential,no,Tafalia Main Road,,,,514.1411680009701,90.3747198,23.8568888,90.3783451,23.8541525
way/929799007,residential,no,,,,,60.982999919924254,90.3784356,23.8519963,90.3783858,23.8525443
way/1022891953,tertiary,yes,,,,,15.111157297998583,90.3745093,23.8524764,90.3744727,23.8523797
way/1222396677,residential,no,,,,,133.90614867287957,90.3801205,23.854216,90.3795795,23.8553166
way/1222396678,residential,no,,,,,163.82462989892528,90.3783451,23.8541525,90.3797726,23.8540722
way/1261796372,residential,no,,,,,84.24327576902948,90.3747395,23.854285,90.375563,23.8543508
way/1261796373,residential,no,,,,,129.61859453045727,90.3743505,23.8547315,90.3756119,23.8547873
way/498147126,residential,no,,,,,76.24010312462525,90.381369,23.8576151,90.3814584,23.8582982
way/498147128,residential,no,,,,,178.0630809675996,90.3809676,23.8583352,90.3807081,23.8567461
way/498147135,residential,no,,,,,255.21958227205081,90.3848742,23.8564156,90.3824197,23.8568667
way/502339708,residential,no,,,,,885.9919035661948,90.381272,23.8520478,90.3862183,23.8537217
way/505021428,residential,no,,,,,148.2584866110292,90.381024,23.8539614,90.3818948,23.8531183
way/1111929906,residential,no,,,,,374.6173122755369,90.3842881,23.8559997,90.3807081,23.8567461
way/1111929907,residential,no,,,,,69.70291159032244,90.3855325,23.8565777,90.3848742,23.8564156
way/1222396675,residential,no,,,,,83.17573624950992,90.3813477,23.8522043,90.3821303,23.8519914
way/1222396676,residential,no,,,,,64.76223194849538,90.3820916,23.8552265,90.3820834,23.8558109
way/1261796374,residential,no,,,,,94.33007155828764,90.3846425,23.8533848,90.3847214,23.8542328
way/1329351396,residential,no,,,,,346.0959215535913,90.382318,23.854507,90.3821303,23.8519914
way/1427316672,residential,no,,,,,75.93712483102733,90.3841638,23.8565418,90.3842411,23.8572234
way/501601079,tertiary,no,,,,,331.55460365295596,90.3656989,23.8608802,90.3661964,23.8638371
way/502038755,residential,no,,,,,315.73908171732455,90.3611868,23.8614555,90.3616324,23.8642752
way/1026591496,residential,no,,,,,32.56428721580276,90.3611263,23.8610739,90.3611693,23.8613651
way/1074831918,tertiary,no,,,,,44.11741526256323,90.3659351,23.864106,90.3661964,23.8638371
way/1079361752,tertiary,no,,,,,31.72598781217374,90.3658166,23.8633552,90.3660934,23.8632249
way/1367340497,secondary,yes,অ্যাভেনিউ ২,,,,404.19417318668746,90.3652649,23.8609766,90.3658209,23.8645882
way/1367340498,secondary,yes,অ্যাভেনিউ ২,,,,51.4131648738046,90.3659976,23.8645664,90.3659351,23.864106
way/1388149936,secondary,yes,অ্যাভেনিউ ২,,,,353.16363512394764,90.3659351,23.864106,90.3654325,23.8609526
way/1388149937,secondary,yes,অ্যাভেনিউ ২,,,,40.20444519337948,90.3652078,23.860883,90.3654605,23.8608773
way/1427162727,residential,no,,,,,35.00086031840798,90.3640507,23.8606896,90.3640935,23.861003
way/1427309683,tertiary,yes,,,,,27.340483666816485,90.3652133,23.8608463,90.3649509,23.8608968
way/1433304849,secondary,yes,অ্যাভেনিউ ২,,,,40.212726613983044,90.3654605,23.8608773,90.3652078,23.860883
way/502047528,residential,no,,,,,129.19266190598555,90.3719962,23.8609874,90.3711131,23.8601578
way/1026591486,tertiary,yes,,,,,64.9284344064769,90.3716947,23.8600824,90.3723243,23.8599927
way/1026591489,tertiary,yes,,,,,65.13043903381312,90.3723131,23.8599099,90.3716818,23.8600014
way/1026591491,tertiary,no,,,,,9.320297629368602,90.3707787,23.8601163,90.3707897,23.8601998
way/1026591492,residential,no,,,,,10.436297276152713,90.3694929,23.8602761,90.3695052,23.8603696
way/1427316669,tertiary,no,,,,,14.992176649305007,90.3728119,23.8597079,90.3728383,23.859841
way/1430292530,residential,no,,,,,102.47033130282892,90.370351,23.8592588,90.369355,23.8593855
way/498147110,residential,no,,,,,224.68119411585042,90.3738216,23.859716,90.3750927,23.8595822
way/498147114,residential,no,,,,,190.27561546864044,90.3738712,23.8607992,90.3757203,23.8605614
way/498147116,residential,no,,,,,192.50947397567754,90.3750845,23.8601026,90.3732137,23.8603432
way/501601070,residential,no,,,,,445.5267249432695,90.3660883,23.8602648,90.3704196,23.8597194
way/501601073,residential,no,,,,,242.70031060776898,90.3683072,23.8590757,90.3659491,23.8593818
way/501601075,residential,no,,,,,584.5065356555798,90.3657693,23.8612986,90.3714459,23.860546
way/501601078,residential,no,,,,,532.3025448834971,90.3695052,23.8603696,90.3702454,23.8651244
way/501644468,residential,no,,,,,448.9309502950244,90.3663957,23.8681033,90.3672421,23.8719301
way/502010157,tertiary,yes,অ্যাভেনিউ ৯,,,,362.52284962796375,90.3742197,23.8669622,90.3706969,23.8674177
way/502023498,residential,no,,,,,788.5675386573193,90.3625311,23.875767,90.3614355,23.86876
way/754423862,tertiary,yes,অ্যাভেনিউ ৯,,,,316.705556542717,90.3674069,23.8679699,90.3704863,23.8675841
way/1026591484,tertiary,yes,,,,,643.5928614428785,90.3654478,23.8609306,90.3716947,23.8600824
way/1026591485,tertiary,yes,,,,,282.7840937171931,90.3723243,23.8599927,90.3750713,23.8596327
way/1026591487,tertiary,yes,,,,,642.8961770912376,90.3716818,23.8600014,90.3654371,23.8608129
way/1026591488,tertiary,yes,,,,,284.625764095446,90.3750791,23.8595545,90.3723131,23.8599099
way/1028536464,tertiary,yes,অ্যাভেনিউ ৯,,,,317.52984256478544,90.3704717,23.8674577,90.3673878,23.8678675
way/1029269986,tertiary,yes,অ্যাভেনিউ ৯,,,,363.70997014860257,90.3707318,23.86755,90.3742629,23.8670723
way/1079361747,secondary,yes,অ্যাভেনিউ ২,,,,1126.4744744292072,90.3659013,23.8651474,90.3683051,23.8749316
way/1083862917,tertiary,no,,,,,868.2248089879133,90.3750972,23.8668617,90.3728383,23.859841
way/1116249839,residential,no,,,,,219.3477727307061,90.3695477,23.8670733,90.367423,23.8673902
way/1116249840,residential,no,,,,,232.65771112706983,90.3694853,23.8666524,90.3672265,23.8669577
way/1119851366,tertiary,yes,,,,,789.8022156042739,90.3621988,23.8757539,90.3610768,23.8687015
way/1203134030,secondary,yes,অ্যাভেনিউ ২,,,,1120.4738027034032,90.3687175,23.8748276,90.3660846,23.865147
way/1203134037,secondary,yes,অ্যাভেনিউ ২,,,,64.94454752445316,90.3660846,23.865147,90.3659976,23.8645664
way/1203134039,secondary,yes,অ্যাভেনিউ ২,,,,62.50453250745959,90.3658209,23.8645882,90.3659013,23.8651474
way/1218664995,residential,no,,,,,533.8939857114128,90.3734858,23.870509,90.3744533,23.8704007
way/1218666433,residential,no,,,,,102.87030171208377,90.3741637,23.8684335,90.3731648,23.8685642
way/1219441390,residential,no,,,,,49.77578655603914,90.3673549,23.8652654,90.3678419,23.8652999
way/1220464590,residential,no,,,,,367.7401531448594,90.3744533,23.8704007,90.3739695,23.867112
way/1307367535,residential,no,,,,,64.9139489659875,90.3670415,23.8706338,90.3676404,23.8704342
way/1307367536,residential,no,,,,,199.3394868464553,90.3672339,23.8709415,90.3661149,23.871997
way/1311499931,residential,no,,,,,154.94614079338885,90.3619187,23.8720292,90.3617761,23.8710658
way/1554501822,residential,no,Arab Ali Member Road,,,,412.8379336713797,90.3672421,23.8719301,90.363826,23.8714639
way/231495917,residential,no,,,,,373.52964284975667,90.3617602,23.8651368,90.3622678,23.8684752
way/231495920,residential,no,,,,,701.620161749252,90.3617602,23.8651368,90.365646,23.8680427
way/231495921,residential,no,,,,,319.05224050944923,90.3622593,23.865151,90.3621353,23.8676038
way/231495922,residential,no,,,,,414.00384665086574,90.3646721,23.8682373,90.3628987,23.8659866
way/231495923,residential,no,,,,,164.14496974224124,90.3629762,23.8664371,90.3626415,23.8675337
way/231495924,residential,no,,,,,143.12164793001298,90.3631229,23.8674609,90.3645159,23.8672963
way/231495925,residential,no,,,,,221.90821506300333,90.365152,23.8681736,90.3648309,23.8661929
way/480808512,residential,no,,,,,222.37746703740842,90.3661372,23.8680355,90.3658155,23.8660506
way/501637574,residential,no,,,,,101.94940497710239,90.366192,23.8656435,90.3668815,23.8652525
way/501637575,residential,no,,,,,165.46230270563447,90.364358,23.8662612,90.365962,23.8660295
way/501637591,residential,no,,,,,462.5933168635979,90.36636,23.8666207,90.3627682,23.8651618
way/502047561,residential,no,,,,,292.2554527404765,90.3628295,23.8655436,90.365258,23.8656888
way/1027583024,residential,no,,,,,245.3041954858478,90.3622057,23.8680668,90.3645866,23.8677406
way/1027583025,residential,no,,,,,331.5559374045997,90.3624426,23.8695675,90.3646692,23.8683252
way/1027583045,residential,no,,,,,10.057928025065891,90.3613239,23.8708684,90.361422,23.8708584
way/1027583046,tertiary,yes,অ্যাভেনিউ ৯,,,,324.35527674450236,90.3624067,23.8686195,90.3655592,23.8682159
way/1027583047,tertiary,yes,অ্যাভেনিউ ৯,,,,322.16284422909416,90.3655318,23.8681232,90.3624028,23.8685384
way/1027583051,residential,no,,,,,151.83959291089937,90.36636,23.8666207,90.3665699,23.8679773
way/1219441199,residential,no,,,,,367.3976011025552,90.3673523,23.8652653,90.3673549,23.8652654
way/1219441200,residential,no,,,,,47.99885152573137,90.3668815,23.8652525,90.3673523,23.8652653
way/1231605000,tertiary,yes,অ্যাভেনিউ ৯,,,,76.98464414136139,90.3623004,23.8684731,90.3623004,23.8684731
way/1307367538,residential,no,,,,,245.25710402327672,90.3647509,23.8687783,90.3623699,23.8691011
way/1307367540,residential,no,,,,,94.5274699262171,90.3635144,23.8702806,90.3644344,23.8701715
way/1307367541,residential,no,,,,,71.89241771136562,90.3635747,23.8706906,90.3642748,23.8706105
way/1307367542,residential,no,,,,,326.7709872930001,90.3633896,23.8694321,90.365003,23.8713721
way/1307367543,residential,no,,,,,258.2724959038204,90.3623064,23.8686934,90.3626658,23.8710006
way/1369834737,residential,no,,,,,172.06815810864876,90.3671173,23.8667901,90.3668815,23.8652525
way/1388141245,residential,no,,,,,161.95122421944146,90.3670463,23.8679134,90.36636,23.8666207
way/1388141246,residential,no,,,,,30.676023383778833,90.3658758,23.8664186,90.3661691,23.8663563
way/1388142777,tertiary,yes,অ্যাভেনিউ ৯,,,,170.08206611835314,90.3673878,23.8678675,90.3657363,23.8680893
way/1388142778,tertiary,yes,অ্যাভেনিউ ৯,,,,171.18281509499764,90.3657441,23.8681893,90.3674069,23.8679699
way/1388142779,tertiary,yes,অ্যাভেনিউ ৯,,,,71.7426766025203,90.3657441,23.8681893,90.3657441,23.8681893
way/1389470226,residential,no,,,,,53.97260441241113,90.3656602,23.8682475,90.3657318,23.8687301
way/1389470227,residential,no,,,,,126.62384770000747,90.3629207,23.8694911,90.3631214,23.8706188
way/1430276766,residential,no,,,,,294.6452652703528,90.3661399,23.8655682,90.3675816,23.8678415
way/501637586,residential,no,,,,,255.51795579965136,90.3713986,23.8697897,90.3711,23.8675002
way/1116249842,residential,no,,,,,147.4361369461943,90.3693933,23.8690604,90.3708166,23.8688215
way/1116249848,residential,no,,,,,48.082004968690704,90.3730992,23.8681345,90.3731648,23.8685642
way/1116249849,residential,no,,,,,141.25205651085025,90.3731648,23.8685642,90.3717925,23.8687438
way/1116249850,residential,no,,,,,245.0210175107585,90.3740996,23.8679974,90.3717162,23.8682875
way/1116249851,residential,no,,,,,286.7942790979734,90.371968,23.8699967,90.371574,23.8674361
way/1116249852,residential,no,,,,,53.002768220970786,90.3728991,23.86665,90.3729779,23.8671228
way/1218664996,residential,no,,,,,217.971612971166,90.3734858,23.870509,90.3731648,23.8685642
way/1218668548,residential,no,,,,,243.02477513138183,90.3705404,23.8669736,90.3728991,23.86665
way/1218668549,residential,no,,,,,81.14760562711908,90.3728991,23.86665,90.3727734,23.8659269
way/1218668550,residential,no,,,,,187.4540803195179,90.3732472,23.8657946,90.3739315,23.8669995
way/1218668551,residential,no,,,,,53.79682823533998,90.3727734,23.8659269,90.3732472,23.8657946
way/1218668552,residential,no,,,,,141.9571379622363,90.3732472,23.8657946,90.3734733,23.8670587
way/1218670255,residential,no,,,,,242.3794492221995,90.3704666,23.8664839,90.3728266,23.8662119
way/1218670256,residential,no,,,,,154.19841631923757,90.369621,23.867568,90.3694166,23.8661892
way/1218670257,residential,no,,,,,55.48766188044418,90.3699416,23.866353,90.3704666,23.8664839
way/1218670258,residential,no,,,,,108.43853404737729,90.3694358,23.8663189,90.3704737,23.866533
way/1218670565,residential,no,,,,,100.2906784715034,90.3705848,23.8673822,90.3704666,23.8664839
way/1218670576,residential,no,,,,,119.30308758284663,90.3701254,23.8675026,90.3699559,23.8664373
way/1218670577,residential,no,,,,,56.49582538786116,90.3699416,23.866353,90.3694166,23.8661892
way/1218671410,residential,no,,,,,89.39262039229854,90.3725487,23.870208,90.3734173,23.8700951
way/1218671414,residential,no,,,,,141.07682318329458,90.3719663,23.869784,90.3733403,23.8696281
way/1219439516,residential,no,,,,,172.62488384718083,90.3680881,23.8668412,90.3678419,23.8652999
way/1219439547,residential,no,,,,,190.1255406897863,90.3678419,23.8652999,90.3694166,23.8661892
way/1219477909,residential,no,,,,,531.1449472118136,90.3684789,23.8687279,90.3733259,23.8704906
way/1219477910,residential,no,,,,,234.62128384960775,90.3684789,23.8687279,90.3707553,23.8684108
way/1219477912,residential,no,,,,,242.3462626046213,90.3683409,23.8683167,90.3706946,23.8680038
way/1219477913,residential,no,,,,,49.6482261773561,90.3683409,23.8683167,90.3684789,23.8687279
way/1219477914,residential,no,,,,,87.35205894337838,90.3708166,23.8688215,90.370895,23.8696065
way/1219477915,residential,no,,,,,50.70918931643571,90.3682553,23.8678659,90.3683409,23.8683167
way/1219477916,residential,no,,,,,41.50175387207327,90.3706255,23.8676347,90.3706946,23.8680038
way/1219477917,residential,no,,,,,45.52193033322545,90.3706946,23.8680038,90.3707553,23.8684108
way/1219477918,residential,no,,,,,45.93643107409793,90.3707553,23.8684108,90.3708166,23.8688215
way/1245199955,residential,no,,,,,9.454279351658084,90.3699416,23.866353,90.3699559,23.8664373
way/1369835173,residential,no,,,,,245.81524950124705,90.3716486,23.8678824,90.3740397,23.8675896
way/1427246712,tertiary,yes,অ্যাভেনিউ ৯,,,,88.87078504415545,90.3705137,23.86761,90.3705137,23.86761
way/1427247347,residential,no,,,,,16.421297550863546,90.3733259,23.8704906,90.3734858,23.870509
way/498147104,residential,no,,,,,190.01997829510816,90.3754056,23.861121,90.3756738,23.862818
way/498147105,residential,no,,,,,66.54188029137103,90.3755088,23.860048,90.3757203,23.8605614
way/498147109,residential,no,,,,,92.88297699180113,90.3753506,23.8584621,90.3750433,23.8590905
way/498147111,residential,no,,,,,138.931680885543,90.3773443,23.8648461,90.3774163,23.8636089
way/498147115,residential,no,,,,,43.661911940560145,90.3750845,23.8601026,90.3755088,23.860048
way/1026591490,tertiary,yes,,,,,10.012622180216962,90.3750713,23.8596327,90.3750791,23.8595545
way/1083862908,residential,no,,,,,102.35028309612298,90.3761504,23.8621925,90.3771477,23.8620834
way/1083862910,residential,no,,,,,191.16416392057357,90.3762314,23.8627501,90.3759633,23.8610427
way/1083862916,residential,no,,,,,244.0278573321124,90.3771481,23.8609137,90.3793757,23.8609364
way/1083862922,residential,no,,,,,246.71792416022046,90.3750838,23.8628969,90.3774846,23.8626447
way/1116249843,residential,no,,,,,207.10653736112607,90.3753096,23.8646548,90.3770609,23.8647924
way/1427247348,residential,no,,,,,17.80462200996548,90.3759633,23.8610427,90.3757906,23.861067
way/1427247349,residential,no,,,,,146.71645004646592,90.3757906,23.861067,90.3743674,23.8612667
way/1427247350,residential,no,,,,,56.481565951154515,90.3757203,23.8605614,90.3757906,23.861067
way/1427247351,residential,no,,,,,51.57047702449298,90.3749996,23.8596438,90.3750845,23.8601026
way/1490150581,residential,no,,,,,9.988348466384789,90.3770502,23.860918,90.3771481,23.8609137
way/1490150582,residential,no,,,,,199.50162791304783,90.3772276,23.8626296,90.3770502,23.860918
way/1490150583,residential,no,,,,,103.8950929163343,90.3769724,23.8609168,90.3759633,23.8610427
way/24925583,residential,no,সড়ক ২০এ,,,,251.838675199694,90.3858718,23.8643792,90.3871661,23.8624491
way/34151797,residential,no,,,,,217.75062539124178,90.3855955,23.8612529,90.3857177,23.8593309
way/480810627,residential,no,,,,,408.31078458733657,90.3859346,23.8642781,90.3858113,23.8614068
way/480810662,residential,no,,,,,252.01843281488578,90.385508,23.864082,90.3868221,23.8621557
way/496412992,residential,no,,,,,145.27030355970476,90.3849517,23.86226,90.3852375,23.8610077
way/496413529,residential,no,,,,,95.3148844064081,90.3866674,23.8604645,90.3870711,23.8597078
way/496413694,residential,no,,,,,110.30188894761886,90.3859316,23.8614972,90.3861592,23.8605272
way/504665399,residential,no,,,,,86.37789708518451,90.3852139,23.8639882,90.3844873,23.8640155
way/688503765,residential,no,,,,,153.56652893413863,90.3862784,23.8629172,90.3849517,23.86226
way/1053553572,residential,no,,,,,50.165926531953815,90.3848879,23.8648185,90.3853074,23.8646571
way/1053553573,residential,no,,,,,51.17887771223258,90.3852215,23.8640212,90.3849011,23.8643441
way/24543976,tertiary,yes,গাউসুল আজম এভিনিউ,,,,899.0035563781269,90.3839123,23.8693228,90.3927318,23.8694835
way/24544080,tertiary,yes,শাহ মখদুম এভিনিউ,,asphalt,,542.9756577682066,90.3839254,23.8741421,90.3840266,23.869243
way/24718770,residential,no,সড়ক ৯সি,,,,380.88739929871315,90.3865271,23.8634167,90.3902634,23.8635011
way/24718821,residential,no,সড়ক ৯ডি,,,,143.87816000950835,90.3868582,23.863,90.3882688,23.8630534
way/24718882,residential,no,সড়ক ১০ সেক্টর ১৪,,,,308.7702694699147,90.388814,23.8650414,90.3857846,23.865005
way/24718925,residential,no,সড়ক ১৩,,,,429.2024679520272,90.3898784,23.8663142,90.3856674,23.8662564
way/24718955,residential,no,সড়ক ১৪,,,,431.60161029033804,90.3898582,23.8667409,90.3856246,23.8666314
way/24718959,residential,no,সড়ক ১৫,,,,648.0568143586947,90.3903389,23.8671694,90.3839824,23.8670642
way/24718969,residential,no,সড়ক ১১,,,,307.65804871340157,90.3887783,23.8654715,90.3857596,23.865434
way/24718995,residential,no,সড়ক ১৬,,,,474.98918996679095,90.3886309,23.8675505,90.3839705,23.8674829
way/24718999,residential,no,সড়ক ১৭,,,,472.73458336474465,90.3886158,23.8679734,90.3839777,23.8678926
way/24719071,residential,no,সড়ক ১৯,,,,479.3197150857478,90.3885609,23.8687914,90.3839641,23.8687289
way/24719117,residential,no,সড়ক ২০,,,,85.1044503882953,90.3857759,23.8651413,90.3858718,23.8643792
way/24925584,residential,no,সড়ক ৯/এ,,,,286.8522100470911,90.3888275,23.8643697,90.3860286,23.8641741
way/34150669,residential,no,,,,,384.18212810651374,90.3845957,23.8693308,90.3845734,23.872796
way/34150674,residential,no,সড়ক ৫,,,,580.430312714662,90.3902919,23.8699427,90.3845967,23.869862
way/34150689,residential,no,,,,,326.0537625773193,90.3870071,23.8699014,90.3869626,23.8728434
way/34150723,residential,no,সড়ক ১৮,,,,333.3780281206402,90.3845639,23.8711456,90.3878354,23.8711634
way/34151604,residential,no,সড়ক ১,,,,786.0609490614431,90.3832058,23.8741282,90.3833708,23.867036
way/34151616,residential,no,সড়ক ৩,,,,295.5275314405337,90.3833239,23.8690513,90.380424,23.869025
way/34151621,residential,no,সড়ক ৪,,,,404.6265890726759,90.3833136,23.8694942,90.3793444,23.8693936
way/34151625,residential,no,সড়ক ৫,,,,403.7635116056796,90.3833043,23.8698932,90.3793436,23.8697913
way/34151626,residential,no,সড়ক ৬,,,,402.74048864893365,90.3832945,23.8703174,90.3793429,23.870255
way/34151636,residential,no,সড়ক ৬এ,,,30,365.62168849264435,90.3806217,23.870272,90.3805782,23.8735713
way/34151644,residential,no,সড়ক ৬বি,,,30,323.96065858977124,90.3802144,23.8702648,90.3801566,23.8731879
way/34151656,residential,no,সড়ক ৯,,,,271.1560083890394,90.383266,23.8715416,90.380606,23.8714761
way/34151657,residential,no,সড়ক ৮,,,,271.5737051526084,90.3832752,23.8711454,90.3806112,23.8710763
way/34151661,residential,no,সড়ক ৭,,,,271.9878234385009,90.3832853,23.8707128,90.3806165,23.8706751
way/34151766,residential,no,,,,,659.0567543304383,90.3833545,23.8647978,90.3770609,23.8647924
way/34151771,residential,no,,,,,435.20870734731363,90.3811816,23.8648343,90.3782357,23.8675164
way/34151796,residential,no,সারোয়ার এভিনিউ,,,,478.6018740214645,90.3890633,23.8634879,90.3852375,23.8610077
way/375512654,residential,no,সড়ক ৯বি,,,,406.45903181625476,90.3902645,23.8639216,90.3862884,23.8637613
way/436799669,residential,no,,,,,199.26633250243444,90.3858358,23.8645438,90.3877889,23.8645922
way/439460347,tertiary,yes,সড়ক ৬সি,,,40,406.15395971334493,90.3796228,23.8741857,90.3796909,23.8705209
way/441001332,residential,no,,,,,50.231448552843375,90.3861907,23.8650082,90.3862091,23.8645552
way/448164156,residential,no,সড়ক ১৮,,,,492.7955557985834,90.3839756,23.8683092,90.3884031,23.8679655
way/480810481,residential,no,,,,,144.18740635167208,90.3852653,23.8653438,90.385508,23.864082
way/496413368,residential,no,,,,,136.13011329001966,90.3874087,23.8604958,90.3861592,23.8605272
way/496413603,residential,no,,,,,193.9285186714241,90.3859992,23.859186,90.3876242,23.8598238
way/501960477,residential,no,,,,,159.56372194352153,90.3793921,23.8683704,90.3809434,23.8685661
way/501960478,residential,no,,,,,201.26557865112315,90.3794365,23.8679848,90.381394,23.8682264
way/501960479,residential,no,,,,,199.4663043122431,90.379495,23.8676018,90.3814369,23.8678278
way/501960481,residential,no,,,,,151.25084609745494,90.3798069,23.8672531,90.3810507,23.8669693
way/501960482,residential,no,,,,,349.0232773513684,90.3793075,23.8690372,90.3810789,23.8673753
way/502064394,residential,no,,,,,383.0356055431566,90.3797631,23.8646001,90.3795621,23.8622156
way/502555132,residential,no,সড়ক ১২,,,,361.8232614550508,90.3892419,23.8658958,90.3856932,23.8658288
way/592186938,residential,no,,,,,85.30170104859621,90.3835577,23.8655443,90.3833545,23.8647978
way/1061582317,tertiary,yes,গাউসুল আজম এভিনিউ,,,,1013.4040285346738,90.393771,23.8692569,90.383914,23.869244
way/1095307569,tertiary,yes,সড়ক ৬সি,,,40,413.49496489928737,90.3795758,23.8705223,90.3794986,23.8742532
way/1133441817,tertiary,yes,শাহ মখদুম এভিনিউ,,asphalt,,550.7597029039908,90.383964,23.8691888,90.3838123,23.8741414
way/1219436074,residential,no,,,,,173.29270262121605,90.3805011,23.8665634,90.3815893,23.8659132
way/1222394842,residential,no,Kadam Ali Road,,,,187.4060474542374,90.3763568,23.8644721,90.3753067,23.8653271
way/1226372081,residential,no,,,,,91.00239885488214,90.3876168,23.8586394,90.3867289,23.8585521
way/1427316671,residential,no,,,,,153.4419729117976,90.3793757,23.8609364,90.3808676,23.8607694
way/409576948,tertiary,yes,,,,,662.3621793417724,90.3750772,23.8669741,90.3795758,23.8705223
way/439460448,residential,no,সড়ক ৩,,,30,109.58342598796187,90.380424,23.869025,90.3793487,23.869036
way/439460615,residential,no,,,,,142.27085097726945,90.3793429,23.8703199,90.3793487,23.869036
way/480809625,tertiary,yes,,,,,549.0119157076114,90.3796909,23.8705209,90.3759531,23.8674878
way/480809808,residential,no,,,,,403.01954866951564,90.3782166,23.869094,90.3768826,23.8675883
way/480809893,residential,no,,,unpaved,,142.8172072570603,90.376816,23.8690505,90.3782166,23.869094
way/480809917,residential,no,,,,,134.44169197583506,90.3787939,23.8703321,90.3788079,23.8691189
way/480810004,residential,no,,,unpaved,,78.79435087787674,90.3776152,23.8697792,90.3776267,23.8690682
way/480810026,residential,no,,,unpaved,,178.2257195390242,90.3764705,23.8685951,90.3782189,23.8686358
way/480810057,residential,no,,,,,205.77528487920605,90.3762062,23.8681026,90.3782247,23.8681549
way/501960480,residential,no,,,,,51.02395229273801,90.3802854,23.8668898,90.3805011,23.8665634
way/502010158,residential,no,,,,,229.41595064700493,90.3759833,23.8675773,90.3782345,23.8675898
way/1019531171,tertiary,yes,,,,,128.72217651300977,90.3759531,23.8674878,90.3750972,23.8668617
way/1102458271,residential,no,,,,,121.71001300373209,90.3781792,23.8701917,90.3782166,23.869094
way/1102458272,residential,no,,,,,116.22869552595589,90.3782166,23.869094,90.3793487,23.869036
way/1116249845,tertiary,yes,,,,,83.69186782408747,90.3742629,23.8670723,90.3750772,23.8669741
way/1116249846,tertiary,yes,,,,,83.89559809916274,90.3750366,23.8668682,90.3742197,23.8669622
way/1116249847,tertiary,yes,,,,,6.217325855061672,90.3750972,23.8668617,90.3750366,23.8668682
way/1218663129,residential,no,,,,,86.28834022873454,90.3794104,23.8681968,90.3785697,23.8681038
way/1219435840,residential,no,,,,,78.10920586011439,90.3786118,23.8684614,90.3793717,23.8685537
way/1304653320,residential,no,,,,,15.083537578835651,90.3795462,23.8703778,90.3796213,23.8702605
way/1304653321,tertiary,no,,,,,56.76679656268043,90.3751445,23.8665636,90.3755452,23.8669173
way/1495361602,residential,no,,,,,197.51045045341388,90.3760564,23.8710459,90.3744533,23.8704007
way/24718898,residential,no,সড়ক ২০,,,,458.0099510924268,90.3857759,23.8651413,90.3855443,23.8692652
way/34150724,residential,no,সড়ক ১৯,,,,246.9136745595643,90.3845708,23.8706984,90.3869935,23.8707368
way/34150728,residential,no,সড়ক ২০,,,,246.25136425183925,90.3845897,23.8703084,90.3870062,23.8703231
way/34151607,residential,no,,,,,65.55453889122302,90.383964,23.8691888,90.3833207,23.8691908
way/34151615,residential,no,সড়ক ২,,,30,126.24410297353052,90.3833332,23.8686537,90.3820945,23.8686355
way/34151688,residential,no,সড়ক ২১,,,,192.48538998425911,90.3852653,23.8653438,90.3851456,23.8670774
way/34168600,residential,no,সড়ক ২২,,,,181.68164609045925,90.3847802,23.8654279,90.3846639,23.867064
way/439460717,residential,no,,,,30,62.40315162211422,90.3839824,23.8670642,90.3833708,23.867036
way/502059109,residential,no,,,,,96.97052008513528,90.3832816,23.8654013,90.3823455,23.8654222
way/502064393,residential,no,,,,,130.28210329027422,90.3832146,23.8660262,90.3819503,23.8661587
way/502553753,residential,no,,,,,50.40398183719382,90.3857759,23.8651413,90.3852829,23.8651046
way/592186935,residential,no,,,,,13.87086191970756,90.3832622,23.8655252,90.3832816,23.8654013
way/592186936,residential,no,,,,,31.881409420874157,90.3835577,23.8655443,90.3832622,23.8655252
way/592186937,residential,no,,,,,56.715300397594916,90.3832622,23.8655252,90.3832146,23.8660262
way/592186939,residential,no,,,,,82.46417237983707,90.3843669,23.8655391,90.3835577,23.8655443
way/592186940,residential,no,,,,,172.6161232170989,90.3842262,23.8670595,90.3843669,23.8655391
way/592188353,residential,no,সড়ক ২,,,30,45.34640085010094,90.3820945,23.8686355,90.3820535,23.8690328
way/592188354,residential,no,সড়ক ১এ,,,,206.00641529141862,90.3833677,23.867169,90.3828423,23.8686475
way/1133441816,tertiary,yes,শাহ মখদুম এভিনিউ,,,,8.761477560805906,90.3840266,23.869243,90.383964,23.8691888
way/1133441818,tertiary,no,শাহ মখদুম এভিনিউ,,,,235.4621008947322,90.3839824,23.8670642,90.383964,23.8691888
way/1137180538,residential,no,,,,,34.097650129589056,90.3843982,23.8660911,90.3847304,23.8661279
way/1223996913,residential,no,,,,,204.39995445533145,90.3807243,23.8666726,90.3816649,23.8653051
way/502023377,residential,no,,,,,114.19768140748344,90.3526711,23.8735044,90.3515534,23.8734344
way/1089802542,residential,no,,,,,264.46540801503187,90.3535938,23.8731072,90.3539596,23.87547
way/1089802551,residential,no,,,,,264.048287537012,90.3544816,23.875398,90.3541243,23.8730379
way/1102458273,residential,no,,,,,187.88544109940167,90.3529347,23.8755256,90.3512669,23.8752793
way/1427245464,residential,no,,,,,11.87679803999491,90.3542371,23.876387,90.3543502,23.8763611
way/1427245470,residential,no,,,,,205.65464048544646,90.3512669,23.8752793,90.3517182,23.876607
way/1427249277,residential,no,,,,,140.57000709104057,90.3517182,23.876607,90.3519403,23.875355
way/480809364,residential,no,,,,,244.05395861673802,90.359882,23.8727216,90.357513,23.8730452
way/1027583028,residential,no,,,,,244.0464645110572,90.3568192,23.8750918,90.359188,23.8747672
way/1029199135,tertiary,yes,,,,,37.2979303025436,90.3549576,23.8773155,90.354972,23.8770119
way/1089802524,residential,no,,,,,218.19755931096608,90.3564522,23.8760677,90.3561634,23.8741166
way/1089802526,residential,no,,,,,244.37461446846189,90.3599454,23.8731226,90.3575748,23.8734559
way/1089802527,residential,no,,,,,218.46507304616915,90.3556912,23.8741802,90.3559697,23.876135
way/1089802535,residential,no,,,,,217.06067711646116,90.3597836,23.8756026,90.3594952,23.8736618
way/1089802536,residential,no,,,,,46.21531511347977,90.3593352,23.8756652,90.3597836,23.8756026
way/1089802538,residential,no,,,,,297.14263437022163,90.3564522,23.8760677,90.3593352,23.8756652
way/1089802547,residential,no,,,,,263.5920615424484,90.3569737,23.8726659,90.3573105,23.8750244
way/1089802549,residential,no,,,,,244.4583136930322,90.3568881,23.8755371,90.3592608,23.8752113
way/1089802552,residential,no,,,,,245.0317405459283,90.356319,23.8718628,90.3586994,23.8715501
way/1089802553,residential,no,,,,,245.4708506287648,90.3563823,23.8722716,90.3587676,23.8719624
way/1231604998,secondary,yes,,,,,97.36997330728266,90.3547764,23.8775207,90.3555402,23.8770586
way/1311499936,residential,no,,,,,244.7156354122185,90.3600201,23.8735957,90.3576408,23.8738953
way/1311499939,residential,no,,,,,55.820994958328136,90.3597836,23.8756026,90.3603252,23.875527
way/1311506255,residential,no,,,,,49.72883549286616,90.3559697,23.876135,90.3564522,23.8760677
way/1311506256,residential,no,,,,,117.11829124722088,90.359188,23.8747672,90.3590166,23.8737221
way/1311506257,residential,no,,,,,263.25188306202034,90.3577925,23.8749584,90.3574468,23.8726041
way/1311506258,residential,no,,,,,100.63249067870653,90.3593352,23.8756652,90.359188,23.8747672
way/1389890171,tertiary,yes,,,,,59.05191731219167,90.3546477,23.8768385,90.3548596,23.8773134
way/1427242621,residential,no,,,,,42.4550917675463,90.3545188,23.8765464,90.3547767,23.8763016
way/1427245466,secondary,yes,,,,,28.809513279536613,90.3549454,23.8771947,90.3551716,23.8770453
way/1427245468,secondary,yes,,,,,42.376746106207406,90.3555767,23.8769591,90.3551716,23.8770453
way/1427245469,secondary,yes,,,,,37.91031307075006,90.3549454,23.8771947,90.3547197,23.8774658
way/502023428,residential,no,,,,,200.76320128289422,90.3533094,23.8726253,90.3552587,23.8723624
way/502023430,residential,no,,,,,185.4945895445284,90.3533764,23.872089,90.3551773,23.8718452
way/502023437,residential,no,,,,,672.453239885764,90.3532811,23.873148,90.3598146,23.872295
way/502056231,residential,no,,,,,309.4935534607309,90.3605978,23.8842181,90.3626421,23.8830721
way/1028535993,secondary,yes,সোনারগাঁও জনপথ,,,,636.2030794264614,90.3617543,23.8761273,90.3555767,23.8769591
way/1089802521,secondary,yes,সোনারগাঁও জনপথ,,,,732.246931114232,90.3552235,23.8778883,90.3616673,23.8762286
way/1089802528,residential,no,,,,,239.92838405783965,90.3565253,23.8731949,90.3541945,23.8735014
way/1089802539,residential,no,,,,,224.9446722683999,90.3558381,23.875211,90.353655,23.875512
way/1089802540,residential,no,,,,,240.24064689098378,90.3566578,23.8740501,90.3543251,23.8743643
way/1089802548,residential,no,,,,,240.0826645383587,90.3565887,23.873604,90.3542574,23.8739171
way/1089802550,residential,no,,,,,166.91708859424784,90.3543502,23.8763611,90.3559697,23.876135
way/1427245465,residential,no,,,,,10.471565364424976,90.3544424,23.8766096,90.3545188,23.8765464
way/502049450,residential,no,,,,,471.41808301673024,90.3645176,23.8880731,90.3600608,23.8878082
way/502056234,residential,no,,,,,361.0621158602297,90.360406,23.8853657,90.3639161,23.8850859
way/508120219,residential,no,,,,,1075.3079286565464,90.35842,23.9011426,90.3576377,23.897305
way/508123404,residential,no,,,,,186.10210107427443,90.360155,23.8991283,90.3600517,23.8974767
way/643751333,residential,no,,,,,694.6583876890359,90.3675485,23.8894036,90.36075,23.8891786
way/650382662,residential,no,,,,,378.04261319709764,90.3656973,23.8748276,90.3656912,23.8722004
way/1089672344,secondary,yes,সোনারগাঁও জনপথ,,,,119.41566520055883,90.3625867,23.8760305,90.3617543,23.8761273
way/1205447542,residential,no,,,,,84.35476600898936,90.364094,23.8750343,90.3639865,23.8742795
way/1205447543,residential,no,,,,,83.36086563371009,90.3646079,23.87497,90.3645058,23.8742236
way/1205447544,residential,no,,,,,80.70698102358016,90.3632407,23.874641,90.3640249,23.8745389
way/1205447546,residential,no,,,,,55.8456231869791,90.363304,23.8751416,90.3632407,23.874641
way/1205447547,residential,no,,,,,39.6652556649684,90.3632407,23.874641,90.3631788,23.8742876
way/1205447548,residential,no,,,,,11.539202773204668,90.3631926,23.8751603,90.363304,23.8751416
way/1205447550,residential,no,,,,,52.848772194566536,90.364094,23.8750343,90.3646079,23.87497
way/1205447551,residential,no,,,,,83.17533190158613,90.3651265,23.8749071,90.3650296,23.8741618
way/1205447552,residential,no,,,,,58.82771953112463,90.3651265,23.8749071,90.3656973,23.8748276
way/1205447553,residential,no,,,,,51.86447017515467,90.3657696,23.8752909,90.3656973,23.8748276
way/1205447554,residential,no,,,,,106.79806249070587,90.3656973,23.8748276,90.3655483,23.8738736
way/1205447555,residential,no,,,,,81.37409394987117,90.363304,23.8751416,90.364094,23.8750343
way/1205447556,residential,no,,,,,53.30286676954589,90.3646079,23.87497,90.3651265,23.8749071
way/1307367546,residential,no,,,,,31.446319879088392,90.3616126,23.8720652,90.3619187,23.8720292
way/1311499929,residential,no,,,,,18.29788639912347,90.3623577,23.8757981,90.3625311,23.875767
way/1311499930,residential,no,,,,,33.31829643257721,90.3625949,23.8755213,90.3628759,23.8756561
way/1427245467,secondary,no,,,,,14.335754367552674,90.3616673,23.8762286,90.3617543,23.8761273
way/1427249275,secondary,no,,,,,12.850819625794607,90.3625867,23.8760305,90.3626629,23.8761194
way/501637542,residential,no,,,,,79.99959880240341,90.3713022,23.8743277,90.3705499,23.8741253
way/501637544,residential,no,,,,,95.58023227254341,90.3712674,23.8744499,90.3713022,23.8735931
way/501637545,residential,no,,,,,51.44174600138202,90.3707182,23.8745106,90.3707123,23.8749748
way/501637551,residential,no,,,,,289.4619074271157,90.3683957,23.8735791,90.3709951,23.8725936
way/501637553,residential,no,,,,,512.1019317233206,90.3686354,23.8747581,90.3736049,23.8741682
way/1203134032,secondary,yes,সোনারগাঁও জনপথ,,,,329.4826849836558,90.3690445,23.8750036,90.3690445,23.8750036
way/1221820204,residential,no,,,,,76.32715277615408,90.3704145,23.8761494,90.3698452,23.8757636
way/1221820215,residential,no,,,,,28.85627074171481,90.3735724,23.8755312,90.3738442,23.8756043
way/1221820216,residential,no,,,,,96.62822442698149,90.3726004,23.8751833,90.3727525,23.8760432
way/1303801933,residential,no,,,,,28.955673334907793,90.37306,23.8744256,90.373103,23.8746839
way/1303801949,residential,no,,,,,27.842212413862953,90.3719331,23.8745844,90.3719391,23.8748356
way/1303801950,residential,no,,,,,50.54421960735315,90.3723201,23.8743362,90.372313,23.8747921
way/1303801951,residential,no,,,,,292.8785626209772,90.3723504,23.8726362,90.3712416,23.8749167
way/1307367534,residential,no,,,,,23.038511824797922,90.3698604,23.8748529,90.3698777,23.8750602
way/1311499928,residential,no,,,,,49.46851428316447,90.3693802,23.8770885,90.3698565,23.8770112
way/1389471571,residential,no,,,,,44.5554203876351,90.3689717,23.8749343,90.3694046,23.8748856
way/1389471572,residential,no,,,,,27.23368004957509,90.3698844,23.8748501,90.3698647,23.874605
way/1389471573,residential,no,,,,,23.249483461448513,90.370019,23.8750457,90.3700002,23.8748366
way/1389471574,residential,no,,,,,27.205277085523605,90.3700353,23.8748326,90.3700242,23.8745873
way/1389472269,residential,no,,,,,62.58313720886182,90.3683694,23.8762796,90.3684373,23.8757322
way/1389472270,residential,no,,,,,47.55029301516164,90.3691969,23.8759991,90.3690363,23.8755962
way/1389890170,residential,no,,,,,100.2772670813651,90.3695575,23.8754956,90.3705369,23.8754074
way/306064953,residential,no,,,,,893.1541605066424,90.3749697,23.8893613,90.3714206,23.8834409
way/306064968,residential,no,,,,,487.29701177541784,90.3775132,23.8729253,90.372941,23.8720724
way/409576952,secondary,yes,সোনারগাঁও জনপথ,,,,570.0560839355832,90.3681196,23.8752703,90.3625867,23.8760305
way/439458897,tertiary,no,Diabari Road,,,,818.114634637849,90.3709004,23.8820831,90.3707243,23.8750835
way/439459182,residential,no,,,,30,221.83385718951521,90.3696308,23.8845073,90.3717434,23.8849753
way/439691163,residential,no,Naya Nagar Road,,,30,406.36571367865844,90.3724221,23.8831516,90.3748742,23.8811704
way/501637564,residential,no,,,,,611.7397390899404,90.3683051,23.8749316,90.3625088,23.8758978
way/502056233,residential,no,,,,,130.50191867408162,90.3622565,23.8853228,90.3620499,23.8841984
way/502070945,residential,no,,,,,106.87651003869236,90.3627661,23.885248,90.3626849,23.8842864
way/502275494,residential,no,,,,,597.6456141687039,90.3761888,23.8764082,90.3705847,23.877212
way/681269513,secondary,yes,সোনারগাঁও জনপথ,,,,982.1445564370172,90.3786396,23.8739623,90.3691005,23.875085
way/698253117,residential,no,,,,,862.1747160565099,90.3773796,23.8740766,90.3693595,23.8746608
way/1089802522,secondary,yes,সোনারগাঁও জনপথ,,,,562.8242443444443,90.3626629,23.8761194,90.3681279,23.8753831
way/1203134031,secondary,yes,সোনারগাঁও জনপথ,,,,980.5873583570118,90.3691498,23.8753576,90.3786308,23.8741865
way/1221743612,residential,no,,,,,471.88418365275425,90.366485,23.8878058,90.3687485,23.8844271
way/1221743613,residential,no,,,,,319.44948590111886,90.3670321,23.8870613,90.3682085,23.8845151
way/1221743614,residential,no,,,,,80.66939676464774,90.3630622,23.8852143,90.3629905,23.8844893
way/1221820195,residential,no,,,,,729.7013711902121,90.3703469,23.8813503,90.3639884,23.8803962
way/1221820198,residential,no,,,,,413.97819468045066,90.3669823,23.8798746,90.3679839,23.8764153
way/1221820200,residential,no,,,,,470.75391214852135,90.3680615,23.876388,90.3682937,23.8804715
way/1221820201,residential,no,,,,,90.99690791030886,90.3680188,23.877614,90.3686401,23.8781618
way/1221820202,residential,no,,,,,291.15854519198734,90.3693579,23.8759917,90.3695511,23.8785858
way/1221820210,residential,no,,,,,202.37903646691794,90.3731072,23.8800043,90.3749466,23.8805143
way/1221820211,residential,no,,,,,160.24613937278292,90.3742206,23.881495,90.3740633,23.8800813
way/1221820214,residential,no,,,,,207.16539591749142,90.3739821,23.8766152,90.374665,23.8752314
way/1221820217,residential,no,,,,,342.079427816233,90.3729074,23.8853359,90.3735918,23.8827351
way/1221820218,residential,no,,,,,176.3825255987698,90.3744923,23.8847139,90.3728036,23.8844369
way/1221820259,residential,no,,,,,109.98889515752529,90.373481,23.8836527,90.3745585,23.8836476
way/1307367537,residential,no,Arab Ali Member Road,,,,69.90859397516445,90.3672421,23.8719301,90.3679173,23.8720418
way/1389890172,residential,no,,,,,817.462368836812,90.3618451,23.8785238,90.3693579,23.8759917
way/1442732764,residential,no,,,,,89.70860605890148,90.3671864,23.8775873,90.3679763,23.8772523
way/502070944,residential,no,,,,,73.93220039562287,90.3667767,23.8815579,90.3666694,23.8822091
way/1221743622,residential,no,,,,,96.43822521934496,90.3636522,23.8843496,90.3637878,23.8834997
way/1221743623,residential,no,,,,,120.37671831563196,90.3658007,23.8837401,90.3656101,23.882759
way/1221743624,residential,no,,,,,135.17065698416746,90.3659568,23.8842568,90.3659114,23.8833194
way/1221743625,residential,no,,,,,45.03329584849755,90.3652267,23.884221,90.3652452,23.8838174
way/1221820199,residential,no,,,,,91.6865128817842,90.3666998,23.8798704,90.3667734,23.8790846
way/439851877,residential,no,,,,20,367.4650814826636,90.371161,23.8833295,90.3685034,23.8843759
way/502275492,residential,no,,,,,50.54223865034507,90.3716925,23.8823355,90.3717703,23.8827169
way/502275493,residential,no,,,,,260.80379045887673,90.3716922,23.880915,90.3708835,23.8824005
way/502275495,residential,no,,,,,573.9386975330156,90.3707777,23.881516,90.373114,23.8793164
way/681710264,residential,no,,,,,144.33908526238798,90.3708852,23.8824978,90.3695609,23.8822015
way/1221820196,residential,no,,,,,300.36938202901746,90.3683074,23.8811319,90.3709004,23.8820831
way/1221820197,residential,no,,,,,102.01738217256317,90.3680259,23.8813055,90.3686048,23.8806126
way/1221820209,residential,no,,,,,305.91097547168613,90.373114,23.8793164,90.37283,23.8818554
way/1221820212,residential,no,,,,,69.41577018038316,90.3740633,23.8800813,90.3739559,23.8794753
way/34151599,residential,no,সড়ক ১৭এ,,,30,134.90154119866236,90.3804202,23.8741892,90.3804063,23.8754065
way/439460207,residential,no,সড়ক ১৭বি,,,30,132.05918250868115,90.3799298,23.8741854,90.379916,23.8753771
way/698246198,residential,no,,,,,30.22986281338782,90.3763527,23.874311,90.3763411,23.8745836
way/1121918155,residential,no,নয়া নগর সড়ক,,,30,91.00218908685707,90.3778116,23.8747562,90.378533,23.8742913
way/1121918156,residential,no,নয়া নগর সড়ক,,,30,28.26913731630865,90.3777677,23.8745043,90.3778116,23.8747562
way/1123520202,residential,no,,,,,46.5828831172477,90.3779206,23.873116,90.3775132,23.8729253
way/1123520203,residential,no,,,,,147.37931221445731,90.3793478,23.8731861,90.3779206,23.873116
way/1221820206,residential,no,,,,,324.776723723229,90.3769681,23.8768013,90.3785425,23.8747117
way/1221820213,residential,no,,,,,203.9755409177465,90.3755555,23.876445,90.3755906,23.874628
way/1231607602,secondary,yes,সোনারগাঁও জনপথ,,,,78.19758455998179,90.3786308,23.8741865,90.3793982,23.8741859
way/1231607603,secondary,yes,সোনারগাঁও জনপথ,2,,,54.16969615113719,90.3793982,23.8741859,90.3799298,23.8741854
way/1231607604,secondary,yes,সোনারগাঁও জনপথ,,,,27.764536528238246,90.3796253,23.8740513,90.3793824,23.8739638
way/1231607605,secondary,yes,সোনারগাঁও জনপথ,,,,75.69114509622894,90.3793824,23.8739638,90.3786396,23.8739623
way/1231607608,residential,no,,,,,21.039020050782298,90.3804081,23.8757296,90.3804362,23.8755415
way/1231607609,residential,no,,,,,4.132342319004735,90.3804362,23.8755415,90.380408,23.8755147
way/1231607610,residential,no,,,,,1.8744537752159347,90.3804073,23.8757465,90.3804081,23.8757296
way/1303801947,residential,no,,,,,133.03650926439838,90.3748562,23.8744165,90.3745034,23.8732644
way/1303801948,residential,no,,,,,25.57034603595447,90.3751407,23.8743731,90.375077,23.8741499
way/1303802538,residential,no,,,,,168.4516590557837,90.3744085,23.8744848,90.3741668,23.8730167
way/1303802539,residential,no,,,,,23.427677842640943,90.3767665,23.874154,90.3767304,23.8739452
way/1303802540,residential,no,,,,,26.086793947182358,90.3757015,23.8742988,90.3756815,23.8740641
way/1303802541,residential,no,,,,,72.69867829422496,90.3773573,23.873944,90.3780367,23.8740208
way/1307367533,residential,no,,,,,51.1190504263312,90.3752541,23.8725946,90.3753711,23.872146
way/1495361601,residential,no,,,,,63.88091430830356,90.377309,23.873896,90.3773224,23.8734103
way/34150605,residential,no,সড়ক ২১,,,,233.86294676352452,90.384493,23.8746801,90.3844957,23.8767906
way/34150642,residential,no,,,,,49.584599704233995,90.3848341,23.8767971,90.3848291,23.8772438
way/34150644,residential,no,,,,,47.27535797076176,90.3858076,23.8772598,90.3858376,23.8776689
way/34150704,residential,no,সড়ক ১৭,,,,245.62067230764188,90.3845634,23.8715551,90.3869735,23.8715893
way/34150810,residential,no,,,,,42.163342673176174,90.3862618,23.8738061,90.3862521,23.8741865
way/34151590,residential,no,সড়ক ২এ,,asphalt,30,244.9548186485173,90.3834594,23.8742447,90.3834149,23.8764549
way/34151662,residential,no,,,,,92.40428493856724,90.3826006,23.8715288,90.3825873,23.8723626
way/155973799,residential,no,সড়ক ১৮,,,,119.77197107711746,90.3834238,23.8760231,90.3822488,23.8759944
way/155973807,residential,no,সড়ক ১৯,,asphalt,30,125.21371390299556,90.3839513,23.8764585,90.3827232,23.8764261
way/409576951,residential,no,,,,,61.251615465697355,90.3838576,23.871935,90.3832566,23.8719446
way/439461101,residential,no,,,,,43.2535597212823,90.3827232,23.8764261,90.382387,23.8766644
way/439461165,residential,no,,,,20,98.70249495381726,90.3823687,23.8775373,90.382387,23.8766644
way/501662860,tertiary,no,শাহ মখদুম এভিনিউ,,,,279.09398025829216,90.3839876,23.8742558,90.3839461,23.8767742
way/614599629,residential,no,,,,20,93.08453897350837,90.3832513,23.8777443,90.3823687,23.8775373
way/663638231,residential,no,,,,,56.627548840093255,90.3844957,23.8767906,90.3839461,23.8767742
way/1221820272,residential,no,,,,,340.27747462200284,90.382387,23.8766644,90.3853654,23.8779887
way/1221820274,residential,no,,,,,88.80970041827598,90.3831762,23.877722,90.3833909,23.8769956
way/1240072881,residential,no,,,,,69.13151400047118,90.3812447,23.8735814,90.3812357,23.8742052
way/24544067,secondary,yes,সোনারগাঁও জনপথ,2,asphalt,,1113.8511541118462,90.3799298,23.8741854,90.3908588,23.8743629
way/24694061,residential,no,সড়ক ৬,,,,365.64058158029206,90.3905831,23.8824124,90.38715,23.8814519
way/24694068,residential,no,সড়ক ১এ,,,,267.96018620176386,90.38715,23.8814519,90.3879293,23.8791423
way/24694150,residential,no,সড়ক ১৪,,,,365.1871400956596,90.3796345,23.8735569,90.3832178,23.8736115
way/34150603,residential,no,সড়ক ২০,,,,689.4027669901633,90.3907445,23.8748162,90.3839808,23.874669
way/34150609,residential,no,সড়ক ১৯,,,,636.0539900092799,90.3907343,23.8752779,90.3844936,23.8751577
way/34150621,residential,no,সড়ক ১৮,,,,567.9755112173814,90.3900661,23.8756767,90.3844941,23.8755401
way/34150632,residential,no,সড়ক ১৬,,,,575.3128646854993,90.39014,23.8765134,90.3844952,23.8764053
way/34150634,residential,no,সড়ক ১৫,,,,574.7529353104052,90.390135,23.8768996,90.3844957,23.8767906
way/34150635,residential,no,সড়ক ১৪,,,,540.1669721257488,90.3901294,23.8773307,90.3848291,23.8772438
way/34150636,residential,no,সড়ক ১৩,,,,436.8499428942665,90.3901241,23.8777409,90.3858376,23.8776689
way/34150673,residential,no,সড়ক ১২,,,,695.9560480267629,90.3907864,23.8729193,90.3839582,23.8727831
way/34150687,residential,no,সড়ক ১১,,,,577.6698545616057,90.3845563,23.8723979,90.3902243,23.8724948
way/34150702,residential,no,সড়ক ১৬,,,,335.22960069142937,90.384537,23.8719765,90.3878265,23.8720153
way/34150802,residential,no,সড়ক ১৩,,,,696.1786365277121,90.3907755,23.8734116,90.3839455,23.8732718
way/34150805,residential,no,সড়ক ১৪,,,,696.3421948597148,90.3907651,23.873884,90.3839337,23.8737367
way/34151593,residential,no,সড়ক ১৭,,,,371.1215325833661,90.3834293,23.8756053,90.379916,23.8753771
way/34151597,residential,no,সড়ক ১৬,,,,308.45263110990464,90.3834411,23.8751824,90.3804144,23.8751394
way/34151598,residential,no,সড়ক ১৫,,,,309.09710367295037,90.3834495,23.8747788,90.3804169,23.8747157
way/34151633,residential,no,সড়ক ১৩,,,,395.3833305671154,90.3832279,23.8731951,90.3793478,23.8731861
way/34151645,residential,no,সড়ক ১২,,,,269.850851830783,90.383237,23.8727858,90.3805891,23.87275
way/34151646,residential,no,সড়ক ১১,,,,270.0867376542883,90.3832471,23.8723541,90.3805967,23.8723529
way/34151651,residential,no,সড়ক ১০,,,,202.95513702110767,90.3825912,23.8719524,90.3806003,23.8719008
way/306064956,residential,no,,,,,480.5993067445032,90.3842178,23.886183,90.3862382,23.8836197
way/306064957,residential,no,,,,,677.0056827811665,90.3840684,23.884721,90.3781039,23.885506
way/306064958,residential,no,,,,,294.09364391176683,90.3782123,23.886187,90.3778032,23.8835892
way/306064961,residential,no,,,,,236.5121894100809,90.3863351,23.8841423,90.3881841,23.8831628
way/306064963,residential,no,,,,,215.92521397608635,90.3817263,23.8862222,90.3821456,23.8845698
way/388167750,residential,yes,রোড ৬এ,,,,85.58510939368301,90.3872433,23.8822828,90.3875501,23.8815638
way/439452808,residential,no,ফুলবাড়িয়া সড়ক,,,30,1140.9176808463385,90.3864347,23.8790302,90.375569,23.8785983
way/439456538,residential,no,সড়ক ১বি,,,20,107.5512141636794,90.3872327,23.8801397,90.3873232,23.8792119
way/439457659,residential,no,নয়া নগর সড়ক,,,30,1089.568008853888,90.3749727,23.882819,90.3778116,23.8747562
way/439459338,residential,no,,,,30,334.59848703598726,90.3742524,23.8857102,90.3745074,23.8827528
way/439460932,residential,no,,,,30,28.385297681192583,90.3874103,23.8789991,90.3872399,23.8788645
way/501678905,residential,no,সড়ক ১৭,,,,567.1465731811318,90.3900594,23.8760915,90.3844947,23.8759871
way/501682951,residential,no,ফুলবাড়িয়া সড়ক,,,30,92.74746145535966,90.3873232,23.8792119,90.3864347,23.8790302
way/504959860,residential,no,,,,,228.36961989001304,90.3801728,23.8846614,90.3796528,23.8828134
way/504980398,residential,no,,,,,254.70050304578706,90.3796504,23.8763123,90.3812066,23.8773097
way/608199986,residential,no,হ্রদের পার্শ্ববর্তী রাস্তা,,,,1016.9636271395376,90.3814273,23.8755882,90.3904794,23.8793328
way/614599630,residential,no,,,,20,85.68664356395496,90.3829855,23.8784714,90.3832513,23.8777443
way/614599631,residential,no,,,,,177.29661764545756,90.3812066,23.8773097,90.3815391,23.8788468
way/1057811195,residential,no,,,,30,47.89412665502419,90.387263,23.8784328,90.3872399,23.8788645
way/1061585921,secondary,yes,সোনারগাঁও জনপথ,,asphalt,,1145.0665308117518,90.3908601,23.8742658,90.3796253,23.8740513
way/1219434989,residential,no,,,,,207.83072735075558,90.3807026,23.8863126,90.3803156,23.88455
way/1219916169,residential,no,,,,,159.94714305144652,90.384064,23.8844899,90.3855371,23.8847583
way/1219916294,residential,no,,,,,99.44559028889793,90.3854806,23.8846852,90.3863626,23.8844654
way/1221820207,residential,no,,,,,255.54630666654774,90.377585,23.8790274,90.3772966,23.8767575
way/1221820256,residential,no,,,,,90.99704585081024,90.3767823,23.8852009,90.3767188,23.8843909
way/1221820258,residential,no,,,,,196.00788780873137,90.3745083,23.8844941,90.3757037,23.8850368
way/1221820273,residential,no,,,,,167.35995366540533,90.383668,23.878775,90.3840624,23.8773209
way/1221820275,residential,no,,,,,167.19934341308138,90.3833349,23.8786222,90.383784,23.8771783
way/1221820276,residential,no,,,,,96.6416411710695,90.3840456,23.8788864,90.3842117,23.8780298
way/1222039461,residential,no,,,,,274.66377910829357,90.3803951,23.8762937,90.3819593,23.8765896
way/1222039462,residential,no,,,,,137.04688419445134,90.3744323,23.8780392,90.3757549,23.8780577
way/1222039465,residential,no,,,,,34.03305275747826,90.3806298,23.8792733,90.3809638,23.8792728
way/1304653327,residential,no,,,,,156.76323288004022,90.3796794,23.8773947,90.3812176,23.8773691
way/1304653328,residential,no,,,,,158.00689483772993,90.3796822,23.8775005,90.3812317,23.8774454
way/439456640,residential,no,,,,30,279.2471374684297,90.3766661,23.8834374,90.3781151,23.8824768
way/439456798,residential,no,,,,30,626.182626684892,90.3777662,23.8835931,90.3798641,23.8789482
way/439851210,residential,no,,,,20,150.37827278922424,90.3760307,23.8832124,90.3763125,23.8845319
way/480807690,residential,no,,,,,319.6097773391808,90.3782508,23.8814209,90.377585,23.8790274
way/1221820208,residential,no,,,,,174.6947073483496,90.3781904,23.8822021,90.3796528,23.8828134
way/1221820260,residential,no,,,,,182.87237069109517,90.3754253,23.8843269,90.3752465,23.8828748
way/1221820261,residential,no,,,,,95.1571781591655,90.3751463,23.8796203,90.3758537,23.8799809
way/1221820262,residential,no,,,,,159.32359621683574,90.3758483,23.8798516,90.3767727,23.8790448
way/1221820263,residential,no,,,,,209.25018675548932,90.3777889,23.8808323,90.3795139,23.8800757
way/1221820264,residential,no,,,,,109.22252663560889,90.3795907,23.8815565,90.3804262,23.8821607
way/1222039463,residential,no,,,,,109.03418795763196,90.3743764,23.8788512,90.375397,23.878981
way/1222039466,residential,no,,,,,32.15380230084201,90.3753738,23.8790552,90.3756686,23.8791587
way/1222039467,residential,no,,,,,32.64770777076064,90.3752333,23.8793551,90.3755325,23.8794605
way/306064962,residential,no,,,,,436.8478465019308,90.3863444,23.8822995,90.3821807,23.8822618
way/439455852,residential,no,,,,20,227.23487085076584,90.3834405,23.8808081,90.383668,23.878775
way/439456321,residential,no,,,,20,172.99903700253435,90.3867251,23.8805607,90.3864769,23.8790398
way/496416636,residential,no,,,,,351.6862373132372,90.3821456,23.8845698,90.382279,23.8815093
way/496417251,residential,no,,,,,74.6131035105682,90.3822871,23.880874,90.382279,23.8815093
way/504980498,residential,no,,,,,69.68496070580233,90.3828719,23.8792385,90.3822285,23.8790257
way/504980499,residential,no,,,,,54.07112144871091,90.3834888,23.8798241,90.3829629,23.8797593
way/614599621,residential,no,,,,,31.937224619393817,90.3822285,23.8790257,90.3821921,23.8787497
way/614599622,residential,no,,,,,58.312806664206775,90.3826991,23.8797356,90.3828719,23.8792385
way/614599623,residential,no,,,,,27.015194739222224,90.3829629,23.8797593,90.3826991,23.8797356
way/614599624,residential,no,,,,,56.576996081587126,90.3829629,23.8797593,90.3830802,23.8792622
way/1221820265,residential,no,,,,,94.23626565842721,90.381249,23.8788644,90.3812817,23.879714
way/1221820266,residential,no,,,,,171.77667932183692,90.3826923,23.8797108,90.3811923,23.8800289
way/1221820267,residential,no,,,,,204.08423787739522,90.3850743,23.8789005,90.3843271,23.8801335
way/1221820268,residential,no,,,,,43.69911319642008,90.3849567,23.880155,90.3853803,23.8801981
way/1221820269,residential,no,,,,,189.8703311806244,90.3850091,23.8795897,90.3862805,23.8789732
way/1221820270,residential,no,,,,,54.31677016947778,90.3871357,23.8806217,90.3872327,23.8801397
way/1221820271,residential,no,,,,,48.98321932558042,90.3854466,23.8800132,90.3855339,23.8795785
way/1221820277,residential,no,,,,,72.76683553684448,90.3843781,23.8789084,90.384539,23.8782764
way/1221820278,residential,no,,,,,51.5365677994661,90.3854418,23.8788869,90.3854547,23.878422
way/1221820279,residential,no,,,,,70.68655401911838,90.3856078,23.8788891,90.3856586,23.8782529
way/1221820280,residential,no,,,,,64.46686456253659,90.3858672,23.8788926,90.3859489,23.8783162
way/1222039454,residential,no,,,,,429.25172459172035,90.3821796,23.8834549,90.3861756,23.8830591
way/1222039455,residential,no,,,,,102.23043812250414,90.3856426,23.8845592,90.3854348,23.8836945
way/1222039456,residential,no,,,,,109.06679987004642,90.3847519,23.8845258,90.3854983,23.8842519
way/1222039457,residential,no,,,,,98.95604632474435,90.3856999,23.881195,90.3865874,23.8814832
way/1222039458,residential,no,,,,,265.5589038451527,90.3856999,23.881195,90.3835657,23.8808088
way/1222039459,residential,no,,,,,93.43806129677138,90.3834664,23.8802812,90.3843788,23.8803621
way/1222039460,residential,no,,,,,47.15578175262618,90.3834888,23.8798241,90.3839496,23.8798594
way/1222039464,residential,no,,,,,118.90692154529975,90.3809986,23.8799548,90.380944,23.8788829
way/643751327,residential,no,,,,,225.8528041125306,90.3646329,23.8908296,90.3668457,23.8908578
way/643751328,residential,no,,,,,294.9915888447813,90.3644586,23.8904924,90.3673527,23.8905072
way/643751329,residential,no,,,,,334.3188553864758,90.3636317,23.8900823,90.3669101,23.890127
way/643751330,residential,no,,,,,334.25934238511206,90.3637558,23.8896881,90.3670335,23.889742
way/643751334,residential,no,,,,,484.12736014571175,90.3675511,23.8890357,90.3628036,23.8889131
way/643751335,residential,no,,,,,137.20560945840853,90.3644928,23.8885293,90.363147,23.8885158
way/1221743615,residential,no,,,,,55.26479310489457,90.363436,23.8851717,90.3633584,23.8846781
way/1221743616,residential,no,,,,,30.49501813572552,90.3612619,23.8854279,90.3612898,23.8857019
way/1221743617,residential,no,,,,,29.897726358552905,90.3616774,23.8853834,90.3617157,23.8856509
way/501374561,residential,no,,,,,132.6131311872752,90.3729129,23.886566,90.3730196,23.8853759
way/507894426,residential,no,,,,,105.0392858119681,90.3701923,23.8891448,90.3705955,23.8883135
way/1101471715,residential,no,,,,,98.27573106947345,90.3705312,23.8855912,90.3708765,23.8847631
way/1221316372,residential,no,,,,,64.70010271962805,90.3689335,23.8906002,90.3695656,23.8906489
way/1221316373,residential,no,,,,,233.97505255273836,90.3721837,23.8902824,90.3700446,23.8896473
way/1221743609,residential,no,,,,,87.11285656179797,90.3729077,23.8888138,90.3737578,23.8887586
way/1221743610,residential,no,,,,,174.23070939831797,90.3736696,23.8891075,90.3729717,23.8880967
way/1221743611,residential,no,,,,,228.9196339526829,90.3740695,23.8894752,90.3740551,23.8874305
way/1389770149,residential,no,,,,,169.1001715315453,90.3738044,23.8909688,90.3739332,23.889469
way/1389770150,residential,no,,,,,93.56340075340478,90.372873,23.8901131,90.3737758,23.8902676
way/1389770152,residential,no,,,,,183.89284969665493,90.3714072,23.8893192,90.3700446,23.8896473
way/1389770154,residential,no,,,,,66.19700954893409,90.3700446,23.8896473,90.3697693,23.8901883
way/1390484655,residential,no,,,,,55.097706437709924,90.3695656,23.8906489,90.3697693,23.8901883
way/306064944,residential,no,,,,,1666.867129286341,90.3864994,23.8904925,90.3714072,23.8893192
way/409576953,residential,no,Mogdom Ali Sarker Road,,,,1399.4804229315232,90.372451,23.8893266,90.3618248,23.8920026
way/501369296,residential,no,,,,,333.8340435495894,90.3738044,23.8909688,90.3737794,23.893936
way/501369297,residential,no,,,,,383.58892752570847,90.3720743,23.890829,90.3751069,23.8903649
way/502286269,residential,no,Dhour Main Road,,,,508.8844278715315,90.3706569,23.8927824,90.3665674,23.8933818
way/509365690,residential,no,,,,,121.112029339171,90.3749373,23.8886393,90.3737578,23.8887586
way/643751331,residential,no,,,,,443.85458010276227,90.366485,23.8878058,90.3663385,23.8918073
way/643751337,residential,no,,,,,581.6741161068556,90.3643942,23.8865489,90.3642185,23.8917101
way/643751514,residential,no,,,,,166.6042923485657,90.3681737,23.8918961,90.3681949,23.8903931
way/1221316375,residential,no,,,,,198.6452255996302,90.3704438,23.8917971,90.3710036,23.8900965
way/1389758218,residential,no,,,,,1767.6873942557947,90.3858759,23.8940528,90.3703715,23.8941965
way/1389770151,residential,no,,,,,132.7599672614834,90.3750272,23.8907125,90.3738235,23.8905016
way/643751326,residential,no,,,,,252.67727933025728,90.3643191,23.8912257,90.366798,23.891231
way/1221316341,residential,no,,,,,74.4205621001059,90.3666338,23.8925206,90.366662,23.8918495
way/1221316343,residential,no,,,,,50.24925123891645,90.3674684,23.8930578,90.3675067,23.8926057
way/1221316368,residential,no,,,,,143.31582057038375,90.3634067,23.8928599,90.3638537,23.8916349
way/409576949,residential,no,,,,,86.71843425810566,90.3712262,23.8919423,90.371054,23.8927087
way/507894410,residential,no,,,,,102.514529610439,90.3720314,23.8920612,90.3724858,23.8928136
way/507894424,residential,no,,,,,140.1156180099101,90.3724907,23.8933244,90.3711292,23.8931548
way/507894425,residential,no,,,,,127.91191613038254,90.3724875,23.893965,90.3724858,23.8928136
way/507894440,residential,no,,,,,165.3455584482181,90.3703715,23.8941965,90.3701234,23.8956595
way/439459368,residential,no,,,,30,368.99566865120164,90.374455,23.8852253,90.3779859,23.885222
way/501637092,residential,no,,,,,209.39629280997147,90.3744179,23.8870163,90.3762189,23.8876107
way/501637093,residential,no,,,,,370.20958088214945,90.3771009,23.8895926,90.3773241,23.8863392
way/501637094,residential,no,,,,,324.29699736562793,90.3757818,23.8893355,90.3774069,23.8873823
way/502277718,residential,no,,,,,113.74817273186737,90.3805437,23.8907211,90.3806329,23.8897078
way/1218715499,residential,no,,,,,98.67412922181956,90.3751069,23.8903649,90.3749312,23.8894988
way/1221820219,residential,no,,,,,113.6759414702521,90.3749118,23.8881988,90.3760091,23.8882185
way/1221820220,residential,no,,,,,134.31002521203362,90.3759641,23.8883587,90.3772464,23.8886301
way/1221820221,residential,no,,,,,136.91314480595824,90.3764207,23.8884087,90.3774141,23.8880371
way/1221820222,residential,no,,,,,86.94743254246251,90.3773524,23.8897034,90.3773873,23.8889198
way/1221820223,residential,no,,,,,98.19253648205284,90.3771625,23.8889035,90.378089,23.8888632
way/1221820224,residential,no,,,,,68.30131320257374,90.37814,23.8877324,90.3787137,23.8875977
way/1221820225,residential,no,,,,,200.45347894086916,90.3782123,23.886187,90.3787137,23.8875977
way/1221820226,residential,no,,,,,38.43539556738425,90.3783599,23.8870784,90.3782618,23.8867451
way/1221820227,residential,no,,,,,149.37861789200838,90.378838,23.8875983,90.3791624,23.8862874
way/1221820228,residential,no,,,,,160.62148321739795,90.3802898,23.8883615,90.3788361,23.8881996
way/1221820229,residential,no,,,,,139.12628009981336,90.3795428,23.8880912,90.3793602,23.8871826
way/1221820230,residential,no,,,,,52.150372511659896,90.3792574,23.8875457,90.3797493,23.8876695
way/1221820232,residential,no,,,,,84.40535952287763,90.3798598,23.8870906,90.3797953,23.8863384
way/1221820233,residential,no,,,,,83.54417794126374,90.3801034,23.8871072,90.3800624,23.8863542
way/1221820234,residential,no,,,,,86.48292994224903,90.3804511,23.88711,90.3802632,23.8863489
way/1221820237,residential,no,,,,,36.567474265974994,90.3802898,23.8883615,90.3804628,23.8880752
way/1221820254,residential,no,,,,,244.46075340563806,90.3750333,23.8852283,90.3764494,23.8851726
way/1221820255,residential,no,,,,,52.653878975892674,90.3765783,23.8857163,90.3770222,23.8855467
way/1221820257,residential,no,,,,,62.063408012176495,90.3757356,23.8855776,90.3758567,23.8850307
way/1222039442,residential,no,,,,,122.58372350402496,90.3803373,23.8889243,90.3791941,23.8888483
way/1222039443,residential,no,,,,,87.34605639498929,90.3791941,23.8888483,90.3793654,23.8880912
way/1222039444,residential,no,,,,,107.15647088968042,90.3797846,23.890682,90.3798444,23.8897178
way/1222039445,residential,no,,,,,81.80447136516437,90.3797555,23.8897141,90.379691,23.8889832
way/1223407202,residential,no,,,,,86.38225410200425,90.3767189,23.8903099,90.3769123,23.8895509
way/306064950,residential,no,,,,,302.3018674521137,90.3868097,23.8886093,90.3838703,23.8883194
way/306064954,residential,no,,,,,546.370636363513,90.3813071,23.8862723,90.3812147,23.8908755
way/306064955,residential,no,,,,,232.41995961876432,90.3864601,23.885246,90.3841886,23.8853263
way/306065412,residential,no,,,,,286.22677264435004,90.383959,23.8885555,90.3816921,23.889385
way/306065414,residential,no,,,,,77.05004157664705,90.3843583,23.8904724,90.3842989,23.8897887
way/306065415,residential,no,,,,,218.62910806704102,90.3839015,23.8893367,90.3857084,23.8892626
way/306065416,residential,no,,,,,173.98134798136016,90.3866023,23.8893616,90.3861506,23.8885031
way/502277710,residential,no,,,,,134.29161323846492,90.3838845,23.8896642,90.3851301,23.8900597
way/502285383,residential,no,,,,,43.46660680425987,90.3843702,23.8894143,90.3847265,23.889625
way/505264195,residential,no,,,,,32.371081373428936,90.3851846,23.888405,90.3852218,23.8881158
way/505264444,residential,no,,,,,213.12969430175758,90.3857904,23.8890992,90.3856957,23.8905298
way/644255225,residential,no,,,,,217.695915441297,90.3825647,23.8887411,90.3836676,23.8877851
way/1221820235,residential,no,,,,,216.6606995641929,90.3823078,23.8909455,90.3822456,23.8891326
way/1221820236,residential,no,,,,,188.72832006625652,90.3824663,23.8898138,90.3839015,23.8893367
way/1221820238,residential,no,,,,,211.3973574238922,90.3808093,23.8882915,90.3812001,23.8900799
way/1221820239,residential,no,,,,,141.25025746506358,90.3811534,23.8895634,90.3813175,23.8883339
way/1221820240,residential,no,,,,,51.24764635763868,90.3817543,23.8890335,90.3822456,23.8891326
way/1221820241,residential,no,,,,,98.48020469036484,90.3827722,23.8896428,90.3830017,23.8904712
way/1221820249,residential,no,,,,,227.48866528464083,90.3847659,23.8883851,90.3855009,23.8864661
way/1221820250,residential,no,,,,,359.3199554456741,90.3868865,23.8879756,90.3838226,23.8868996
way/1221820251,residential,no,,,,,88.83506379673443,90.3840038,23.8887988,90.3844574,23.8892085
way/1221820252,residential,no,,,,,85.52318047654609,90.3848293,23.8899578,90.3850605,23.8892169
way/1221820253,residential,no,,,,,22.118403871697794,90.3847265,23.889625,90.3849326,23.8896877
way/1222039453,residential,no,,,,,156.82523020824732,90.3837971,23.8870226,90.3829872,23.8876379
way/24694110,residential,no,কামারপাড়া সড়ক,,,,209.73145514383282,90.3884254,23.8911586,90.3864994,23.8904925
way/306064946,residential,no,,,,,246.58223885429328,90.3844126,23.8917409,90.3826815,23.8909943
way/306064964,residential,no,,,,,718.3158894313178,90.3794548,23.8863183,90.3785912,23.8921945
way/439461786,residential,no,,,,,874.9779021833535,90.3788361,23.8881996,90.3768508,23.8953273
way/496415611,residential,no,সড়ক ১২বি,,,,212.91805755464927,90.3867288,23.8874917,90.3887283,23.8880501
way/501115137,tertiary,no,,,,,91.39924333169733,90.3786657,23.8977256,90.3793486,23.8971907
way/501369295,residential,no,,,,,299.25719496125475,90.376429,23.8916447,90.3779674,23.8903927
way/501637541,residential,no,,,,,201.11827346174968,90.3759959,23.8911869,90.3761476,23.889382
way/502277719,residential,no,,,,,957.7411175236567,90.3804628,23.8880752,90.3788816,23.8894288
way/505278919,residential,no,সড়ক ১৩,,,,262.7393162901635,90.3879509,23.8909707,90.3868317,23.893077
way/509411196,residential,no,,,,,485.28155880726416,90.3785469,23.8962775,90.3832476,23.8964578
way/606837246,residential,no,রানাভোলা সড়ক,,,,274.0379877475513,90.3881938,23.8918462,90.3866938,23.8938759
way/673923202,residential,no,,,,,143.38068989903758,90.3878089,23.8914022,90.3864981,23.890942
way/673923203,residential,no,,,,,138.42178288863644,90.3876879,23.8917932,90.3864361,23.8913118
way/1061576988,residential,no,কামারপাড়া সড়ক,,,,172.81028675317953,90.3865329,23.8901073,90.3881285,23.8906034
way/1061576990,residential,no,,,,,290.32697450795916,90.3864994,23.8904925,90.3866878,23.8930727
way/1218715500,residential,no,,,,,106.8202283926314,90.3749512,23.8911057,90.3759959,23.8911869
way/1218715601,residential,no,,,,,40.22587196871698,90.37571,23.8911647,90.375733,23.8908023
way/1219695772,residential,no,,,,,191.6921386756426,90.3864164,23.8849646,90.3882729,23.884784
way/1219985318,residential,no,,,,,110.298168850794,90.38649,23.8918131,90.3874863,23.8921925
way/1221820231,residential,no,,,,,184.76106513929318,90.3797463,23.8873024,90.3813962,23.8869484
way/1221820242,residential,no,,,,,137.15988187039943,90.3837512,23.8917134,90.3837789,23.8904759
way/1222039446,residential,no,,,,,186.27097684509422,90.3799553,23.8922715,90.3798413,23.8906864
way/501115114,residential,no,,,,,332.4428080119421,90.3783529,23.8966931,90.3788679,23.8937722
way/644253308,residential,no,,,,,131.6636061750469,90.3768722,23.8929433,90.377069,23.8917697
way/644253321,residential,no,,,,,158.64067994312478,90.3763105,23.8929754,90.376429,23.8916447
way/1184371852,tertiary,no,,,,,41.13517698292804,90.3790185,23.8974489,90.3791558,23.8970998
way/1218660850,residential,no,,,,,27.239387207181856,90.3756875,23.8943605,90.3758039,23.8941392
way/1218660851,residential,no,,,,,45.576067567607886,90.3757353,23.8942697,90.3753202,23.8941164
way/1218660852,residential,no,,,,,39.87222935105243,90.3752876,23.8941959,90.3751975,23.8939524
way/1219435162,residential,no,,,,,103.41198378229682,90.3760926,23.8930148,90.3757346,23.8938877
way/1221316357,residential,no,,,,,129.62104274640265,90.3796306,23.8951313,90.3796037,23.8963008
way/1221316358,residential,no,,,,,135.15079985293303,90.3796306,23.8951313,90.3798469,23.8939473
way/1221316359,residential,no,,,,,59.292377667343935,90.3798469,23.8939473,90.3799841,23.8934273
way/1223407201,residential,no,,,,,45.510537353909115,90.3759959,23.8911869,90.375976,23.8915972
way/1389750924,residential,no,,,,,122.73569008734674,90.3776121,23.8918515,90.376429,23.8916447
way/306064967,residential,no,,,,,545.6584502390508,90.3855904,23.894393,90.3832476,23.8964578
way/501570246,residential,no,,,,,110.7998723156258,90.3809702,23.8962432,90.381014,23.8952441
way/505278917,residential,no,,,,,169.06587049405948,90.3866938,23.8938759,90.3856779,23.8950819
way/505278918,residential,no,,,,,169.38606225186305,90.3862336,23.8935682,90.3852708,23.8948137
way/509382243,residential,no,,,,,194.5038240019829,90.3852708,23.8948137,90.3836284,23.8940484
way/509411100,residential,no,,,,,164.48167048461193,90.3807506,23.8977112,90.3809702,23.8962432
way/606837243,residential,no,,,,,51.02466024302288,90.3852708,23.8948137,90.3856779,23.8950819
way/606837244,residential,no,,,,,130.6360883646542,90.3856779,23.8950819,90.385309,23.8959741
way/606837245,residential,no,,,,,58.05206428985675,90.3866938,23.8938759,90.3862336,23.8935682
way/644255226,residential,no,,,,,308.24564125887184,90.3823999,23.8934628,90.3833522,23.8953619
way/798259155,residential,no,,,,,101.4975264230138,90.3845134,23.8948098,90.3836028,23.8944383
way/798259156,residential,no,,,,,172.07136509935782,90.3845557,23.8957123,90.3850547,23.8950544
way/798259157,residential,no,,,,,181.685717946981,90.3852708,23.8948137,90.3850913,23.8958652
way/1221316366,residential,no,,,,,162.2455291536184,90.381751,23.8952778,90.3809722,23.8945535
way/1221820247,residential,no,,,,,108.3752301610993,90.3815394,23.8934633,90.3816682,23.8924934
way/1221820248,residential,no,,,,,110.2637172527019,90.3823269,23.8925116,90.3826189,23.8915539
way/1222039452,residential,no,,,,,206.7106326381937,90.3836914,23.8935531,90.3837512,23.8917134
way/1389476035,residential,no,,,,,86.7979376149772,90.3814823,23.8952851,90.3823334,23.8953045
way/508123403,residential,no,,,,,503.88562629047345,90.3575304,23.8992374,90.3608778,23.8990375
way/508319691,residential,no,,,,,173.08829512805153,90.359395,23.9012517,90.3597137,23.899734
way/508319692,residential,no,,,,,96.02388977517344,90.3580964,23.8993649,90.3579703,23.9002232
way/507892720,residential,no,,,,,614.173819587889,90.3663188,23.9014343,90.3642118,23.897874
way/507892728,residential,no,,,,,260.62023440777347,90.3706482,23.902099,90.3707672,23.899799
way/391990181,tertiary,no,,,,,450.3289130201844,90.3734359,23.8991025,90.3776612,23.8986895
way/501115136,tertiary,no,Protyasha Bridge,,,,147.92426474750943,90.3776612,23.8986895,90.3786657,23.8977256
way/509411193,residential,no,,,,,172.89042491637522,90.3744498,23.8990952,90.3742728,23.9006205
way/1220076737,residential,no,,,,,603.303605923747,90.3775962,23.8987593,90.3804071,23.9024973
way/501323096,residential,no,,,,,559.3186672983068,90.3834642,23.9045172,90.3819211,23.8999167
way/1220076738,residential,no,,,,,288.44226930032187,90.3819211,23.8999167,90.3797158,23.8999559
way/157869077,residential,no,হাজী ক্যাম্প সড়ক,2,,30,1551.2810007385287,90.4122592,23.8514671,90.4266126,23.8530485
way/1094969140,tertiary,no,শহীদ লতিফ রোড,,,,6323.53534976653,90.4061717,23.8578281,90.4646042,23.8610663
way/763008894,residential,no,,,,,207.33953358733893,90.3876397,23.8502867,90.3896243,23.8506732
way/24541942,residential,no,সেক্টর ১,,,,315.0799049298802,90.4000717,23.8605802,90.4017502,23.8581976
way/24541978,residential,no,সড়ক ১০ সেক্টর ১,,asphalt,,174.18991059376975,90.3995143,23.8583619,90.4008543,23.8593378
way/24541999,residential,no,সড়ক ৯ সেক্টর ১,,asphalt,,168.79104318281844,90.3998801,23.8579536,90.4011585,23.8589221
way/496413218,residential,no,,,,,338.91539867889986,90.3875919,23.8582818,90.3878847,23.8611465
way/566523125,residential,no,,,,,997.6156886305278,90.4042241,23.8547625,90.3973253,23.8609426
way/34168896,tertiary,no,,,,,585.0426686455694,90.4061451,23.8586449,90.4064213,23.8533752
way/157869075,residential,no,,,,,448.39062579001,90.4109397,23.8552881,90.4110917,23.8513643
way/167571637,residential,no,জালালউদ্দিন সরণি,,,,297.0186360524183,90.4087377,23.8581647,90.4075978,23.8605688
way/167571642,residential,no,,,,,351.3298038360153,90.4096596,23.8581164,90.4109316,23.8603218
way/167685977,residential,no,,,,,1043.6146125061077,90.4196462,23.8461904,90.4122592,23.8514671
way/364382165,residential,no,Siraj Mia Road,,,,266.46329959554686,90.4134846,23.8536096,90.4129904,23.8514568
way/505524205,residential,no,Prembagan Road,,,,152.87051309941165,90.413457,23.8567997,90.4134353,23.855422
way/505524206,residential,no,,,,,48.23436522752555,90.4133122,23.857863,90.4137289,23.8578746
way/583518305,residential,no,,,,,145.75905764797676,90.4126562,23.8554153,90.414058,23.8553533
way/583518311,residential,no,,,,,574.0222567871773,90.4066886,23.8561285,90.4121885,23.8550271
way/786962605,residential,no,,,,,462.6985561103636,90.4064185,23.8578578,90.4063627,23.862031
way/1119522827,residential,no,,,,,143.78908318548562,90.406823,23.8558568,90.4078835,23.8553889
way/1119522828,residential,no,,,,,116.618385097975,90.4066886,23.8561285,90.4072478,23.8552135
way/1221905543,residential,no,,,,,109.66209422114962,90.4124701,23.8537355,90.4134846,23.8536096
way/1223389961,residential,no,,,,,178.05362514009795,90.4126562,23.8554153,90.4134793,23.8561352
way/1270638539,residential,no,Prembagan Road,,,,94.9799257066089,90.4131969,23.8587108,90.4133122,23.857863
way/1388481601,residential,yes,Shayesta Khan Avenue,,,,407.2961524764308,90.4061483,23.8585676,90.4021583,23.8583625
way/24542048,residential,no,সড়ক ৮ সেক্টর ১,,asphalt,,166.87428003823243,90.4004327,23.8573034,90.4017502,23.8581976
way/24542081,residential,no,সড়ক ৭ সেক্টর ১,,asphalt,,164.69563476836967,90.4008047,23.8568762,90.4021203,23.8577394
way/24542149,residential,no,সড়ক ৫ সেক্টর ১,,asphalt,,151.8044452301573,90.401601,23.8561542,90.4027946,23.8569738
way/24542186,residential,no,সড়ক ৪ সেক্টর ১,,asphalt,,125.79917293871699,90.4021576,23.8558665,90.4031209,23.8565764
way/24542196,residential,no,সড়ক ৩ সেক্টর ১,,asphalt,,102.07686936591442,90.4026716,23.8556089,90.4034669,23.8561689
way/24542222,residential,no,সড়ক ২ সেক্টর ১,,asphalt,,78.59678192172733,90.40319,23.8553547,90.4038126,23.8557733
way/24542229,residential,no,সড়ক ১ সেক্টর ১,,asphalt,,56.604786875761775,90.4036799,23.8550898,90.404147,23.8553662
way/24565669,residential,no,সড়ক ৬ সেক্টর ১,,asphalt,,166.99392241318526,90.401135,23.8564701,90.402458,23.8573593
way/24565730,residential,no,সেক্টর ১,,asphalt,,457.44205311413856,90.4017502,23.8581976,90.4045044,23.8549385
way/566523124,residential,no,,,,,21.56738985700975,90.4046828,23.8550432,90.4045044,23.8549385
way/583518312,residential,no,,,,,194.30567018005897,90.4064185,23.8578578,90.4066886,23.8561285
way/167583448,residential,no,,,,,103.93256074075107,90.4105487,23.8553563,90.4106139,23.8562907
way/167645514,residential,no,,,,,376.1553690785849,90.4119212,23.8583505,90.4111507,23.8552446
way/167645518,residential,no,,,,,38.63805908388845,90.4106602,23.8540915,90.4109392,23.8543276
way/167645526,residential,no,Hazi Elahi Box Road 1,,,,156.05617373151222,90.4119382,23.8567271,90.413457,23.8567997
way/167645528,residential,no,,,,,142.9996690651282,90.409983,23.8554873,90.4106139,23.8562907
way/505524207,residential,no,Prembagan Road,,,,57.46002522020946,90.4133862,23.8573493,90.4133122,23.857863
way/508063984,residential,no,,,,,295.4167736768362,90.4073747,23.855056,90.4085892,23.8528852
way/508063986,residential,no,,,,,135.2092406081131,90.4072478,23.8552135,90.4084853,23.8549832
way/583518306,residential,no,,,,,10.40211538141956,90.4126563,23.8553235,90.4126562,23.8554153
way/583518307,residential,no,,,,,4.866864526148122,90.4126102,23.8553153,90.4126563,23.8553235
way/583518308,residential,no,,,,,19.256794493602797,90.4126042,23.8551441,90.4126102,23.8553153
way/583518309,residential,no,,,,,40.31044993573352,90.4122112,23.8551153,90.4126042,23.8551441
way/583518310,residential,no,,,,,10.389974151149225,90.4121885,23.8550271,90.4122112,23.8551153
way/1103407809,residential,no,,,,,98.62059233657678,90.4102471,23.8580404,90.4101407,23.8571578
way/1103407810,residential,no,,,,,272.5263142274971,90.4100913,23.8561128,90.4085889,23.8567847
way/1119522825,residential,no,,,,,95.49417191660226,90.4078953,23.8541905,90.4077358,23.8550397
way/1119522826,residential,no,,,,,73.4104335421966,90.4072478,23.8552135,90.4072009,23.8558746
way/1270638541,residential,no,Prembagan Road,,,,61.350936850647344,90.4133862,23.8573493,90.413457,23.8567997
way/1322124577,residential,no,,,,,53.34747988423379,90.4082039,23.8557765,90.4077072,23.8558323
way/1322124578,residential,no,,,,,110.45204355891545,90.4090167,23.8554888,90.4084853,23.8549832
way/1322124579,residential,no,,,,,123.71803542977717,90.4084853,23.8549832,90.4088995,23.8556412
way/24544977,residential,no,সড়ক ২০,,,,211.929286371033,90.3935012,23.8615369,90.393442,23.8634487
way/24718734,residential,no,,,,,55.05326640022229,90.3923398,23.8645498,90.3923336,23.864053
way/24718743,residential,no,সড়ক ১বি,,,,160.08069279923853,90.3923336,23.864053,90.3907631,23.8640221
way/34151805,residential,no,সড়ক ২এ,,,,107.88120366830402,90.3921242,23.8640489,90.392138,23.8630754
way/34151806,residential,no,সড়ক ৩এ,,,,141.93507301639997,90.3916712,23.86404,90.3916748,23.8627591
way/34151807,residential,no,সড়ক ৪এ,,,,218.93422089323917,90.3912086,23.8640309,90.3912667,23.8620561
way/34151809,residential,no,সড়ক ৫এ,,asphalt,,318.2377257654758,90.3907509,23.8645215,90.3908227,23.8616503
way/34151813,residential,no,সড়ক ৬এ,,,,65.50108076079371,90.3902516,23.8645126,90.3902645,23.8639216
way/375512655,residential,no,সড়ক ৬এ,,,,169.93895702839015,90.3902645,23.8639216,90.3902715,23.862388
way/375513546,residential,no,Road 2B,,asphalt,,31.91976116110396,90.3923336,23.864053,90.3926389,23.864059
way/375513547,residential,no,Road 2B,,asphalt,,146.747036092765,90.3928451,23.8627427,90.3932908,23.8614834
way/375585704,residential,no,,,,,90.23944774360154,90.3916742,23.8629707,90.3907892,23.8629471
way/375586502,residential,no,,,,,63.174864763956755,90.393442,23.8634487,90.393421,23.8640185
way/435660414,residential,no,সড়ক ৬এ,,,,101.90765947580906,90.3904332,23.8615609,90.3902715,23.862388
way/467780741,residential,no,,,,,150.08706525981862,90.388325,23.859639,90.3897898,23.8596913
way/496413145,residential,no,,,,,249.5550753227613,90.3880378,23.8629523,90.3878847,23.8611465
way/496413226,residential,no,,,,,73.91366809835739,90.3876009,23.8596735,90.388325,23.859639
way/498078322,residential,no,,,,,95.33840101389413,90.3878288,23.8630421,90.3877722,23.8639009
way/498078323,residential,no,,,,,68.57956794773244,90.3878847,23.8611465,90.3884298,23.8614977
way/502555131,residential,no,সড়ক ৮,,,,62.03404465179702,90.3888276,23.8644873,90.3888603,23.8639285
way/528103552,residential,no,,,,,49.2548434956986,90.3890652,23.8639324,90.3890633,23.8634879
way/957530564,residential,no,,,,,22.81853136014091,90.3877928,23.8630405,90.3878116,23.8628353
way/1218745256,residential,no,,,,,165.87665564796873,90.3904332,23.8615609,90.3911019,23.8604918
way/1357830363,residential,no,,,asphalt,,22.330845367574206,90.3932908,23.8614834,90.3935012,23.8615369
way/1358105944,residential,no,Road 2B,,asphalt,,150.30045821377425,90.3926389,23.864059,90.3928451,23.8627427
way/1358105946,residential,no,,,,,423.4407711162691,90.3932908,23.8614834,90.3897475,23.859682
way/1391322271,tertiary,no,জসিমউদ্দিন বাউনিয়া সড়ক,4,,,9.859346248894395,90.3934912,23.8614484,90.3935012,23.8615369
way/1391324464,residential,no,,,,,68.88191267253542,90.3898061,23.8634936,90.3897695,23.8628737
way/1391324465,residential,no,,,,,11.708724725380728,90.3879849,23.8630461,90.3880378,23.8629523
way/1485574182,residential,no,,,,,29.67434973031985,90.3905193,23.8621204,90.3908102,23.8621323
way/1485574184,residential,no,,,,,113.9213491750493,90.3928964,23.8625977,90.3921604,23.861882
way/24525258,residential,no,,,,,74.69605329948737,90.3981108,23.8631591,90.3988425,23.863199
way/24541796,residential,no,সড়ক ১৫ সেক্টর ১,,asphalt,,84.70025013354173,90.3985043,23.860787,90.3978409,23.8603266
way/24541829,residential,no,সড়ক ১৪ সেক্টর ১,,asphalt,,126.85804608194987,90.3981791,23.8599461,90.399109,23.8607072
way/24541844,residential,no,সড়ক ১৩ সেক্টর ১,,asphalt,,179.79611784042334,90.3985269,23.8595428,90.3998573,23.8606085
way/24541913,residential,no,সড়ক ১২ সেক্টর ১,,asphalt,,189.1263887777078,90.3988508,23.8591527,90.4002872,23.8602329
way/24545005,residential,no,সড়ক ১৮,,,,345.29160170564785,90.3939601,23.8645787,90.3940878,23.8614648
way/24545058,residential,no,সড়ক ১৪ সেক্টর ৩,,,,364.2503418785335,90.3952054,23.8613273,90.3951052,23.8646132
way/24545085,residential,no,সড়ক ৫ সেক্টর ৩,,,,115.95617069839597,90.3939823,23.8640459,90.395119,23.864088
way/24545114,residential,no,সেক্টর ৩ সড়ক ১০,,,,246.79967411889223,90.396238,23.8617566,90.3961786,23.8639832
way/24545234,residential,no,সড়ক ৮,,,,392.45557224766253,90.3968688,23.8611228,90.3967546,23.864663
way/24545831,residential,no,সড়ক ৬,,,,314.17279727261575,90.3975075,23.8616128,90.3974447,23.8644475
way/24545849,residential,no,সড়ক ৪,,,,323.38148950406867,90.3981519,23.8615398,90.3980779,23.8644574
way/24545936,residential,no,সড়ক ২,,,,396.50576048301264,90.3986548,23.8609032,90.398948,23.8644711
way/24546232,residential,no,,,,,403.71766391510096,90.3991301,23.8608448,90.399419,23.8644785
way/24546267,residential,no,,,,,101.56159646997017,90.3988123,23.8626433,90.3998085,23.862617
way/24565732,residential,no,সড়ক ৭,,,,312.21308619453544,90.3998251,23.8644849,90.3967618,23.8644368
way/24565791,residential,no,Road 3,,,,476.30222233959415,90.3940675,23.8619991,90.3987067,23.861477
way/24565793,residential,no,সড়ক ১৬,,,,237.2429327688839,90.3945828,23.8640791,90.3946473,23.8619389
way/24565795,residential,no,সড়ক ৫ সেক্টর ৩,,,,168.25362510688723,90.3951257,23.8639469,90.3967756,23.8640039
way/24565796,residential,no,সড়ক ৫,,,,133.63115267247608,90.3967818,23.8638114,90.3980926,23.8638452
way/24565997,residential,no,সড়ক ৭,,,,367.5474099397966,90.3939601,23.8645787,90.3975649,23.8646875
way/502051083,residential,no,সড়ক ৫,,,,80.57724163097706,90.3980951,23.8637512,90.3988858,23.8637508
way/751783545,residential,no,সড়ক ১৫ সেক্টর ১,,,,20.025454639654978,90.3985043,23.860787,90.3986548,23.8609032
way/762766262,residential,no,,,,,238.34606756133292,90.3956637,23.8639653,90.3957221,23.861815
way/1205680464,residential,no,,,,,52.804678422687495,90.4002206,23.8616899,90.4003387,23.8612259
way/1205680467,residential,no,,,,,53.72604755025077,90.4001454,23.8621698,90.4002206,23.8616899
way/1205680470,residential,no,,,,,55.17555053962507,90.400182,23.8626666,90.4001454,23.8621698
way/1205680476,residential,no,,,,,51.096573757085736,90.4001938,23.8631276,90.400182,23.8626666
way/1205680479,residential,no,,,,,53.771021460201446,90.4002075,23.8636127,90.4001938,23.8631276
way/1391322270,tertiary,no,জসিমউদ্দিন এভিনিউ,,,,10.445665613296757,90.3940776,23.861371,90.3940878,23.8614648
way/24525781,residential,no,সড়ক ২৮,,,,386.7491547556504,90.3966525,23.8714086,90.4004476,23.8713669
way/24525942,residential,no,সড়ক ৩৫,,,,301.7835977606509,90.400032,23.8713711,90.400009,23.8740945
way/24526024,residential,no,সড়ক ১৮,,,,488.9865688872009,90.3943886,23.8743592,90.3944042,23.8699466
way/24526045,residential,no,সড়ক ২৬,,,,333.29012402655985,90.3961076,23.8707255,90.3961152,23.8737333
way/24541963,residential,no,সড়ক ১১ সেক্টর ১,,asphalt,,180.41861717259505,90.3991781,23.8587581,90.400551,23.8597861
way/24545367,residential,no,সড়ক ৭এ,,,,183.93359803041082,90.3933718,23.8650896,90.3951756,23.8651487
way/24546322,residential,no,সড়ক ১৮,,,,289.2477097719881,90.3933718,23.8650896,90.3939231,23.8671926
way/24565630,residential,no,,,,,57.547915113973154,90.393442,23.8634487,90.3940062,23.8634708
way/24565736,tertiary,yes,জসিমউদ্দিন এভিনিউ,4,asphalt,,680.616141132548,90.3935012,23.8615369,90.400121,23.8607229
way/24565914,residential,no,সড়ক ১৫,,,,297.99887526911454,90.3951395,23.8673046,90.3951846,23.8646156
way/24565996,residential,no,সড়ক ১৬,,,,289.66793650378384,90.3939231,23.8671926,90.3939601,23.8645787
way/24576554,residential,no,,,,,68.06059896218883,90.3984339,23.871389,90.3984331,23.8720032
way/24576556,residential,no,সড়ক ২৭,,,,555.9518879153019,90.3966687,23.8694014,90.3966275,23.8744185
way/24718458,residential,no,Road 1,,,,523.1309353832849,90.3939601,23.8645787,90.3888276,23.8644873
way/24718521,residential,no,সড়ক ২,,,,392.33611747533917,90.3923398,23.8645498,90.3922191,23.8680885
way/24718578,residential,no,সড়ক ৪,,,,478.4916138863943,90.3913613,23.8645324,90.3912689,23.8688491
way/34150649,residential,no,সড়ক ৩,,,,542.8424193136254,90.3914793,23.8743778,90.3915767,23.8694797
way/34150660,residential,no,সড়ক ২,,,,474.4672894092341,90.3920631,23.8694762,90.3920227,23.8737579
way/34150666,residential,no,সড়ক ১,,,,397.5723706551664,90.3920497,23.8706637,90.3925179,23.8737672
way/34150672,residential,no,,,,,380.90385315451795,90.3903097,23.8694716,90.3902127,23.8729079
way/34150690,residential,no,,,,,281.05576849698076,90.3878451,23.8699164,90.3878217,23.8724527
way/34152308,residential,no,সড়ক ১৩,2,,,582.189103061495,90.4002119,23.8644467,90.405921,23.8646169
way/34152315,residential,no,,,,,482.19580486910814,90.4005167,23.8679544,90.4002075,23.8636127
way/34152323,residential,no,সড়ক ১৪এ,,,,154.62420219474447,90.4018505,23.8650371,90.4003337,23.865
way/341393974,residential,no,,,paved,,743.3319287736381,90.4000944,23.8679398,90.4003382,23.8746392
way/369716313,residential,no,লেক ড্রাইভ রোড,,asphalt,,487.3751643053101,90.3939183,23.8699474,90.393865,23.8743454
way/375586501,residential,no,সড়ক ৬এ,,,,53.66399837083236,90.3902516,23.8645126,90.3902412,23.8649968
way/375589831,residential,no,,,,,114.66426561075521,90.3968738,23.8646666,90.3968733,23.8657014
way/375589832,residential,no,,,,,821.8158112148539,90.4000944,23.8679398,90.4000717,23.8605802
way/380886700,residential,no,সড়ক ৪,,,,359.07737553963443,90.3975685,23.8644494,90.3975181,23.8676896
way/440998650,residential,no,,,,,78.61868759385733,90.388331,23.8650461,90.3883676,23.8643374
way/500030027,tertiary,yes,গাউসুল আজম এভিনিউ,,,,67.10995836785781,90.3932172,23.8694933,90.3938692,23.86947
way/508775105,residential,no,সড়ক ৮,,,,61.415160010328385,90.388814,23.8650414,90.3888276,23.8644873
way/592185612,residential,no,,,,,49.86721095144765,90.3877889,23.8645922,90.3878083,23.8650281
way/751783548,tertiary,yes,জসিমউদ্দিন এভিনিউ,,,,689.6010761785077,90.4001895,23.8605647,90.3934912,23.8614484
way/1061582318,tertiary,yes,লেক ড্রাইভ রোড,,,,85.9770618776419,90.393771,23.8692569,90.3939183,23.8699474
way/1061585920,tertiary,yes,লেক ড্রাইভ রোড,,,,236.35683555229724,90.3939231,23.8671926,90.393771,23.8692569
way/1205680460,residential,no,,,,,356.26545088737,90.4003387,23.8612259,90.4021288,23.8584773
way/1205680461,residential,no,সড়ক ৭,1,asphalt,30,84.4156753707633,90.4011665,23.8612537,90.4003387,23.8612259
way/1205680465,residential,no,সড়ক ৭,1,asphalt,30,96.07442198720288,90.4002206,23.8616899,90.4011626,23.8617247
way/1205680468,residential,no,সড়ক ৭,1,asphalt,30,103.29012530347288,90.4011587,23.8621913,90.4001454,23.8621698
way/1205680471,residential,no,সড়ক ৭,1,asphalt,30,99.54134443513581,90.400182,23.8626666,90.4011587,23.8626786
way/1205680477,residential,no,সড়ক ৭,1,asphalt,30,98.08845487247012,90.4001938,23.8631276,90.4011561,23.8631471
way/1205680480,residential,no,সড়ক ৭,1,asphalt,30,96.13900458624732,90.4002075,23.8636127,90.4011509,23.8636161
way/1357931898,tertiary,no,সড়ক ২,,,,383.89497403623363,90.398948,23.8644711,90.3995663,23.8678885
way/1357935129,residential,no,,,,,59.787142427840045,90.393421,23.8640185,90.3939823,23.8640459
way/1482652134,tertiary,yes,গরিব-এ-নেওয়াজ এভিনিউ,2,,,543.2516528974855,90.3908649,23.8693626,90.3907567,23.8742642
way/1482652135,tertiary,yes,গরিব-এ-নেওয়াজ এভিনিউ,,,,543.4183923755063,90.3908937,23.8742668,90.3910218,23.8693641
way/24718525,residential,no,সড়ক ১এ,,,,357.47276325067133,90.392322,23.865042,90.3888151,23.8649659
way/24718549,residential,no,সড়ক ৩,,,,425.2612203791378,90.3918515,23.8650318,90.3916821,23.868866
way/24718681,residential,no,সড়ক ৬,,,,167.9387380391797,90.3903664,23.8649996,90.3903625,23.8665151
way/24719055,residential,no,সড়ক ১৮,,,,253.4696294309571,90.3912597,23.8684395,90.3887731,23.868383
way/32546153,residential,no,,,,,50.24979079494046,90.3922191,23.8680885,90.3917266,23.8680659
way/34150744,residential,no,সড়ক ৬,,,,248.63148001158788,90.3878441,23.8703337,90.3902837,23.8703698
way/34150747,residential,no,সড়ক ৭,,,,247.86553088620332,90.3878396,23.8707653,90.3902718,23.8707945
way/34150756,residential,no,সড়ক ৮,,,,247.13662370359594,90.3878354,23.8711634,90.39026,23.8712155
way/34171033,residential,no,সড়ক ৫,,,,286.30018365675295,90.3908415,23.8650099,90.3907704,23.8675928
way/34171111,residential,no,,,,,102.00847846943033,90.3892419,23.8658958,90.3892857,23.8649761
way/34171112,residential,no,সড়ক ৭,,,,103.71541525585263,90.3898967,23.8659256,90.3899295,23.8649901
way/34171115,residential,no,,,,,66.17318224454047,90.3892629,23.8654616,90.3899114,23.8654923
way/155973804,residential,no,,,,,48.967517615998354,90.3922753,23.866999,90.3917949,23.8669889
way/155973806,residential,no,,,,,147.5863031340748,90.3918143,23.8664361,90.3903674,23.8663786
way/343385953,residential,no,সড়ক ২,,,,142.63944724828372,90.3922059,23.8693757,90.3922191,23.8680885
way/380537690,residential,no,সড়ক ৬,,,,72.54196598919837,90.3903389,23.8671694,90.3903625,23.8665151
way/439692091,residential,no,সড়ক ৭,,,30,137.2880183872037,90.3898967,23.8659256,90.3898383,23.8671634
way/448164157,residential,no,সড়ক ৯,,,,90.84009547529092,90.3887809,23.8679647,90.3887529,23.868784
way/489945775,residential,no,Road 9,,,,58.58920510496765,90.3885609,23.8687914,90.3885537,23.8693201
way/500030026,tertiary,yes,,,,,49.47518556315697,90.3927318,23.8694835,90.3932172,23.8694933
way/502553375,residential,no,সড়ক ৮,,,,325.74736812908213,90.388814,23.8650414,90.3886158,23.8679734
way/508775096,residential,no,সড়ক ১৭,,asphalt,,16.85187433865937,90.3887809,23.8679647,90.3886158,23.8679734
way/508775099,residential,no,সড়ক ১৯,,,,374.1239986970682,90.3916643,23.8693702,90.3885609,23.8687914
way/577436699,residential,reversible,,,,,68.38986699488058,90.3873032,23.8692937,90.3872928,23.8699106
way/666873242,residential,no,সড়ক ১৬,,,,268.2828216432546,90.3886309,23.8675505,90.391263,23.8676025
way/680236589,residential,no,সড়ক ১৫,,,,45.14650021025669,90.3903389,23.8671694,90.3907819,23.8671741
way/988150940,residential,no,,,,,253.26538336450258,90.3887809,23.8679647,90.3912642,23.8680374
way/1155965713,residential,no,,,,,47.22579580392896,90.3912642,23.8680374,90.3917266,23.8680659
way/1357935128,residential,no,,,,,66.80912091258041,90.3898967,23.8659256,90.3892419,23.8658958
way/24525346,residential,no,সড়ক ৭বি,,,,298.76943158125874,90.3939434,23.8656032,90.3968733,23.8657014
way/24525401,tertiary,yes,লেক ড্রাইভ রোড,,,,239.7548088158823,90.3938692,23.86947,90.3939263,23.8673408
way/24525423,residential,no,সড়ক ২,,,,348.0486746073271,90.3944459,23.8681963,90.3978613,23.8682175
way/24525512,residential,no,,,,,68.05637434431758,90.3965467,23.8675953,90.3965576,23.8682094
way/24525588,residential,no,সড়ক ২,,,,190.65664078200945,90.3978627,23.868342,90.3997336,23.8683272
way/24525607,residential,no,সড়ক ৪,,,,182.4416113542419,90.3991055,23.8678438,90.3991601,23.8694895
way/24525630,residential,no,সড়ক ৮,,,,100.6726743955389,90.3988123,23.8699643,90.3998002,23.8699558
way/24526042,residential,no,সড়ক ২০,,,,172.66747134732034,90.394417,23.8713641,90.3961099,23.871297
way/24545681,residential,no,সড়ক ১৪বি,,,,121.75201805521124,90.3945656,23.865624,90.3945539,23.8667227
way/24545735,residential,no,সড়ক ১৩,,,,437.79949131037904,90.39515,23.8666778,90.3994247,23.8670726
way/24546040,residential,no,Road 7c,,,,175.1871250667246,90.39516,23.8660795,90.396873,23.8662129
way/24565998,residential,no,সড়ক ৯,,,,153.67726535448995,90.3990608,23.8650851,90.3975585,23.865103
way/24576368,residential,no,সড়ক ১,,,,406.95522005389614,90.3978562,23.8677225,90.3978872,23.871395
way/24576374,tertiary,yes,রবীন্দ্র সরণী,,,,647.0151424227901,90.3939263,23.8673408,90.4002405,23.867954
way/24576449,residential,no,,,,,105.53030227134514,90.3953024,23.8682016,90.3953148,23.8691539
way/24576450,residential,no,,,,,88.37707826612642,90.3944415,23.8686907,90.3953087,23.8686893
way/24576452,residential,no,সড়ক ১৬,,,,142.48892586436543,90.3944371,23.8691674,90.3958348,23.8691343
way/24576477,tertiary,yes,লেক ড্রাইভ রোড,,,,53.552563420753,90.3939183,23.8699474,90.3938692,23.86947
way/24576478,residential,no,,,,,230.48893074763458,90.3944042,23.8699466,90.3966647,23.869874
way/24576481,residential,no,সড়ক ১৭,,,,176.66628962126845,90.3951321,23.8691595,90.3951445,23.8707538
way/24576482,residential,no,সড়ক ১৩,,,,280.1826914556504,90.3957921,23.8682046,90.3959077,23.8707309
way/24576483,residential,no,সড়ক ১৯,,,,227.93522660798703,90.3944223,23.8707767,90.3966579,23.8707085
way/24576549,residential,no,সড়ক ৫,,,,337.78158944577865,90.3997336,23.8683272,90.3998581,23.8713734
way/24576551,residential,no,সড়ক ৯,,,,198.0558581272249,90.3978803,23.8705583,90.3998237,23.8705319
way/24576552,residential,no,,,,,92.9685533310696,90.3985377,23.8705488,90.3985409,23.8713878
way/24576553,residential,no,সড়ক ১১,,,,132.09678376729846,90.3968077,23.8682131,90.3968215,23.869405
way/32299513,residential,no,সড়ক ৭,,,,239.87363905342306,90.3978718,23.8695024,90.4002256,23.8694765
way/34170081,residential,no,সড়ক ১০,,,,132.24469282695796,90.3972893,23.8682139,90.3973162,23.8694071
way/155973800,residential,no,,,,,82.6099235469845,90.3951016,23.8674549,90.3951077,23.8682004
way/155973814,residential,no,,,,,116.55097864567165,90.3988169,23.8705456,90.3988086,23.8694938
way/380536471,residential,no,সড়ক ৬,,paved,,129.88593860476365,90.3978672,23.8689387,90.3991418,23.8689331
way/380537123,residential,no,সড়ক ৬,,,,206.30211024493855,90.3958467,23.8693944,90.3978711,23.8694121
way/380537124,residential,no,সড়ক ১২,,,,67.14029293376628,90.3963144,23.8693984,90.3963016,23.8687926
way/380537244,residential,no,,,,,102.44650753891383,90.3958195,23.8687982,90.3968248,23.8687916
way/380886538,residential,no,,,,,125.84503582325672,90.3968747,23.8668371,90.3968733,23.8657014
way/380886699,residential,no,সড়ক ১১,,,,165.48074019894648,90.3975498,23.8656717,90.3991713,23.8656869
way/380886900,residential,no,Road 9/B,,,,93.12864883370307,90.3991721,23.8713809,90.3991621,23.8705405
way/381012247,residential,no,সড়ক ১৩এ,,,,142.47072825286,90.3981808,23.8669577,90.3981923,23.865672
way/381012248,residential,no,,,,,148.82452035587553,90.3989155,23.8670256,90.3989049,23.8656829
way/1061582319,tertiary,yes,রবীন্দ্র সরণী,,,,646.3106488757546,90.4002339,23.867774,90.3939231,23.8671926
way/1357928449,residential,no,সড়ক ১৬,,,,16.425038692552807,90.3939263,23.8673408,90.3939231,23.8671926
way/1357931899,residential,no,সড়ক ৮,,,,95.46136159965096,90.3978766,23.8700958,90.3988131,23.8700739
way/1357931900,residential,no,,,,,49.51408319660776,90.3939183,23.8699474,90.3944042,23.8699466
way/1357931901,residential,no,সড়ক ১৮,,,,283.15376414831087,90.3944042,23.8699466,90.3944529,23.8673919
way/1357931902,residential,no,সড়ক ১৩,,,,125.22091555911402,90.3939271,23.8666579,90.3951482,23.8667843
way/1357935130,residential,no,সড়ক ১৫,,,,17.096434403531404,90.3951016,23.8674549,90.3951395,23.8673046
way/34152357,residential,no,সড়ক ৬,,,,112.2659280971001,90.4017288,23.8616774,90.4017512,23.8606645
way/34152360,residential,no,সড়ক ৮,,,,271.5266698576598,90.404385,23.8620462,90.401722,23.8619654
way/34152362,residential,no,সড়ক ৯,,,,325.8557145796589,90.401709,23.8624735,90.4049012,23.8626379
way/34152370,residential,no,সড়ক ১০,,,,437.1304051534068,90.4016945,23.8630392,90.4059809,23.8631771
way/34152372,residential,no,সড়ক ১১,,,,435.5210603149883,90.4016904,23.8635111,90.4059617,23.8636407
way/34152374,residential,no,সড়ক ১২,,,,435.8743878639514,90.4016707,23.8639412,90.4059427,23.8641343
way/34152399,residential,no,সড়ক ৬এ,,,,131.34217124867797,90.403047,23.8604326,90.4017586,23.8604022
way/34152402,residential,no,সড়ক ২এ,,,,165.97591985358972,90.4044509,23.8597198,90.4060781,23.8597621
way/34152403,residential,no,সড়ক ২বি,,,,90.55865930813461,90.4050068,23.8602237,90.4058954,23.8602301
way/34152404,residential,no,সড়ক ২সি,,,,88.90754320872765,90.4058674,23.8607255,90.404995,23.860719
way/34152405,residential,no,সড়ক ২ডি,,,,100.85997636962773,90.4049838,23.8612019,90.4059734,23.861216
way/34152406,residential,no,সড়ক ২ই,,,,94.04267602050732,90.4049898,23.8617145,90.4059125,23.8617285
way/34152407,residential,no,সড়ক ২এফ,,,,92.63296432265503,90.4058468,23.8622408,90.4049381,23.8622248
way/34152408,residential,no,সড়ক ১,,,,125.03965996132675,90.405616,23.8586228,90.405578,23.8597507
way/351463411,residential,no,সড়ক ৪,,asphalt,,295.6495779284899,90.4015588,23.8592199,90.4044599,23.8592221
way/381000276,residential,no,,,,,56.40569967148329,90.4044255,23.861412,90.4049789,23.8614216
way/381004721,residential,no,সড়ক ১/এ,,,,98.332438352889,90.4019068,23.8587665,90.4028711,23.8587977
way/690416794,residential,no,সড়ক ২এফ,,,,105.01134720175348,90.405498,23.8622278,90.4054402,23.863174
way/1089802516,residential,no,,,,,230.48060012108473,90.4023091,23.8599657,90.4028923,23.8584004
way/1089802517,residential,no,,,,,60.93638653445986,90.4038477,23.8600239,90.4044445,23.860058
way/1089802518,residential,no,,,,,135.75197256882086,90.4028426,23.8599878,90.4033467,23.8592212
way/1089802519,residential,no,,,,,143.05432985130176,90.4033175,23.8600086,90.403888,23.8592216
way/1089802520,residential,no,,,,,82.57482320875746,90.4023091,23.8599657,90.4023052,23.8592205
way/1089802556,residential,no,,,,,48.36925148724523,90.4018346,23.8599554,90.4023091,23.8599657
way/1089802557,residential,no,,,,,164.7300202733869,90.4010179,23.8599393,90.4018434,23.8592201
way/1195995376,residential,no,সড়ক ৩,,,,323.7818974642692,90.4044517,23.8596771,90.4043634,23.8625975
way/1205680459,residential,no,সড়ক ৭,1,asphalt,30,62.30229373798456,90.4011606,23.8607734,90.4005494,23.8607607
way/1205680462,residential,no,,,,,47.033362351793585,90.4011588,23.8616781,90.4011665,23.8612537
way/1205680463,residential,no,সড়ক ৬,,,,160.40937956084534,90.4016635,23.8644864,90.4016945,23.8630392
way/1205680466,residential,no,,,,,51.704434440252975,90.4011587,23.8621913,90.4011626,23.8617247
way/1205680469,residential,no,,,,,53.99663088072204,90.4011587,23.8626786,90.4011587,23.8621913
way/1205680472,residential,no,,,,,40.53349282836283,90.4011585,23.8630444,90.4011587,23.8626786
way/1205680473,residential,no,সড়ক ৬,,,,150.93849806539748,90.4016945,23.8630392,90.4017288,23.8616774
way/1205680474,residential,no,,,,,54.624951357764225,90.4011585,23.8630444,90.4016945,23.8630392
way/1205680475,residential,no,,,,,11.382587706409172,90.4011561,23.8631471,90.4011585,23.8630444
way/1205680478,residential,no,,,,,51.97155604483359,90.4011509,23.8636161,90.4011561,23.8631471
way/1205680481,residential,no,,,,,93.62006806520868,90.4011316,23.8644608,90.4011509,23.8636161
way/1205680675,residential,no,,,,,53.224880051362405,90.4011665,23.8612537,90.4011606,23.8607734
way/1205680676,residential,no,,,,,58.087395579204426,90.4011588,23.8616781,90.4017288,23.8616774
way/1205680677,residential,no,,,,,5.178142638748127,90.4011626,23.8617247,90.4011588,23.8616781
way/1219692171,residential,no,সড়ক ৬,,,,107.24050846712194,90.4028034,23.8606793,90.4017512,23.8606645
way/1219692172,residential,no,সড়ক ৬,,,,49.677502900901416,90.4017586,23.8604022,90.4017634,23.8599539
way/1219692173,residential,no,সড়ক ৬এ,,,,100.14248576876382,90.4017586,23.8604022,90.4007774,23.8603528
way/1219692174,residential,no,সড়ক ৬,,,,29.074644220281005,90.4017512,23.8606645,90.4017586,23.8604022
way/1388481600,residential,yes,Shayesta Khan Avenue,,,,416.2458352254769,90.4020655,23.8584768,90.4061451,23.8586449
way/1390297961,residential,no,সড়ক ৩,,,,131.0896041651655,90.4045129,23.8584966,90.4044517,23.8596771
way/1390297962,residential,no,,,,,130.68582651649203,90.4050452,23.858511,90.4049902,23.8596892
way/1390299646,residential,no,,,,,58.94536063916712,90.4063627,23.862031,90.4059125,23.8617285
way/1390302206,residential,no,,,,,59.60824589398626,90.4011606,23.8607734,90.4017452,23.8607912
way/167571627,residential,no,,,,,281.61109898688323,90.4106222,23.8628235,90.4125396,23.8645728
way/167571628,residential,no,,,,,602.9557959866142,90.4095744,23.8599287,90.4075963,23.8647637
way/167571635,residential,no,,,,,258.21799833248,90.4119959,23.8639661,90.4124902,23.8622193
way/167571636,residential,no,,,,,60.51928415590423,90.4083312,23.8587746,90.4086686,23.8591957
way/504938023,residential,no,,,,,247.73309651414678,90.4104416,23.8641968,90.4126805,23.8648416
way/505032304,residential,no,,,,,136.04256683669345,90.413251,23.8616219,90.4122517,23.8610452
way/505033489,residential,no,,,,,82.6523683544678,90.4131091,23.8648006,90.4125396,23.8645728
way/505468942,residential,no,,,,,158.37435305811198,90.4109316,23.8603218,90.4124235,23.8607215
way/1203029267,residential,no,,,,,245.121806126932,90.4108137,23.8603095,90.4098021,23.8622725
way/1222383689,residential,no,,,,,191.39532727964695,90.4097121,23.8594443,90.4115221,23.8597442
way/1222384404,residential,no,,,,,200.58522213585394,90.4086686,23.8591957,90.4079198,23.8608082
way/1222447263,residential,no,Kashem Polli,,,,107.93167809924756,90.4126323,23.8584993,90.4122601,23.8593449
way/33914225,residential,no,,,,,186.16568893122678,90.4034365,23.8726193,90.4033925,23.8709399
way/34152318,residential,no,সড়ক ১৪,,,,309.04261617519586,90.4018729,23.8644895,90.4017682,23.8672766
way/34152319,residential,no,সড়ক ১৫,,,,309.03727025670383,90.4024873,23.8645094,90.4024057,23.8672973
way/34152333,residential,no,সড়ক ১৯এ,,,,205.28460810189583,90.4038878,23.8645512,90.4040857,23.866271
way/34152354,residential,no,,,,,666.1143299174937,90.4049902,23.8596892,90.4047421,23.8656899
way/167571632,tertiary,no,Mukti Joddha Sarani,,asphalt,,1148.045406550121,90.4099945,23.8681901,90.4132788,23.8587438
way/306064941,residential,no,,,,,392.73094105259355,90.4091926,23.871529,90.4099945,23.8681901
way/306065423,residential,no,ফায়দাবাদ মূল সড়ক,,,,925.7307077426669,90.4115872,23.8773558,90.4121965,23.870234
way/367740542,residential,no,,,,,213.01840796395075,90.4135718,23.8657591,90.411907,23.8662902
way/367741231,residential,no,ফরিদাবাদ প্রধান সড়ক,,,,224.2329700864817,90.4129535,23.8702615,90.413472,23.8683057
way/380532619,residential,no,,,,,714.0871947471072,90.406045,23.8764854,90.4061659,23.8700437
way/500030058,residential,no,,,,,320.8380498169634,90.4091986,23.8714697,90.4061357,23.8708229
way/500033734,residential,no,,,,,162.8338030719243,90.413095,23.8709969,90.4144256,23.8706092
way/500033740,residential,no,,,,,275.5818422338842,90.4062562,23.8663441,90.4080741,23.865399
way/500042596,residential,no,,,,,158.08764843946688,90.4129535,23.8702615,90.4144791,23.8702341
way/502599042,residential,no,,,,,143.145981715008,90.4144127,23.8643882,90.4131091,23.8648006
way/504935643,residential,no,,,,,132.16615926092692,90.4075252,23.8652593,90.4062878,23.8649021
way/504938024,residential,no,,,,,301.6410222913179,90.4116359,23.8616433,90.4137696,23.8617802
way/504938034,residential,no,,,,,223.70287913614357,90.4059809,23.8631771,90.4079944,23.8631935
way/504946494,residential,no,,,,,168.55270251788414,90.4075963,23.8647637,90.4085962,23.8655291
way/505032308,residential,no,,,,,111.08851942197217,90.4127292,23.8658967,90.4127018,23.8648969
way/690427026,residential,no,সড়ক ২বি,,,,194.124153019082,90.4058954,23.8602301,90.4075978,23.8605688
way/786962604,residential,no,,,,,621.71672649638,90.4063627,23.862031,90.4062457,23.8676406
way/798086605,residential,no,,,,,212.66978132061786,90.4062155,23.8684509,90.4082923,23.8686003
way/1054316796,secondary,no,শাহ কবির মাজার সড়ক,,asphalt,,1817.6508429579208,90.4059963,23.8676545,90.4229905,23.8706359
way/1097968297,residential,no,সড়ক ১৬,,,,611.8598564137336,90.4031821,23.862529,90.4036787,23.8679518
way/1190530257,residential,no,,,,,106.89937375770512,90.4119223,23.8719347,90.4122528,23.8710193
way/1220425027,residential,no,,,,,174.2920873945938,90.4072644,23.8685137,90.4062009,23.869097
way/1220425028,residential,no,,,,,108.7745855943763,90.4062339,23.8680878,90.4072955,23.8681889
way/1221667843,residential,no,,,,,164.32016643653935,90.4073177,23.8702944,90.4057441,23.8700081
way/1222384014,residential,no,,,,,75.58998478395304,90.4063785,23.8597968,90.4070325,23.8600762
way/1223411791,residential,no,,,,,107.41276377379911,90.4062097,23.8686746,90.4072414,23.8688733
way/24544406,residential,yes,ঈশা খাঁ এভিনিউ,2,paved,,274.9144518725509,90.4006995,23.8709408,90.4033951,23.870998
way/24576373,secondary,yes,শাহ জালাল এভিনিউ,2,paved,,529.1275393554573,90.400467,23.8679526,90.4056555,23.8681397
way/34152263,residential,no,রাজউক কলেজ সড়ক,2,,30,342.5408694010042,90.4014675,23.8678617,90.4013316,23.8709487
way/34152268,residential,no,,,,,325.86968158380296,90.4042627,23.8680895,90.4041553,23.8710287
way/34152271,residential,no,সড়ক ১৩,,,,281.4129280605958,90.4014687,23.8689203,90.4042285,23.8690122
way/34152272,residential,no,সড়ক ১৪,,,,197.0998987905971,90.4022769,23.869461,90.4042104,23.8695096
way/34152275,residential,no,সড়ক ১৫,,,,109.96087369856203,90.4022608,23.8699236,90.403339,23.869964
way/34152277,residential,no,সড়ক ১৬,,,,111.82200397258042,90.4022407,23.8703871,90.403337,23.8704315
way/34152278,residential,no,,,,,167.08059692636547,90.4022769,23.869461,90.4021963,23.8709668
way/34152279,residential,no,,,,,137.2840716438854,90.4042165,23.8693424,90.405563,23.8693711
way/34152280,residential,no,,,,,185.82143848122058,90.4049727,23.8693728,90.4049009,23.8710484
way/34152317,residential,no,সড়ক ২১,,,,449.65943172981304,90.4004794,23.8672281,90.403596,23.8673521
way/34152322,residential,no,সড়ক ১৭,,,,207.18844603480537,90.4038604,23.8650792,90.4058909,23.8651704
way/34152325,residential,no,সড়ক ১৪বি,,,,149.5819345464325,90.401842,23.8656689,90.4003751,23.86562
way/34152327,residential,no,সড়ক ১৪সি,,,,142.9497232316808,90.4018183,23.8662613,90.400416,23.8662273
way/34152328,residential,no,সড়ক ১৪ডি,,,,137.22066236118386,90.4017913,23.8667497,90.400445,23.8667248
way/34152329,residential,no,সড়ক ২০,,,,301.72083782815605,90.4035003,23.8668755,90.4057266,23.8676137
way/34152331,residential,no,সড়ক ১৮,,,,282.1303038827256,90.4031038,23.8656091,90.4058698,23.8657107
way/34168948,residential,no,সড়ক ১৯,,,,179.64139092792274,90.4040857,23.866271,90.4058471,23.8663347
way/380530146,residential,no,,,paved,,330.68472609443387,90.4007409,23.8709315,90.4005167,23.8679544
way/381000281,residential,no,,,,,54.802228401595954,90.4049376,23.8703866,90.405475,23.8704057
way/381000282,residential,no,,,,,80.97804881921182,90.4049531,23.8699379,90.4057441,23.8700081
way/381000284,residential,no,সড়ক ১৫,,,,149.00924248235287,90.4018062,23.8664946,90.403268,23.866514
way/684022502,secondary,yes,শাহ জালাল এভিনিউ,2,paved,,523.5179624720018,90.4056059,23.8680303,90.4004735,23.8678212
way/798086602,residential,no,,,,,266.4159882802124,90.4061659,23.8700437,90.4062457,23.8676406
way/1089433643,residential,no,,,,,118.55938776410886,90.4047508,23.8669245,90.4046971,23.8679933
way/1089433644,residential,no,,,,,102.49271793862742,90.4036874,23.8689942,90.4037458,23.8680708
way/1097968298,residential,no,,,,,102.63138993736739,90.4032522,23.868053,90.4032007,23.868978
way/1097968299,residential,no,,,,,102.77762751378455,90.4027052,23.8689615,90.4027424,23.8680346
way/1103356995,residential,no,,,,,12.15642617461211,90.4051571,23.8681217,90.4051557,23.868012
way/1103361341,residential,no,,,,,67.81008893039231,90.4044133,23.8669019,90.4044362,23.8662903
way/1103361342,residential,no,,,,,119.46277033426175,90.4042494,23.8679751,90.4042775,23.8668973
way/1103361343,residential,no,,,,,119.43775943390054,90.4051557,23.868012,90.4051943,23.8669347
way/1196717910,residential,no,,,,,116.09807891110003,90.4053006,23.8685919,90.405563,23.8693711
way/1226373067,secondary,yes,শাহ জালাল এভিনিউ,2,paved,,78.96923436332382,90.4056555,23.8681397,90.4059963,23.8676545
way/1226373068,secondary,yes,শাহ জালাল এভিনিউ,2,paved,,88.44148134280509,90.4060864,23.8676294,90.4056059,23.8680303
way/1358105947,residential,no,,,,,61.589875764536984,90.4022338,23.8689458,90.4022769,23.869461
way/1390305012,residential,no,,,,,34.88195684675375,90.403607,23.8674351,90.403949,23.8674218
way/1390381753,residential,yes,ঈশা খাঁ এভিনিউ,2,paved,,153.5471953992356,90.4033951,23.870998,90.4049009,23.8710484
way/1390381754,residential,yes,,,,,429.4785627863166,90.4049039,23.8709938,90.4006918,23.8708604
way/1390381755,residential,no,ঈশা খাঁ এভিনিউ,2,paved,,81.00903959715195,90.4049009,23.8710484,90.4056926,23.8711148
way/306064942,residential,no,,,,,298.6594602187789,90.4091587,23.8678402,90.408153,23.8703247
way/306065425,residential,no,,,,,256.4437208865485,90.4116492,23.8680419,90.4120428,23.865823
way/500030056,residential,no,,,,,53.57540186367336,90.4072955,23.8681889,90.4073456,23.8677076
way/504935642,residential,no,,,,,12.545835786546716,90.4087163,23.865554,90.4085962,23.8655291
way/510298125,residential,no,,,,,129.87589485358723,90.4116851,23.8701793,90.4129535,23.8702615
way/510298126,residential,no,,,,,81.94751743566235,90.4115915,23.8708989,90.4116851,23.8701793
way/762781055,residential,no,,,,,133.05287877601376,90.4107456,23.8681822,90.4108366,23.8693756
way/798086601,residential,no,Sangrami Sarani,,,,216.8691243446417,90.4083122,23.8676821,90.408829,23.8658349
way/798086603,residential,no,,,,,71.5820942487265,90.4073177,23.8702944,90.4075293,23.8696784
way/798086604,residential,no,,,,,36.129506739593914,90.4072955,23.8681889,90.4072644,23.8685137
way/1190530256,residential,no,,,,,128.13799226984702,90.4098681,23.8698841,90.4111075,23.8700795
way/1221659272,residential,no,,,,,84.201082914343,90.4129535,23.8702615,90.413095,23.8709969
way/1221667844,residential,no,,,,,89.04201621066241,90.408153,23.8703247,90.4073177,23.8702944
way/167685971,residential,no,,,,,294.1934567503435,90.4188918,23.8499919,90.4173173,23.8514652
way/157876916,residential,no,আশকোনা সিটি কমপ্লেক্স সড়ক,,asphalt,,694.6964989681711,90.4173651,23.8523288,90.4213997,23.8561667
way/157876923,residential,no,,,,,230.35410691550132,90.4151477,23.8535784,90.4150086,23.8515279
way/505538264,residential,no,,,,,102.30168665306276,90.4147495,23.8579698,90.4146753,23.8588874
way/527586913,residential,no,,,,,1017.9854883298391,90.4165746,23.8515132,90.423956,23.8491571
way/528105367,residential,no,,,asphalt,,181.5559374902841,90.4160362,23.8515063,90.4173651,23.8523288
way/786809292,residential,no,,,,,242.64035018654522,90.4141666,23.8535457,90.4139648,23.8514112
way/1223389999,residential,no,,,,,142.5925264018678,90.4153322,23.8588843,90.4155183,23.8576112
way/1270638538,residential,no,,,,,58.36349363387849,90.4140674,23.8588541,90.4141397,23.8583316
way/1270641314,residential,no,,,,,283.02036358917695,90.4177843,23.8595324,90.4184156,23.8573242
way/157869080,residential,no,,,,,419.4911416956109,90.414058,23.8553533,90.4175413,23.8549909
way/157876919,residential,no,,,,,614.2935498188604,90.4187838,23.8549703,90.4134846,23.8536096
way/168018875,residential,no,,,,,72.31286774709106,90.4194061,23.853825,90.4192913,23.8543448
way/168018882,residential,no,,,,,213.12298610037828,90.4192031,23.8538144,90.4194268,23.8519551
way/497980514,residential,no,,,,,210.0187658190502,90.4176993,23.8562201,90.4184156,23.8573242
way/497981639,residential,no,,,,,64.19275963302701,90.4175395,23.8574524,90.4173477,23.8570202
way/501369161,residential,no,,,,,83.87739660582677,90.4153213,23.8539606,90.4152918,23.8547094
way/505524203,residential,no,,,,,152.2918927187252,90.4137289,23.8578746,90.4148516,23.8575872
way/1221928954,residential,no,,,,,33.49287529119075,90.4180494,23.8534683,90.4177358,23.8535587
way/1222155540,residential,no,,,,,141.09310649467085,90.4172327,23.8531226,90.4185344,23.8528418
way/1222155541,residential,no,,,,,78.04780663940204,90.4176383,23.8527463,90.4169307,23.8529856
way/1222155542,residential,no,,,,,63.87397994045271,90.4174751,23.8524865,90.4169104,23.8527164
way/1222208922,residential,no,,,,,107.15288816484446,90.4159022,23.857626,90.4148516,23.8575872
way/1222208923,residential,no,,,,,39.847945868662,90.4159022,23.857626,90.415906,23.8572664
way/167571634,residential,no,,,,,176.42467690443075,90.4155281,23.859061,90.4152069,23.8606244
way/367740334,residential,no,,,,,481.47523305243675,90.4152069,23.8606244,90.4144127,23.8643882
way/498012903,residential,no,,,,,185.7775000941765,90.4177533,23.8627277,90.4194076,23.8630067
way/498012904,residential,no,,,,,50.9757371295788,90.4192243,23.8620664,90.4192857,23.8616099
way/498012906,residential,no,,,,,173.77786849630203,90.4177639,23.8616868,90.4192857,23.8616099
way/505033487,residential,no,,,,,72.98439750209786,90.4144127,23.8643882,90.4145155,23.8648171
way/505041667,residential,no,,,,,121.10738065843267,90.4178016,23.8639204,90.416625,23.8638997
way/665712220,residential,no,,,,,204.24429862684346,90.4190266,23.8615561,90.4193629,23.8597431
way/1209657299,residential,no,,,,,69.00757033915414,90.4170273,23.8644994,90.4169187,23.863885
way/1209657300,residential,no,,,,,55.78533442707851,90.4192347,23.8623767,90.4190619,23.862853
way/1221488411,residential,no,,,,,106.5714477853353,90.4153131,23.8600034,90.4142709,23.8599241
way/1221908680,residential,no,,,,,115.16079400966467,90.4194076,23.8630067,90.4190496,23.8638824
way/1221908681,residential,no,,,,,51.01100433497244,90.4197199,23.8624783,90.4192347,23.8623767
way/1222394233,residential,no,,,,,46.09756085673724,90.4192243,23.8620664,90.4191897,23.8624812
way/306064970,residential,no,গণ কবরস্থান সড়ক,,,,1474.7363894818122,90.4176733,23.8684459,90.4143909,23.8811431
way/306065419,residential,no,,,,,1215.6618341911148,90.4137984,23.868151,90.421631,23.8612386
way/367740418,residential,no,,,,,626.1120437587484,90.4178678,23.8595453,90.418072,23.865006
way/367740537,residential,no,,,,,223.58261896272953,90.4145155,23.8648171,90.4150087,23.8665616
way/498002216,residential,no,,,,,160.38035425561233,90.4198616,23.8644559,90.4201888,23.8657989
way/500033736,residential,no,,,,,417.53492395227704,90.4144676,23.8728026,90.4174392,23.871453
way/500318694,residential,no,,,,,449.84806589723604,90.4206363,23.8730109,90.4198496,23.8712085
way/500318716,residential,no,,,,,449.87061482443556,90.4201888,23.8657989,90.4210991,23.8676231
way/1221908516,residential,no,,,,,139.7051874391766,90.4194076,23.8630067,90.4205928,23.8636223
way/1221908517,residential,no,,,,,92.31663071099443,90.4197199,23.8624783,90.4203826,23.8622169
way/306065418,residential,no,,,,,191.87139755674843,90.4175465,23.8684352,90.417386,23.8667318
way/306065426,residential,no,ভাই ভাই মার্কেট সড়ক,0,concrete,20,330.8247985194811,90.4157154,23.8682102,90.4152192,23.8709528
way/497981638,residential,no,,,,,68.64468911790178,90.4179161,23.8654115,90.4179305,23.8660304
way/500042595,residential,no,,,,,11.159939262115236,90.4134739,23.868205,90.413472,23.8683057
way/510298122,residential,no,,,,,27.550699658095485,90.4179305,23.8660304,90.4182007,23.8660218
way/510298123,residential,no,,,,,79.80847881303457,90.4178875,23.8667495,90.4179305,23.8660304
way/510298124,residential,no,,,,,51.40479866668604,90.417386,23.8667318,90.4178875,23.8667495
way/1092533263,residential,no,,,,,156.98493751895327,90.419169,23.8687294,90.4191546,23.8673188
way/1223388274,residential,no,,,,,45.09481145757334,90.4152192,23.8709528,90.4152527,23.8713586
way/1451976880,residential,no,,,,,114.52014596170179,90.4163407,23.8682747,90.4162031,23.8691971
way/34139585,residential,no,সড়ক ২,,,,237.69646317656893,90.3908771,23.8748996,90.3932092,23.8749463
way/34150591,residential,no,সড়ক ১এ,,,,205.4645489509765,90.3931616,23.8762729,90.3932288,23.8744197
way/34150629,residential,no,সড়ক নং ১৭,,,,67.00967213242843,90.3907184,23.8759996,90.3900608,23.8760044
way/34150657,residential,no,,,,,137.3064331472332,90.3914917,23.873748,90.3928389,23.8737732
way/34150763,residential,no,সড়ক ৯,,,,246.4071770872771,90.3878307,23.8716102,90.3902488,23.871617
way/34150765,residential,no,,,,,140.02540141537708,90.388625,23.8716125,90.3886027,23.872876
way/34150778,residential,no,সড়ক ১০,,,,164.99356869188884,90.3886174,23.8720437,90.3902365,23.8720572
way/34150809,residential,no,,,,,51.152418679653934,90.3884291,23.8738644,90.3884261,23.8743257
way/380535599,residential,no,,,,,58.32213802067682,90.3915299,23.8718185,90.3909577,23.8718167
way/380535600,residential,no,,,,,52.03340288350751,90.3915307,23.8717788,90.3920411,23.8717929
way/587282391,residential,no,সড়ক ২বি,,,,80.72642453020312,90.3937453,23.8744321,90.3937308,23.8751605
way/587282799,residential,no,,,,,70.60619378016499,90.3928389,23.8737732,90.3928003,23.8744094
way/640378099,residential,no,,,,,63.18423385120579,90.3929044,23.8768396,90.3929082,23.8762694
way/640378100,residential,no,,,,,62.72479161258372,90.3933459,23.8768419,90.3933552,23.8762759
way/663638229,residential,no,,,,,48.81194818428415,90.3892568,23.8747838,90.3892593,23.8743433
way/664664668,residential,no,,2,,20,53.92028453759548,90.3873198,23.8738346,90.3873224,23.873348
way/664664961,residential,no,,,,,55.109515223173794,90.3873224,23.873348,90.3873291,23.8728507
way/1205675266,residential,no,,,,,62.4868829295388,90.3925352,23.8768272,90.39254,23.8762633
way/1212942773,residential,no,,,,,13.240335613385932,90.3908483,23.8760025,90.3907184,23.8759996
way/1212942774,residential,no,,,,,13.087822616648644,90.3873629,23.8742025,90.3873611,23.8743206
way/1387986312,residential,no,,,,,51.66892677864487,90.3891106,23.8752466,90.3891007,23.8747804
way/1473818630,residential,no,সড়ক ১০,,,,91.58254736072382,90.3900728,23.8752651,90.3900594,23.8760915
way/1473818631,residential,no,সড়ক ১০,,,,9.399080867028282,90.3900594,23.8760915,90.3901451,23.8761173
way/24525944,residential,no,সড়ক ২৪,,,,272.0169600319415,90.3966325,23.8738797,90.3993019,23.8738748
way/24525954,residential,no,সড়ক ৩১,,,,206.48058875830995,90.3977698,23.8720077,90.3977749,23.8738711
way/24525995,residential,no,সড়ক ২৯,,,,344.3554770457837,90.4000268,23.8719923,90.3966476,23.8720153
way/24526015,residential,no,সড়ক ৩৪,,,,208.1187400203355,90.3993436,23.871997,90.3993019,23.8738748
way/24526016,residential,no,সড়ক ৩২,,,,271.89688646074046,90.3982503,23.8720082,90.3982694,23.8744619
way/24526017,residential,no,সড়ক ৩৩,,,,207.08417998805385,90.3988094,23.8720006,90.3987939,23.8738694
way/24526079,residential,no,সড়ক ২১,,,,106.53361044326772,90.394406,23.8725633,90.3954502,23.8725158
way/24576555,residential,no,সড়ক ২৪,,,,228.1002147066157,90.3943952,23.8737357,90.3966337,23.8737326
way/34152105,residential,no,সড়ক ২১,,,,173.37012021340817,90.3961113,23.8718892,90.3944115,23.8719565
way/34152108,residential,no,সড়ক ২৫,,,,201.47495458182777,90.3954416,23.8719161,90.3954651,23.8737342
way/34152109,residential,no,সড়ক ২৩,,,,132.58914909018057,90.3949504,23.8725385,90.3949371,23.873735
way/34152110,residential,no,,,,,120.9707855713036,90.3954539,23.8728324,90.396641,23.872823
way/34152200,residential,no,,,,,182.27745010325975,90.3970392,23.8764054,90.3968412,23.8780396
way/34152213,residential,no,সড়ক ৩ই,,,,198.63056773878475,90.3979101,23.8758468,90.3978839,23.8776392
way/34152214,residential,no,সড়ক ৩ডি,,,,199.2233148670939,90.3983788,23.8758536,90.3983278,23.8776509
way/34152215,residential,no,সড়ক ৩সি,,,,200.88906491539635,90.3988352,23.8758624,90.3987565,23.8776739
way/34152216,residential,no,সড়ক ৩বি,,,,200.9230542799732,90.3993073,23.8758745,90.3992434,23.8776868
way/34152218,residential,no,সড়ক ৩এ,,,,342.5449768741253,90.3995839,23.8746171,90.3996784,23.8777005
way/34152219,residential,no,সড়ক ১,,,,213.4096086278959,90.3995979,23.8750508,90.3975042,23.8750025
way/34152227,residential,no,সড়ক ২,,,,209.23617664322882,90.3996361,23.8754531,90.3975835,23.8754047
way/34152228,residential,no,Road 5,,asphalt,,263.3161893017041,90.3965323,23.8749296,90.3974801,23.8764127
way/34152230,residential,no,সড়ক ১,,,,184.88912082637376,90.3965323,23.8749296,90.3947193,23.8748627
way/34152231,residential,no,সড়ক ২,,,,131.31174000032772,90.3965128,23.8752979,90.3952255,23.8752688
way/34152235,residential,no,সড়ক ৩,,,,97.15474770945626,90.3965018,23.8756934,90.3955517,23.8756543
way/34152237,residential,no,,,,,42.37501100727946,90.3955203,23.8752834,90.3955517,23.8756543
way/155973809,residential,no,,,,,72.76617795418048,90.400009,23.8740945,90.3992949,23.8740976
way/155973819,residential,no,,,,,228.93868612648365,90.4000189,23.872924,90.3977723,23.8729025
way/293906603,residential,no,,,,,53.540501127264484,90.3938689,23.8738306,90.3943943,23.8738357
way/367563324,residential,no,,,asphalt,,100.3174083228885,90.3964925,23.8760291,90.3974767,23.8760515
way/380547573,residential,no,সড়ক ৩০,,,,107.14240103573289,90.3972144,23.8729091,90.397244,23.8738753
way/500035962,residential,no,,,,,81.57948940056859,90.3950367,23.874471,90.3950238,23.8737349
way/587282798,residential,no,সড়ক ৪,,,,47.12180881715854,90.3950139,23.8762876,90.3950058,23.8758778
way/616975990,residential,no,,,,,57.241594877247834,90.3969033,23.8775402,90.3974643,23.8775672
way/641649731,residential,no,,,,,40.54293909207514,90.3957582,23.8756886,90.3957754,23.8760504
way/641649732,residential,no,,,,,42.98575230795183,90.3952256,23.8748815,90.3952255,23.8752688
way/641649733,residential,no,,,,,44.916215847802505,90.3947313,23.8744575,90.3947193,23.8748627
way/652404553,residential,no,,,,,24.69833902146019,90.3992949,23.8740976,90.3993019,23.8738748
way/652404554,residential,no,,,,,71.50012802800863,90.3993136,23.8733509,90.4000152,23.8733606
way/652404555,residential,no,,,,,43.64047543212418,90.39928,23.8744912,90.3992949,23.8740976
way/652404556,residential,no,,,,,54.865122618335235,90.396111,23.871809,90.3966493,23.8717985
way/653460921,residential,no,,,,,115.69433454772886,90.396638,23.8732018,90.3977731,23.8731944
way/1390677174,residential,no,সড়ক ৩০,,,,99.5066837718433,90.3972186,23.8720111,90.3972144,23.8729091
way/1390687571,secondary,yes,সোনারগাঁও জনপথ,,,,73.97030516765714,90.4000057,23.8745079,90.39928,23.8744912
way/1390687573,secondary,yes,সোনারগাঁও জনপথ,,,,103.02905284964199,90.39928,23.8744912,90.3982694,23.8744619
way/1390687574,residential,no,,,,,10.542593652572801,90.3975049,23.8745369,90.397508,23.8744418
way/1390687575,secondary,yes,সোনারগাঁও জনপথ,2,,,167.5549020675436,90.3966274,23.8745069,90.3982705,23.8745637
way/1390687576,secondary,yes,সোনারগাঁও জনপথ,,,,167.3752434843714,90.3982694,23.8744619,90.3966275,23.8744185
way/1390687577,secondary,yes,সোনারগাঁও জনপথ,2,,,228.23500584067864,90.3943887,23.8744475,90.3966274,23.8745069
way/1390687578,secondary,yes,সোনারগাঁও জনপথ,,,,228.23417487018799,90.3966275,23.8744185,90.3943886,23.8743592
way/1390687579,secondary,yes,সোনারগাঁও জনপথ,,,,53.37579696627734,90.3943886,23.8743592,90.393865,23.8743454
way/1427314758,residential,no,সড়ক ১,,,,46.768789990006766,90.3965515,23.8745079,90.3965323,23.8749296
way/24544053,tertiary,yes,গরিব-এ-নেওয়াজ এভিনিউ,2,,,549.0202845351527,90.3907546,23.8743608,90.3906913,23.8793076
way/24694046,residential,no,সড়ক ১৩,,,,806.7590137393063,90.3894201,23.887771,90.3917321,23.8808077
way/24694053,residential,no,সড়ক ১২,,,,813.3235913141173,90.391186,23.8805937,90.3888584,23.8876146
way/24694055,residential,no,সড়ক ১১,,,,549.9084411291689,90.3883468,23.8874722,90.3899127,23.882723
way/24694096,residential,no,সড়ক ১০,,,,550.1658788569189,90.3879201,23.8873534,90.3894113,23.8825815
way/24694099,residential,yes,সড়ক ৮এ,,,,226.54922816712653,90.3887617,23.8829248,90.3887476,23.884705
way/34139526,residential,no,সড়ক নং ১,,paved,,352.6184421479955,90.3914761,23.8749061,90.3914134,23.8780878
way/34139785,residential,no,সড়ক ৫,,,,363.4132506766686,90.3914477,23.8762578,90.3950139,23.8762876
way/34150526,residential,no,সড়ক ১০বি,,,,341.89183251150894,90.3941356,23.8786304,90.3907808,23.8785841
way/34150548,residential,no,সড়ক ৯,,,,315.3660766532886,90.3938884,23.8781361,90.3907941,23.8780756
way/34150570,residential,no,সড়ক ৮,,,,252.50737387143926,90.3938996,23.8776921,90.3914224,23.8776308
way/34150572,residential,no,সড়ক ৭,,,,252.5205538891507,90.3939082,23.8772672,90.3914305,23.8772206
way/34150574,residential,no,সড়ক ৬,,,,252.15428489336335,90.3939128,23.8768436,90.3914386,23.87681
way/34150581,residential,no,সড়ক ৪,,,,361.56318422262063,90.3950058,23.8758778,90.3914584,23.8758036
way/34150585,residential,no,সড়ক ৩,,,,299.0608698719447,90.3944012,23.8754257,90.3914671,23.8753619
way/34150599,residential,no,,,,,421.2385377123496,90.3873611,23.8743206,90.3872797,23.8781213
way/34150622,residential,no,সড়ক ১০,,,,336.2951611751132,90.3901451,23.8761173,90.3901059,23.879152
way/34152127,residential,no,সড়ক ৭,,,,323.1584820957938,90.4006324,23.8777317,90.3974631,23.8776278
way/34152131,residential,no,সড়ক ৩,,,,321.4700481214695,90.4006295,23.8759092,90.3974758,23.8758377
way/34152133,residential,no,Road 7/C,,,,433.19343853228577,90.4000044,23.8746337,90.4002181,23.8785252
way/34152136,residential,no,সড়ক ৩এফ,,,,604.1046560526394,90.3975049,23.8745369,90.3973388,23.879922
way/34152139,residential,no,,,,,225.06753138365195,90.3990196,23.8776788,90.3989392,23.8797086
way/34152140,residential,no,সড়ক ১০,,,,299.01167880308685,90.3974382,23.8788794,90.4003718,23.8789339
way/34152197,residential,no,,,,,206.90059193695885,90.400357,23.8785552,90.4010539,23.8798843
way/34152198,residential,no,সড়ক ৮,,,,220.7314459573919,90.3990041,23.8780698,90.3968412,23.8780396
way/34152201,residential,no,সড়ক ৬,,,,203.91991336134217,90.396991,23.8780187,90.3969619,23.8798588
way/140686156,residential,no,,,,,311.7358409762222,90.3949982,23.8786738,90.3969239,23.8772929
way/155973816,residential,no,Road 5A,,,,260.1763864220309,90.3939398,23.8762872,90.3938768,23.8786343
way/369717430,residential,no,,,,,78.10589928493849,90.3936452,23.8719724,90.3944115,23.8719565
way/380992594,residential,no,Road No 7/B,,,,88.88764997097209,90.3995009,23.8784982,90.3995238,23.8776963
way/504699034,residential,no,সড়ক ৬,,,,116.08239040839686,90.3968412,23.8780396,90.3966811,23.8790768
way/1061582316,tertiary,yes,গরিব-এ-নেওয়াজ এভিনিউ,,,,549.9148677990386,90.3906913,23.8793076,90.3908911,23.8743638
way/1094930584,secondary,yes,সোনারগাঁও জনপথ,2,,,359.8127789131646,90.3908588,23.8743629,90.3943887,23.8744475
way/1094930585,secondary,yes,সোনারগাঁও জনপথ,,,,306.32135818896097,90.393865,23.8743454,90.3908601,23.8742658
way/1183378492,secondary,yes,সোনারগাঁও জনপথ,2,,,247.86900838952408,90.3982705,23.8745637,90.4007009,23.8746547
way/1297130879,residential,no,,,,,124.28045878139281,90.3959438,23.877357,90.3958887,23.8784702
way/1390677173,secondary,yes,সোনারগাঁও জনপথ,,,,45.70992539195886,90.4004541,23.8745198,90.4000057,23.8745079
way/24694057,residential,no,সড়ক ৭,,,,319.312169528549,90.3879872,23.8821796,90.3909831,23.8830251
way/24694069,residential,no,সড়ক ৪,,,,365.1217353063156,90.3874551,23.8805479,90.3908916,23.8814816
way/24694091,residential,no,সড়ক ১,,,,272.16433035628813,90.3879293,23.8791423,90.3904826,23.8798635
way/24694094,residential,no,সড়ক ২,,,,272.01639123188113,90.3877764,23.8795955,90.3903213,23.880337
way/24694124,residential,no,,,,,45.33278166214385,90.3905158,23.8797659,90.3906488,23.8793755
way/34150640,residential,no,সড়ক ১২,,,,289.3209174663069,90.390119,23.8781394,90.3872797,23.8781213
way/34150641,residential,no,সড়ক ১১,,,,187.08485299161836,90.3901136,23.8785564,90.3883056,23.8784962
way/34150646,residential,no,,,,,41.500560341953694,90.3882689,23.8781232,90.3883056,23.8784962
way/40210120,residential,yes,সড়ক ৯,,,,59.584959202776254,90.3881841,23.8831628,90.3876479,23.8829915
way/285879225,residential,no,সড়ক ৩,,,,364.83577674853876,90.3876204,23.8800579,90.3910463,23.8810151
way/285879250,residential,no,Road 5,,,,365.35688992422865,90.3907444,23.8819256,90.387313,23.8809688
way/409576957,tertiary,no,"স্লুইচ গেট সড়ক, উত্তরা",,,,187.79437248467008,90.3906913,23.8793076,90.3924223,23.8797448
way/439457078,residential,no,সড়ক ৮,,,30,161.31983577583907,90.3892638,23.8830529,90.3877432,23.8826476
way/439460884,residential,no,,,,30,34.55892669650736,90.3872797,23.8781213,90.387263,23.8784328
way/480807793,residential,no,সড়ক ১৩,,,,126.07294270334646,90.3917321,23.8808077,90.3920868,23.8797177
way/501682953,residential,no,,,,,55.212764815023256,90.3874103,23.8789991,90.3879293,23.8791423
way/528103551,residential,no,সড়ক ১বি,,,30,25.19504571135133,90.3874103,23.8789991,90.3873232,23.8792119
way/591865231,residential,no,Road 11/A,,,,88.389153965678,90.3892408,23.8785557,90.3897075,23.8790381
way/613978294,residential,no,সড়ক ২,,,,153.0712077432324,90.3903213,23.880337,90.3917321,23.8808077
way/640378101,residential,no,,,,,47.61300327802152,90.392256,23.8790209,90.3923131,23.8786065
way/640378102,residential,no,,,,,151.61969119205838,90.3907697,23.8790117,90.392256,23.8790209
way/1206083947,residential,yes,সড়ক ৯,,,,96.88653028392937,90.3876479,23.8829915,90.3879872,23.8821796
way/1206083948,residential,no,সড়ক ৯,,,,51.75489039893527,90.3886777,23.883273,90.3881841,23.8831628
way/1231607611,residential,no,,,,,8.681168121255435,90.3906488,23.8793755,90.3906913,23.8793076
way/1231607612,residential,no,,,,,11.3316724517964,90.3904826,23.8798635,90.3905158,23.8797659
way/1307628521,residential,no,,,,,89.08886808192342,90.3911574,23.8835733,90.3919338,23.883937
way/1307628522,residential,no,,,,,41.35258259917442,90.3920848,23.880417,90.3921618,23.8807818
way/1473818629,residential,no,সড়ক ১,,,,54.98193355892615,90.3904826,23.8798635,90.3903213,23.880337
way/1473818632,residential,no,সড়ক ১০,,,,55.30709969151383,90.3901059,23.879152,90.3906485,23.8791651
way/500364578,residential,no,,,,,2368.842618159115,90.4348287,23.8982325,90.4128248,23.8950299
way/34152138,residential,no,সড়ক ৯,,,,297.06765470619564,90.3974469,23.8784405,90.400357,23.8785552
way/34152141,residential,no,সড়ক ১১,,,,155.39892239935273,90.3974301,23.8792855,90.398955,23.8793084
way/34152142,residential,no,সড়ক ১২,,,,201.5422267321435,90.3974221,23.879688,90.3993999,23.8797082
way/34152195,residential,no,,,,,182.90402769651678,90.3994857,23.8789332,90.3991066,23.8805353
way/285880050,residential,no,,,,,488.41497658843684,90.395447,23.8844443,90.4002334,23.8845679
way/507887615,residential,no,,,,,361.791911259742,90.3973397,23.8827303,90.4002627,23.8836811
way/507887616,residential,no,,,,,411.6486193399218,90.3972982,23.8844058,90.3955306,23.8822852
way/507887617,residential,no,সড়ক ৬,,,,78.13341453764693,90.3966811,23.8790768,90.3965242,23.879767
way/507948963,residential,no,,,,,341.5453122934724,90.3973388,23.879922,90.3949982,23.8786738
way/1058434195,residential,no,,,,,85.2906816846407,90.3988868,23.880476,90.3989392,23.8797086
way/1387977805,residential,no,,,,,240.61287323444287,90.400001,23.8795303,90.4001106,23.8789337
way/1387977806,residential,no,,,,,48.510074201118826,90.4000882,23.8806905,90.4002862,23.8803097
way/24544169,residential,yes,আলাউল এভিনিউ,2,asphalt,,299.30083005778624,90.4027787,23.8747402,90.4056937,23.8747286
way/34152250,residential,no,সড়ক ২,2,asphalt,,503.5537506144755,90.4008282,23.8735115,90.4057669,23.8736676
way/34152251,residential,no,সড়ক ১,2,asphalt,,464.66685397739036,90.4008152,23.8739995,90.4053717,23.8741566
way/34152252,residential,no,সড়ক ৩,,,,194.90836352949734,90.4008287,23.8730323,90.4027409,23.8730751
way/34152253,residential,no,,,,,109.2700536219034,90.4027577,23.8725999,90.4027228,23.8735855
way/34152254,residential,no,,,,,107.53381080099334,90.4040236,23.8726459,90.4039827,23.8736153
way/34152255,residential,no,সড়ক ৫,2,asphalt,,154.7188698310543,90.4040168,23.8731309,90.4055343,23.873178
way/34152259,residential,no,সড়ক ১০,,,,492.1850448985846,90.4008386,23.8720681,90.4056668,23.8721901
way/34152261,residential,no,সড়ক ১১,,,,495.87110474978886,90.4008199,23.8715543,90.405684,23.8716878
way/323610393,residential,no,সড়ক ৭ডি,,,,125.29702313954714,90.4006324,23.8777317,90.4008724,23.8767933
way/351461229,residential,no,সড়ক ৭,,,,48.609603796406255,90.4006324,23.8777317,90.4011093,23.8777429
way/379760493,residential,no,,,asphalt,,55.267246160150805,90.4033237,23.8741002,90.4033445,23.8736018
way/380528142,residential,no,,,,,72.6913691611667,90.4033237,23.8741002,90.4033281,23.8747562
way/380532418,residential,yes,,,,,258.55423513160116,90.4027453,23.8764441,90.4052816,23.8765133
way/380532620,residential,no,,,,,77.8579852354303,90.406045,23.8764854,90.4052816,23.8765133
way/381002916,residential,no,সড়ক ৮,2,asphalt,,481.5446498245617,90.4008346,23.8725433,90.4055574,23.8726938
way/381002919,residential,no,,,,,10.627487685352031,90.4008152,23.8739995,90.400711,23.8739954
way/525714890,residential,no,,,,,23.400280115529366,90.4066408,23.8764935,90.4066805,23.8762855
way/525714891,residential,no,,,,,60.716078753633774,90.406045,23.8764854,90.4066408,23.8764935
way/705588192,residential,no,,,ground,,119.67526909733319,90.4057669,23.8736676,90.4056937,23.8747286
way/1205678060,residential,no,,,asphalt,,115.80090602157819,90.4040168,23.8731309,90.4034365,23.8726193
way/1220275063,residential,yes,,,,,535.1261254605566,90.4056937,23.8747286,90.4004541,23.8745198
way/1220422040,residential,no,,,,,118.84772670522287,90.4015873,23.876406,90.4027478,23.8762986
way/1220422041,residential,no,,,,,132.6913211068016,90.4015133,23.8760409,90.401752,23.8772181
way/1220422042,residential,no,,,,,119.53724781713899,90.4023262,23.8758011,90.4023476,23.8747225
way/1220422043,residential,no,,,,,57.18076782697875,90.4020653,23.8750506,90.4026263,23.875063
way/1220422044,residential,no,,,,,50.22801872304159,90.4021017,23.8752624,90.4025945,23.8752728
way/1220422045,residential,no,,,,,56.02567357996331,90.4020608,23.875794,90.4026104,23.8758086
way/1390405383,residential,yes,আলাউল এভিনিউ,2,asphalt,,211.93525083575594,90.4007009,23.8746547,90.4027787,23.8747402
way/1390405384,residential,no,,,,,111.21166590370167,90.4031079,23.8757539,90.403132,23.8747505
way/1390405385,residential,no,,,,,48.38286179365727,90.4028773,23.8748513,90.403352,23.8748611
way/1390405386,residential,no,,,,,52.229324809870334,90.4028531,23.875023,90.4033654,23.8750377
way/1390405387,residential,no,,,,,18.716534851498835,90.4031198,23.875261,90.4029363,23.8752535
way/1390405388,residential,no,,,,,8.921653469882258,90.4031198,23.875261,90.4032072,23.8752658
way/1390405389,residential,no,,,,,44.845543902726234,90.4028826,23.8755135,90.4033225,23.8755258
way/1390407802,residential,no,,,,,64.33617642705225,90.4016024,23.8752722,90.4015987,23.8746916
way/1390407803,residential,no,,,,,102.27989947938302,90.4009614,23.8752127,90.4019619,23.8752716
way/1390407804,residential,no,,,,,49.88164245124876,90.4014818,23.8757131,90.4015121,23.8752638
way/1390407805,residential,no,,,,,87.88664977660555,90.401117,23.8756959,90.401978,23.8757425
way/1390407806,residential,no,,,,,86.35467818150414,90.4049991,23.8755716,90.4050313,23.8747929
way/1390407807,residential,no,,,,,96.7160555002517,90.4045532,23.8748434,90.4055017,23.8748758
way/1390407808,residential,no,,,,,46.40688440403962,90.4050231,23.8750249,90.4054769,23.8750603
way/1390407809,residential,no,,,,,43.955206225706604,90.4050155,23.8752412,90.4054451,23.8752771
way/1390407810,residential,no,,,,,42.3706826791879,90.4050088,23.8754326,90.4054239,23.8754551
way/1390407811,residential,no,,,,,42.024240099328914,90.4049991,23.8755716,90.4054097,23.8756072
way/1390407812,residential,no,,,,,54.51156115886617,90.4049991,23.8755716,90.4044647,23.8755489
way/1390407813,residential,no,,,,,28.428395740116947,90.4050126,23.8753258,90.4047337,23.8753192
way/306065424,residential,no,,,,,398.84124028424276,90.4091926,23.871529,90.4129811,23.8723308
way/380973368,residential,no,Hazi Sobukhan Road,,paved,,78.09278204680156,90.4073985,23.873455,90.4081404,23.8732783
way/525714883,residential,no,,,,,13.541764279521704,90.4120521,23.8773856,90.4121122,23.8772766
way/525714884,residential,no,,,,,92.5215654176896,90.4112083,23.8771966,90.4120521,23.8773856
way/525714885,residential,no,,,,,257.9243569961675,90.408743,23.8767509,90.4112083,23.8771966
way/525714892,residential,no,,,,,11.260325041857115,90.4087684,23.876652,90.408743,23.8767509
way/525714895,residential,no,,,,,119.43070009909312,90.4089636,23.8761575,90.4094107,23.8751709
way/525714896,residential,no,,,,,58.82666459853316,90.4087684,23.876652,90.4089636,23.8761575
way/1418797500,residential,no,,,,,25.238933556423618,90.4081404,23.8732783,90.408381,23.8732242
way/1418797501,residential,no,,,,,95.42685498457988,90.408381,23.8732242,90.4092088,23.8728215
way/1420197406,residential,no,,,,,69.6920180309812,90.4095366,23.8745527,90.4094107,23.8751709
way/1523661323,residential,no,,,,,184.36103911473592,90.4104939,23.874847,90.410069,23.8764181
way/34152245,residential,no,,,,,396.2286901177082,90.403487,23.8800448,90.4035355,23.87647
way/297059377,residential,no,,,,,188.57609857887564,90.4042292,23.885371,90.4049336,23.8839765
way/297063580,residential,no,,,,,941.4311763222518,90.414492,23.8855875,90.406757,23.8823419
way/297182118,residential,no,Sharkar Bari Road,,,,66.14538060480105,90.4092646,23.8848689,90.409213,23.8843717
way/306064939,residential,no,,,,,258.68565174479534,90.4121122,23.8772766,90.4146142,23.8773985
way/306064940,residential,no,,,,,476.4802276769049,90.4068121,23.8806556,90.4079315,23.876525
way/306065417,residential,no,,,,,370.10888477978773,90.408743,23.8767509,90.4080089,23.8799772
way/306065427,residential,no,,,,,1039.3849432252696,90.4119,23.8750613,90.4215492,23.8774707
way/307524910,residential,no,Sarkar Bari Road,,,,111.62135684853371,90.4068316,23.8839824,90.4069288,23.8849809
way/367608775,secondary,no,আটিপাড়া তেরমুখ সড়ক,,,,2161.9562220881326,90.421213,23.8792247,90.4013501,23.8796098
way/367741327,residential,no,,,,,1158.2022052796126,90.4223899,23.8744259,90.4132123,23.8715474
way/380532420,residential,no,Hazi Sobukhan Road,,paved,,168.72602366166115,90.4057669,23.8736676,90.4073985,23.873455
way/500030057,residential,no,,,,,293.8366491006475,90.4091052,23.8720424,90.4062639,23.8716161
way/501632480,residential,no,,,,,676.5704647557216,90.4064507,23.8814456,90.4126494,23.8829002
way/501632483,residential,no,,,,,1528.3923582664338,90.4245395,23.8903631,90.4126494,23.8829002
way/507931242,residential,no,,,,,165.93453618249322,90.4041409,23.8847094,90.402837,23.8840266
way/525714893,residential,no,,,,,217.74968002501595,90.4066805,23.8762855,90.4087684,23.876652
way/793520815,residential,no,Officers Quarter Road,1,,40,418.09194771992117,90.4027109,23.8783687,90.4027842,23.8745962
way/1190530255,residential,no,,,,,113.87825423009936,90.4128268,23.8740971,90.4136382,23.8736679
way/297058528,residential,no,Tongi Bazar Road,,,,169.39825578012167,90.4013528,23.8824982,90.4016845,23.8839405
way/297059373,residential,no,,,,,412.1663908749614,90.4009209,23.8824285,90.4048239,23.8824442
way/297059374,residential,no,,,,,133.02766415084173,90.4028827,23.8828367,90.402837,23.8840266
way/297059375,residential,no,,,,,218.41313357085755,90.4055933,23.883988,90.4034996,23.8837102
way/297059378,residential,no,MUnshipara Road,,,,173.240561202948,90.4048303,23.8839853,90.4048239,23.8824442
way/380532414,residential,no,,,,,152.55222007068434,90.403487,23.8800448,90.4035697,23.881419
way/380532415,residential,no,,,,,84.20408545740733,90.4035525,23.8808751,90.4043787,23.8808583
way/380532416,residential,no,,,,,110.42258743062524,90.4045099,23.8816282,90.4035697,23.881419
way/499602732,residential,no,,,,,137.06488254019737,90.4035562,23.8811837,90.4049009,23.8811632
way/501632501,residential,no,Dula Fakir Road,,,,184.92460152098775,90.406757,23.8823419,90.4068316,23.8839824
way/507931400,residential,no,,,,,138.70516369302612,90.4017028,23.8843209,90.400566,23.8840799
way/1103894821,residential,no,,,,,207.47758143371095,90.40347,23.8783883,90.4014346,23.8783358
way/1208823248,residential,no,,,,,127.11701504253071,90.4048239,23.8824442,90.4055154,23.8831362
way/1387966350,residential,no,,,,,55.991672187450625,90.4013282,23.8828236,90.400782,23.8827681
way/1387973343,residential,no,,,,,35.37923084780343,90.4011317,23.8840946,90.4013002,23.883862
way/1387973344,residential,no,,,,,24.738859638196622,90.4012467,23.8838735,90.4012115,23.8836526
way/501659465,residential,no,,,,,66.58917306605916,90.4128682,23.8801997,90.4130075,23.8796126
way/1223390058,residential,no,,,,,51.81624054664419,90.4089421,23.8789592,90.4094495,23.8789904
way/1525328863,residential,no,,,,,91.45648644084315,90.4118007,23.8814945,90.4125213,23.8810024
way/1525328864,residential,no,,,,,36.579361550523245,90.4130822,23.8796256,90.4131795,23.8793084
way/24694106,residential,no,রানাভোলা সড়ক,,,,285.76003197158497,90.3894201,23.887771,90.3887922,23.8902809
way/439457268,residential,no,সড়ক ১২,,,40,145.27826465844555,90.3888584,23.8876146,90.3884711,23.8888748
way/439690608,residential,no,সড়ক ১২,,asphalt,30,68.28590963060483,90.3884711,23.8888748,90.3891115,23.8890367
way/496415677,residential,no,সড়ক ১২এ,,,,169.44855083568527,90.3872667,23.8871714,90.3888584,23.8876146
way/529898450,residential,no,রানাভোলা সড়ক,,,,104.1901652994508,90.3887922,23.8902809,90.3884254,23.8911586
way/673923204,residential,no,,,,,87.27985706715745,90.3882685,23.8902423,90.3879509,23.8909707
way/720338735,residential,no,,,,,60.57657140516794,90.3897912,23.8874533,90.3903664,23.8875916
way/720338736,residential,no,,,,,118.7480083225025,90.3906324,23.8866909,90.3903298,23.8877254
way/720338737,residential,no,,,,,56.5049293659186,90.3900819,23.8865878,90.3906069,23.8867521
way/720338738,residential,no,,,,,59.46252675780106,90.3898254,23.887372,90.3903839,23.8875277
way/762811089,residential,no,,,,,135.5797078558497,90.390349,23.8876554,90.3916776,23.8877237
way/1221704756,residential,no,,,,,333.81951611622713,90.3903298,23.8877254,90.391135,23.8899429
way/1221704757,residential,no,,,,,52.21823039939878,90.3898215,23.8892675,90.3893103,23.8892338
way/1221704758,residential,no,,,,,62.790770141753015,90.3896437,23.887841,90.3902323,23.8880089
way/1221704759,residential,no,,,,,24.06639479632469,90.3896437,23.887841,90.3894201,23.887771
way/1221704760,residential,no,,,,,56.0104793196365,90.3902521,23.8879731,90.3907746,23.8881298
way/1240943618,residential,no,,,,,34.749423406612124,90.3886677,23.8896557,90.3887473,23.8893508
way/1240943619,residential,no,,,,,75.260816560972,90.3883583,23.8895648,90.3885295,23.8889041
way/1240943620,residential,no,,,,,147.0845818440159,90.3889695,23.8897314,90.3881425,23.8890556
way/1473818628,residential,no,সড়ক ১২এ,,,,59.79698862716651,90.3888584,23.8876146,90.3894201,23.887771
way/508673621,residential,no,,,,,103.77535189189075,90.3958795,23.8867867,90.3948614,23.8867598
way/1390483980,residential,no,,,,,14.917676840412044,90.3957829,23.88952,90.3957688,23.889654
way/116342054,primary,yes,টঙ্গী বাইপাস,,asphalt,,1098.73433153548,90.3902813,23.8918699,90.4007373,23.8942622
way/439690587,residential,no,কামারপাড়া সড়ক,,,30,24.636031598787575,90.3886627,23.8912013,90.3884254,23.8911586
way/508637532,residential,no,,,,,1281.830382328833,90.400289,23.8868402,90.3988272,23.8914979
way/608271685,residential,yes,রানাভোলা সড়ক,,,,79.76259792213831,90.3884254,23.8911586,90.3881938,23.8918462
way/1035577007,primary,yes,,,asphalt,,1109.6330384331043,90.4008011,23.8941956,90.3902484,23.8917559
way/1390483981,residential,no,,,,,325.389144369883,90.3927446,23.8892139,90.3957688,23.889654
way/116342078,primary,yes,Tongi Bypass,,asphalt,,74.3465328102391,90.3886193,23.8912699,90.3893031,23.8915041
way/509378935,primary,yes,Tongi Bypass,,asphalt,,107.59121964420422,90.3893031,23.8915041,90.3902813,23.8918699
way/509378940,residential,no,,,,,349.2802806852583,90.3908454,23.8920885,90.3895953,23.8942845
way/606837247,residential,no,,,,,49.57226458699576,90.3877308,23.8917087,90.3881938,23.8918462
way/1035577008,primary,yes,,,asphalt,,77.10360317675708,90.3893471,23.8914273,90.388647,23.8911632
way/1035577009,primary,yes,,,asphalt,,98.78446445607382,90.3902484,23.8917559,90.3893471,23.8914273
way/1300526034,residential,no,,,,,103.76095695286395,90.3980619,23.8936869,90.3979412,23.8946167
way/1305171420,residential,no,,,,,202.0454029539593,90.3979922,23.8942255,90.3967215,23.8948773
way/297059372,residential,no,,,,,273.2118739925085,90.4015708,23.8862244,90.403318,23.8860965
way/297059376,residential,no,,,,,69.46935782637519,90.4041409,23.8847094,90.4044108,23.8852012
way/297059380,residential,no,,,,,105.36143544283712,90.4035726,23.8881072,90.4045858,23.888207
way/297063582,residential,no,,,,,134.46022725434216,90.4045114,23.8900317,90.4048435,23.8888846
way/297063583,residential,no,,,,,111.2817626028721,90.4047408,23.8889728,90.4038721,23.8886946
way/508946832,residential,no,Bhoran Road,,,,126.55685671667783,90.4027391,23.8868954,90.4037409,23.8872068
way/508948319,residential,no,,,,,125.00845411653911,90.4041067,23.8899793,90.4045161,23.8889722
way/509551706,residential,no,,,,,197.97456710395656,90.4037409,23.8872068,90.4045858,23.888207
way/1220076735,residential,no,,,,,44.86516829682192,90.4054922,23.8901591,90.4055795,23.89055
way/151184967,residential,no,Matbar Bazar Road,,,,138.6037347574711,90.4134591,23.8880156,90.4121313,23.8877435
way/297182113,residential,no,Kazi Nazrul Islam Road,,,,175.6422671981436,90.4095765,23.8865754,90.4090557,23.8880448
way/297182116,residential,no,Sarkar Bari Road,,,,467.4116858817729,90.4069288,23.8849809,90.4111968,23.8851471
way/297182125,residential,no,Shahid Smrity School Road,,,,208.06753886234023,90.4090503,23.8881844,90.4084965,23.8899417
way/297182128,residential,no,Shahid Smrity School Road,,,,395.26293719151556,90.4085367,23.8899631,90.4115607,23.8911104
way/305527229,residential,no,Kazi Nazrul Islam Road,,,,124.85045548805108,90.4092674,23.8881475,90.4095697,23.8870694
way/305527242,residential,no,Shohid Sohrawardi Road,,,,489.89009407322277,90.4128004,23.8858129,90.4122711,23.889832
way/305810799,residential,no,Hazi Bari Road,,,,113.60764307113364,90.4095991,23.8902063,90.410616,23.8902389
way/305810800,residential,no,Hazi Bari Road,,,,206.36092524742045,90.4098013,23.8902351,90.4102099,23.8884445
way/305810806,residential,no,Kazi Najrual Islam Road,,,,195.4808797230698,90.4072316,23.8881752,90.4075188,23.889906
way/305810815,residential,no,Kazi Nazrul Islam Road,,,,132.62093203148746,90.4090503,23.8881844,90.4101712,23.8885395
way/501607341,residential,no,,,,,15.023205413396218,90.4094934,23.8907224,90.4094467,23.890851
way/508118180,residential,no,Shahid Smrity School Raod,,,,95.84222796297041,90.407664,23.8909426,90.4085561,23.8907991
way/508118181,residential,no,Shahid Smrity School Road,,,,108.42276895928396,90.4075188,23.889906,90.4085367,23.8899631
way/1182158859,residential,no,,,,,89.08420743852336,90.4084843,23.8878267,90.4090503,23.8881844
way/151184805,residential,no,,,,,209.69317769909014,90.4106355,23.8910146,90.410507,23.8928117
way/297182126,residential,no,Shahid Smrity School Raod,,,,212.59225517479547,90.4085561,23.8907991,90.4093454,23.8919119
way/297182130,residential,no,,,,,297.36317176012744,90.4132929,23.8928072,90.413319,23.8901237
way/297182136,residential,no,,,,,338.3532357735159,90.416626,23.889986,90.413319,23.8901237
way/305527232,residential,no,Rail Gate Road,,,,269.11014266468715,90.4079707,23.8909314,90.4082841,23.8931422
way/305810798,residential,no,Rail Gate Road,,,,689.1214180573675,90.4075188,23.889906,90.4086504,23.8958065
way/307524911,residential,no,কাজী নজরুল ইসলাম রোড,,,,357.9387705692982,90.4069288,23.8849809,90.4072316,23.8881752
way/345695310,tertiary,no,K.B.M. Rd,2,concrete,,137.30770891310573,90.4065088,23.8982311,90.4077137,23.8976759
way/508637528,residential,no,,,,,106.13358944529472,90.4055795,23.89055,90.4062737,23.8911969
way/644247338,primary,no,Shahid Ahsan Ullah Master Flyover,2,asphalt,,194.87490864827913,90.4089363,23.8960837,90.4091755,23.8978202
way/644247340,primary,yes,,,,,403.29031016308903,90.4052279,23.8949062,90.4087713,23.8960229
way/644247343,primary,no,Shahid Ahsan Ullah Master Flyover,2,asphalt,,395.4446053047266,90.4054683,23.8949915,90.4089363,23.8960837
way/1071250697,primary,yes,,,,,703.9379038564159,90.4092735,23.8985549,90.4053133,23.8948253
way/1071250698,primary,yes,,,,,289.39613516454193,90.4087713,23.8960229,90.4092735,23.8985549
way/1525323579,residential,no,,,,,124.13466794158974,90.4131771,23.8895176,90.4140426,23.8890835
way/297063586,residential,no,,,,,350.65101659182557,90.406531,23.8926742,90.4050761,23.8946601
way/297063587,residential,no,,,,,328.93892299925545,90.4055915,23.8950698,90.406531,23.8926742
way/297063588,residential,no,,,,,81.09228075159443,90.406269,23.893535,90.4065194,23.8928539
way/508686593,residential,no,,,,,83.70482281318795,90.4044279,23.8936712,90.4052396,23.8935561
way/644247346,primary,yes,Tongi Kaliganj Highway,,asphalt,,439.16026896306033,90.4018829,23.8927453,90.4054356,23.8949695
way/1071256796,primary,no,Tongi Kaliganj Highway,,asphalt,,4.128164244044728,90.4054356,23.8949695,90.4054683,23.8949915
way/1071256797,primary,yes,,,,,446.3849814062942,90.4054356,23.8949695,90.4018976,23.8926149
way/1183605897,residential,no,,,,,262.7487196769193,90.401118,23.8941875,90.4033863,23.893907
way/1219057311,residential,no,,,,,123.26935581791811,90.4059549,23.8924196,90.4065011,23.8914468
way/1219057312,residential,no,,,,,70.39137763443942,90.4067558,23.8916407,90.4062737,23.8911969
way/1220076736,residential,no,,,,,136.1495599725195,90.4043712,23.8930294,90.4031287,23.8928117
way/1525548673,residential,no,,,,,106.1826040546957,90.406531,23.8926742,90.4068401,23.8917603
way/500318688,residential,no,,,,,182.02099413424278,90.4197672,23.8743134,90.419981,23.8758822
way/500318693,residential,no,,,,,52.22628232285292,90.4190332,23.8728614,90.4188843,23.8733124
way/525714881,residential,no,,,,,95.67693474451272,90.4144174,23.8778718,90.4151658,23.8777552
way/525714882,residential,no,,,,,56.334147786383326,90.4146142,23.8773985,90.4144174,23.8778718
way/498154485,residential,no,,,,,473.68927559414226,90.4232204,23.8805691,90.4190394,23.8804898
way/498155607,residential,no,,,,,518.963300281263,90.4167397,23.8844613,90.4216956,23.8850701
way/501632481,residential,no,,,,,169.6446967189332,90.415773,23.8846135,90.4162627,23.8832089
way/512080910,residential,no,Atipara Ghudhara ghat Road,2,,30,384.6849216464874,90.4176245,23.8817466,90.4166429,23.8850754
way/1525315958,residential,no,,,,,62.70811269359739,90.4173951,23.8845472,90.4173141,23.8851082
way/1525315959,residential,no,,,,,55.34360911812407,90.4176991,23.884609,90.417742,23.8841111
way/498155605,residential,no,,,,,269.4858419636041,90.4187139,23.8820524,90.4182897,23.8841529
way/498155606,residential,no,,,,,70.91853247357577,90.4180867,23.8818343,90.4187139,23.8820524
way/501595656,residential,no,,,unpaved,,106.56126965225002,90.4166485,23.8815641,90.4156709,23.8813449
way/501595657,residential,no,,,unpaved,,80.7573746712131,90.4166485,23.8815641,90.4174254,23.8817051
way/502012812,residential,no,,,,,275.0146158212034,90.4162627,23.8832089,90.4138248,23.8827824
way/502012816,residential,no,,,,,194.42245726184126,90.4143909,23.8811431,90.4138248,23.8827824
way/512080911,residential,no,Atipara Ghudaraghat Road,,,,48.3978786226796,90.4180867,23.8818343,90.4176245,23.8817466
way/512080912,residential,no,,,unpaved,,70.91980325672863,90.4174254,23.8817051,90.4175125,23.8810701
way/512080914,residential,no,,,,,76.29097691028508,90.4174083,23.8821044,90.4166688,23.8820222
way/512080915,residential,no,,,unpaved,,31.747210230175423,90.4156709,23.8813449,90.4157202,23.881062
way/659960924,residential,no,Zamal Uddin City Garden Road,2,unpaved,,61.953859519147514,90.4178542,23.8817679,90.4176658,23.8822995
way/840958046,residential,no,,,unpaved,,20.801119153674705,90.4176245,23.8817466,90.4174254,23.8817051
way/1035744214,residential,no,আটিপাড়া তেরমুখ সড়ক,,,,247.20961679548188,90.4194077,23.8800002,90.4180867,23.8818343
way/1525315963,residential,no,,,,,39.599897197708955,90.4188081,23.8825341,90.4191678,23.8826531
way/1525328862,residential,no,,,,,16.12606497976276,90.4161932,23.8815224,90.4162226,23.8813794
way/500638179,residential,no,,,,,250.6116050890586,90.416887,23.8911031,90.4174735,23.8895719
way/500638204,residential,no,,,,,74.20692607826442,90.4191439,23.890155,90.4188602,23.8906273
way/500638218,residential,no,,,,,300.31663391010335,90.4193786,23.8874036,90.4188086,23.8900583
way/501632484,residential,no,,,,,34.59168899330196,90.4174381,23.8857561,90.4174985,23.8854489
way/502012805,residential,no,,,,,53.11183933803274,90.4162287,23.8850829,90.4160822,23.8855429
way/1501371442,residential,no,,,,,42.86610000799551,90.4166429,23.8850754,90.4162287,23.8850829
way/1525315960,residential,no,,,,,31.24902053928514,90.4178425,23.8846584,90.4177838,23.8849352
way/1525323580,residential,no,,,,,20.420550869041502,90.4158363,23.8888712,90.4160331,23.8888363
way/1525323581,residential,no,,,,,75.80303859536308,90.4158881,23.8893265,90.4157976,23.8886477
way/1525323582,residential,no,,,,,216.0269937118716,90.4164286,23.8891741,90.4148625,23.890064
way/1525323583,residential,no,,,,,128.83168305550294,90.4167668,23.8898152,90.4163142,23.8887374
way/1551431942,residential,no,,,,,110.98358744445758,90.4188154,23.8900107,90.4182544,23.8905889
way/1551431943,residential,no,,,,,42.56292154367439,90.4188086,23.8900583,90.4187196,23.8904336
way/1551431944,residential,no,,,,,71.52681359438755,90.4188086,23.8900583,90.4194779,23.8902498
way/297182134,residential,no,,,,,299.3251684762797,90.4141852,23.8927751,90.4141285,23.8900743
way/306064931,residential,no,,,,,621.6751770613847,90.4163567,23.8927099,90.4218769,23.8925639
way/306064934,residential,no,,,,,379.5485020973929,90.4195202,23.8895,90.4194881,23.8927834
way/500638215,residential,no,,,,,560.6839476629226,90.4213117,23.8893928,90.4195623,23.8912829
way/500638216,residential,no,,,,,118.28516584966209,90.4194967,23.8898695,90.4201509,23.88939
way/508321162,residential,no,,,,,322.17141072833135,90.4205301,23.8969249,90.4180947,23.8981462
way/730887832,residential,no,,,,,444.1980096567167,90.4162434,23.8989769,90.4158766,23.8952912
way/297182137,residential,no,,,,,146.8527875966237,90.4151286,23.8927933,90.4150785,23.8914688
way/306064932,residential,no,,,,,403.03735415336126,90.4160834,23.8934702,90.419303,23.8933807
way/306064933,residential,no,,,,,112.60214258596542,90.4167951,23.8936803,90.4167943,23.8946965
way/500638181,residential,no,,,,,164.60334317701208,90.4194124,23.8920905,90.41799,23.8915482
way/500638190,residential,no,,,,,31.187859660505246,90.4182807,23.8926219,90.4182582,23.8929026
way/501105356,residential,no,,,,,66.45418465043464,90.4190221,23.894688,90.4187566,23.8941402
way/501105357,residential,no,,,,,65.50627940419416,90.4182789,23.8950959,90.4180404,23.8945469
way/501105364,residential,no,,,,,93.13103387391794,90.4193968,23.8945488,90.4191039,23.8937553
way/1219057314,residential,no,,,,,215.7712890192976,90.4166128,23.8935493,90.4162023,23.89544
way/337766287,residential,no,residential,,,,459.05482908402166,90.3920708,23.8986874,90.3920708,23.8986874
way/337766374,residential,no,,,,,48.12716075747447,90.3933743,23.8985998,90.3931009,23.8989425
way/502531919,residential,no,,,,,83.46531054661642,90.3883586,23.8977614,90.3891778,23.8977697
way/1270388545,residential,no,residential,,,,32.17265072782443,90.3926173,23.8992909,90.3926173,23.8992909
way/1354892434,residential,no,,,,,76.67831261212663,90.3915234,23.8997482,90.3912233,23.9003828
way/1355338988,residential,no,,,,,148.18534779302217,90.391025,23.8979019,90.3920708,23.8986874
way/40214898,tertiary,no,K.B.M. Rd,2,concrete,,761.9269160955159,90.3990494,23.8987109,90.4065088,23.8982311
way/1333542823,residential,no,,2,,,225.30307295594636,90.4008231,23.9006247,90.4006782,23.8985958
way/509396655,residential,no,,,,,415.9189817861638,90.4096788,23.9028492,90.4094,23.8992577
way/730887833,residential,no,,,,,222.23700188955465,90.4131429,23.8996635,90.4129026,23.9014382
way/345695314,residential,no,residential,,,,1440.763685266224,90.4206215,23.8988494,90.40937,23.8990422
way/906078634,primary,no,Tongi Kaliganj Highway,,asphalt,,2540.4388180347005,90.4091755,23.8978202,90.424701,23.9150061
way/730887831,residential,no,,,,,197.2837599452997,90.4162412,23.8983867,90.4180947,23.8981462
